No,区分,種別,タイトル案1（推奨）,タイトル案2,タイトル案3,サムネ：悩み,サムネ：タイトル,サムネ：訴求,構成案（本文の見出しから自動生成）,"本文（約2,000〜2,500字・コピペ用）",文字数（URL除く）,Threads投稿案,Threads コメント欄,要確認・注意,ステータス
17,一般転職,実例,【転職体験記No.17】倉庫管理（高卒）→人材業界 ＜「車も結婚も、俺には無理っすよね」24歳の第一声＞,高卒・倉庫勤務から人材業界へ。24歳が武器にしたのは『エクセル』だった【転職体験記No.17】,「スキルがない」と思っている人ほど、実は武器を持っている。年収320万の24歳の話,高卒・スキルなし・年収320万…,"高卒の倉庫勤務が
人材業界へ。武器は『エクセル』",3社受けて1社内定。年収320万→500万,"0. PR表記／導入／共感3つ／★CTA①（LINE診断）
こんな悩み、ありませんか？
1. プロフィールと、動いた理由
2. 条件を、並べてみる
3. 3社受けて1社内定。何が評価されたか
4. 選考の流れ（応募から内定まで・想定）
5. 入ってから「聞いていなかった」となりやすい3つ
6. 1年後のリアル
7. この事例から持ち帰れる5つ
8. 選考で見られたポイント5つ
9. スキルに自信がない方が、次を探すなら（PR）
まとめ
出典・注記
（3と4の間に★CTA②／最後にCTA③）","※本記事にはアフィリエイト広告（PR）を含みます（第9章に明記）。

「高卒で、倉庫勤務で、年収320万。車も結婚も、俺には無理っすよね」。面談室に入ってきた24歳の彼は、最初からあきらめ顔でした。

■ こんな悩み、ありませんか？
✔学歴もスキルもなくて、転職できる気がしない
✔今の給料では、車も結婚も現実的じゃない
✔とにかく稼げるようになりたい

この記事でわかるのは、①スキルがないと感じる人の、強みの見つけ方、②入ってから「聞いていなかった」となりやすい3つ、③選考で見られたポイント5つ、の3点です。

▼ 先に結論だけ知りたい方へ（PR）
LINE診断（5問・30秒）で、職種・年代・年収・重視すること・時期から、条件に合うサービスを2つに絞れます。
▶ 自分に合う転職サービスを30秒で診断（無料）（LINE診断）
https://career-line-bot.career-line-bot.workers.dev/l/note-g17

■ 1. プロフィールと、動いた理由
24歳、高卒で倉庫の管理業をしていた男性です。「車が欲しい、結婚したい。でも今の給料では無理だ」と、最初からあきらめ顔でした。学歴もスキルもない自分が転職できるとは思えない。そんな状態で面談室に来てくれました。そこで選んだのが、未経験でもキャリアを作りやすい人材業界でした。

■ 2. 条件を、並べてみる
・転職前の年収：320万円
・転職後の年収：500万円
・年収差：+180万円
・1年目：400万円＋賞与100万円
・2年目：430万円＋賞与230万円（年収約660万円）
※1年目は月給＋賞与、2年目は月給が上がり賞与も増えて、年収約660万円になっています。業績や評価に連動するため、入社時点で保証される金額ではありません。

■ 3. 3社受けて1社内定。何が評価されたか
応募は3社、内定は1社で、そこに決めました。評価されたのは、稼ぎたいという強い動機と、倉庫の管理業で身につけたエクセルのスキルです。本人は「そんなの誰でもできる」と思っていましたが、実務で使える人は意外と少なく、面接では具体的な使い方を話せたことが効きました。

▼ 同じ条件で、いま求人が出るか確かめたい方は、こちらから（PR）
▶ 20代向けの総合型エージェント（Yume Career）
https://px.a8.net/svt/ejp?a8mat=4BC9F9+77L0J6+5PWS+BXB8X&a8sns=note
▶ 自分に合う転職サービスを30秒で診断（無料）（LINE診断）
https://career-line-bot.career-line-bot.workers.dev/l/note-g17

■ 4. 選考の流れ（応募から内定まで・想定）
1週目：エージェントと面談。「エクセルを毎日使っていた」ことを言葉にする
2週目：3社に応募。書類は全社通過
3〜4週目：1社目・2社目の面接。動機（車と結婚のために稼ぎたい）をそのまま話す
5週目：3社目の面接。エクセルの具体的な使い方（在庫表・集計）を説明
6週目：1社から内定・承諾

■ 5. 入ってから「聞いていなかった」となりやすい3つ
1. 営業目標：数字を追う仕事なので、入社後の目標の重さを確認します
2. 給与の構成：月給・賞与・インセンティブの割合を確認します
3. 研修の期間：入社後、どれくらいで独り立ちできるかを確認します

■ 6. 1年後のリアル
【想定】1年目は月給に賞与100万円を加えて年収約500万円、2年目は月給が上がり賞与も増えて年収約660万円になりました。ただ、成果を求められる環境で、数字の重さも感じています。

■ 7. この事例から持ち帰れる5つ
人材業界は、スキルがなくても取り組める仕事です。私自身、入ったときは何のスキルもありませんでした。この人の場合、エクセルという“自分では気づけない強み”があった。エージェントの仕事の半分は、それを一緒に見つけることだと思っています。
1. 「スキルがない」と思っている人ほど、武器を持っている
2. エクセルのような基本スキルも、選考で評価される
3. 稼ぎたい動機は、隠さずに伝えていい
4. 賞与・インセンティブは、会社と評価で変わる
5. 自分では気づけない強みは、第三者と探す

■ 8. 選考で見られたポイント5つ
1. 稼ぎたい理由が、具体的で正直か
2. 倉庫の管理業で使った、エクセルの具体的な使い方
3. 数字を追う仕事に、向き合えるか
4. 入社後に、学び続ける姿勢があるか
5. 面談での受け答えと、礼儀

■ 9. スキルに自信がない方が、次を探すなら（PR）
「スキルがない」と思っている人ほど、実は武器を持っています。彼の場合はエクセルでした。自分では気づけない強みを見つけるのも、エージェントの仕事です。まずは話してみてください↓
【読まなくていい人】すでに次の職場が決まっている方／今の年収に満足している方
【読んでほしい人】学歴やスキルに自信がなく、稼げる仕事に移りたい方
〈登録の流れ〉
① 「なぜ稼ぎたいか」と「今できること」を紙に書く
② 下のリンクから登録し、『未経験・学歴不問で稼げる仕事』の条件をそのまま伝える
③ 出てきた求人を、第8章の5つで確認する
登録・相談に費用はかかりません（詳細は各社の公式サイトで確認してください）。
電話が不安な方は、登録時の備考欄に「連絡はメール希望」など、希望の連絡方法を書いておくと安心です。
〈どちらから動く？〉
今週中に動きたい方 → 専門のエージェントに、条件をそのまま伝える
▶ 20代向けの総合型エージェント（Yume Career）
https://px.a8.net/svt/ejp?a8mat=4BC9F9+77L0J6+5PWS+BXB8X&a8sns=note
▶ 第二新卒・既卒向けの転職支援（第二新卒エージェントneo）
https://px.a8.net/svt/ejp?a8mat=4BC9F9+6TW1MA+3Y6M+65ME9&a8sns=note
まず条件を整理したい方 → LINE診断で2つに絞る（30秒）
▶ 自分に合う転職サービスを30秒で診断（LINE・無料）
https://career-line-bot.career-line-bot.workers.dev/l/note-g17

■ まとめ
・スキルがないと思う人ほど、強みに気づいていない
・稼ぎたい動機は、選考でも武器になる
・賞与・インセンティブは保証ではないので、確認して比べる
迷ったら、まず30秒の診断から。
▶ 自分に合う転職サービスを30秒で診断（LINE・無料）
https://career-line-bot.career-line-bot.workers.dev/l/note-g17

■ 出典・注記
面談記録をもとに、年齢・地域・施設名（会社名）を加工し、一部を再構成しています。時間割・エピソードは想定を含みます。数字は目安で、実際の条件・勤務時間で変わります。

次回は、「人材（エッセンシャル）→人材（ハイクラス）」の話を書きます。マガジンをフォローしておくと届きます。",2579,"【PR】高卒・スキルなし・年収320万…

高卒の倉庫勤務が 人材業界へ。武器は『エクセル』
3社受けて1社内定。年収320万→500万

倉庫管理（高卒）→人材業界の話を、数字ごとnoteに書きました。
▼ コメント欄へ","noteはこちら → 【noteのURL】
（PR）30秒診断（LINE・無料）→ https://career-line-bot.career-line-bot.workers.dev/l/note-g17
（PR）20代向けの総合型エージェント（Yume Career）→ https://px.a8.net/svt/ejp?a8mat=4BC9F9+77L0J6+5PWS+BXB8X&a8sns=note","・実例：年齢は「20代前半」にぼかす／会社名は出さない
・年収は500万円と約660万円（2年目）の両方が出るため、どちらの話かを本文で明確に
・賞与・インセンは会社・評価次第と明記",下書き
18,一般転職,実例,【転職体験記No.18】人材（エッセンシャル）→人材（ハイクラス） ＜「自分のキャリアが一番分からないんです」29歳の同業者＞,人材業界の『介在価値って何？』問題。29歳が出した答えと、転職の中身【転職体験記No.18】,人材紹介で成果は出していた。それでも辞めた理由と、その後の年収の話,成果は出てるのに、モヤモヤする…,"人材業界の『介在価値って何？』
29歳が出した答え",エッセンシャル→ハイクラスの現実,"0. PR表記／導入／共感3つ／★CTA①（LINE診断）
こんな悩み、ありませんか？
1. プロフィールと、動いた理由
2. 条件を、並べてみる
3. 選考のリアルと、構造の違い
4. 選考の流れ（応募から内定まで・想定）
5. 入ってから「聞いていなかった」となりやすい3つ
6. 1年後のリアル
7. この事例から持ち帰れる5つ
8. 選考で見られたポイント5つ
9. 人材業界の方が、次のキャリアを考えるなら（PR）
まとめ
出典・注記
（3と4の間に★CTA②／最後にCTA③）","※本記事にはアフィリエイト広告（PR）を含みます（第9章に明記）。

「人の転職を支援してるのに、自分のキャリアが一番分からないんです」。同業の29歳から、そんな相談を受けました。私自身も昔、まったく同じことで悩んでいました。

■ こんな悩み、ありませんか？
✔人材業界で成果は出しているけど、“介在価値”に迷っている
✔もっと経営に近いところで仕事がしたい
✔人材の次のキャリアが見えない

この記事でわかるのは、①人材業界のあとの選択肢、②入ってから「聞いていなかった」となりやすい3つ、③選考で見られたポイント5つ、の3点です。

▼ 先に結論だけ知りたい方へ（PR）
LINE診断（5問・30秒）で、職種・年代・年収・重視すること・時期から、条件に合うサービスを2つに絞れます。
▶ 自分に合う転職サービスを30秒で診断（無料）（LINE診断）
https://career-line-bot.career-line-bot.workers.dev/l/note-g18

■ 1. プロフィールと、動いた理由
29歳、人材業界（医療福祉領域）で一定の成果を出していた方です。ただ「自分がいる意味（介在価値）は何か」に行き詰まり、もっと経営に近い場所で働きたいと考えるようになりました。同業の私にとって、他人事ではない相談でした。

■ 2. 条件を、並べてみる
・転職前：年収720万円（年俸500万円＋賞与）
・転職後：年俸480万円＋賞与
・賞与の仕組み：（売上−給与）×30%
※転職後の総年収は、賞与の出方によって変わります。年俸は下がり、賞与は成果連動になっています。

■ 3. 選考のリアルと、構造の違い
人材紹介の出身なので、ある程度シナジーはあります。ただ、医療福祉の紹介とハイクラス（M&Aやコンサルなど）では、仕事の構造がかなり異なります。そこを理解した上で、なぜ領域を変えるのかを自分の言葉で語れるかが選考の中心でした。

▼ 同じ条件で、いま求人が出るか確かめたい方は、こちらから（PR）
▶ 営業・ハイキャリア寄りの転職支援（Groovement Agent）
https://px.a8.net/svt/ejp?a8mat=4BC9F9+6V2WTU+4SXU+NUMHT&a8sns=note
▶ 自分に合う転職サービスを30秒で診断（無料）（LINE診断）
https://career-line-bot.career-line-bot.workers.dev/l/note-g18

■ 4. 選考の流れ（応募から内定まで・想定）
1週目：エージェントと面談。「介在価値」の悩みを言葉にする
2週目：ハイクラス領域の求人を3社に絞る
3〜4週目：1・2社目の面接。なぜ領域を変えるのかを話す
5週目：最終面接。医療福祉とハイクラスの構造の違いを説明
6週目：内定・承諾

■ 5. 入ってから「聞いていなかった」となりやすい3つ
1. 固定給と賞与の比率：年俸が下がり、成果連動の部分が増えます
2. 成果の出し方：医療福祉の紹介とは、営業の進め方が違います
3. 評価の仕組み：（売上−給与）に掛け率がかかる形で、賞与が決まります

■ 6. 1年後のリアル
【想定】固定が下がった分、成果が出た年と出ない年で、年収の差を感じています。仕組みが分かってきてからは、数字の作り方が見えてきました。

■ 7. この事例から持ち帰れる5つ
人材業界はかなり細かく分かれていて、キャリアに悩む人も多い業界です。私もその一人でした。選択肢は、人材から人材、無形商材の営業、コンサルなど意外と広い。まず自分の軸を言葉にするところから始めると、迷いが減ります。
1. 人材のあとは、人材・無形商材・コンサルなど選択肢が広い
2. 自分の軸を言葉にするところから始める
3. 年俸が下がっても、賞与の仕組みまで含めて比べる
4. 同業の経験は、シナジーがある
5. 領域を変える理由を、自分の言葉で語る

■ 8. 選考で見られたポイント5つ
1. なぜ今の領域から変えるのか、自分の言葉で話せるか
2. 医療福祉の紹介での実績と、数字での成果
3. ハイクラス領域の構造への理解
4. 経営に近い仕事への意欲
5. 入社後にどう貢献したいか

■ 9. 人材業界の方が、次のキャリアを考えるなら（PR）
人材業界からのキャリアは、人材→人材、無形商材、コンサルなど意外と広いです。自分の軸を言葉にするところから、一緒に考えてみませんか↓
【読まなくていい人】今の領域に満足している方／人材業界に関わっていない方
【読んでほしい人】人材業界で成果は出ているが、次のキャリアに迷っている方
〈登録の流れ〉
① 「何を大事にしたいか」（年収・裁量・経営との距離）を決める
② 下のリンクから登録し、『人材業界の経験を活かせるハイクラス求人』をそのまま伝える
③ 出てきた求人を、第8章の5つで確認する
登録・相談に費用はかかりません（詳細は各社の公式サイトで確認してください）。
電話が不安な方は、登録時の備考欄に「連絡はメール希望」など、希望の連絡方法を書いておくと安心です。
〈どちらから動く？〉
今週中に動きたい方 → 専門のエージェントに、条件をそのまま伝える
▶ 営業・ハイキャリア寄りの転職支援（Groovement Agent）
https://px.a8.net/svt/ejp?a8mat=4BC9F9+6V2WTU+4SXU+NUMHT&a8sns=note
▶ 若手ハイクラス向けの転職支援（ASSIGN）
https://px.a8.net/svt/ejp?a8mat=4BC36H+AP7H6A+49JS+BXIYP&a8sns=note
まず条件を整理したい方 → LINE診断で2つに絞る（30秒）
▶ 自分に合う転職サービスを30秒で診断（LINE・無料）
https://career-line-bot.career-line-bot.workers.dev/l/note-g18

■ まとめ
・人材業界の次のキャリアは、意外と広い
・まず、自分の軸を言葉にする
・年俸と賞与の仕組みを、数字で比べる
迷ったら、まず30秒の診断から。
▶ 自分に合う転職サービスを30秒で診断（LINE・無料）
https://career-line-bot.career-line-bot.workers.dev/l/note-g18

■ 出典・注記
面談記録をもとに、年齢・地域・施設名（会社名）を加工し、一部を再構成しています。時間割・エピソードは想定を含みます。数字は目安で、実際の条件・勤務時間で変わります。

次回は、「不動産→M&A仲介」の話を書きます。マガジンをフォローしておくと届きます。",2381,"【PR】成果は出てるのに、モヤモヤする…

人材業界の『介在価値って何？』 29歳が出した答え
エッセンシャル→ハイクラスの現実

人材（エッセンシャル）→人材（ハイクラス）の話を、数字ごとnoteに書きました。
▼ コメント欄へ","noteはこちら → 【noteのURL】
（PR）30秒診断（LINE・無料）→ https://career-line-bot.career-line-bot.workers.dev/l/note-g18
（PR）営業・ハイキャリア寄りの転職支援（Groovement Agent）→ https://px.a8.net/svt/ejp?a8mat=4BC9F9+6V2WTU+4SXU+NUMHT&a8sns=note","・実例：同業の相談。年齢は「20代後半」にぼかす
・転職後の総年収が未記載。入れる場合は実例で確認
・「ハイクラス」という言葉に年収の保証はない旨を書く",下書き
19,一般転職,実例,【転職体験記No.19】不動産→M&A仲介 ＜「夢はゲレンデとランクルの2台持ちです」27歳＞,不動産営業からM&A仲介へ。『年収青天井』の裏側と、それでも選んだ27歳の覚悟【転職体験記No.19】,M&A仲介は7社受けて4社通過。稼ぎたい27歳が評価された意外なポイント,とにかく稼ぎたい。でも通用する？,"不動産営業→M&A仲介
『青天井』の裏側",7社応募→4社通過→1社内定,"0. PR表記／導入／共感3つ／★CTA①（LINE診断）
こんな悩み、ありませんか？
1. プロフィールと、動いた理由
2. 条件を、並べてみる
3. 7社書類→4社通過→1社内定
4. 選考の流れ（応募から内定まで・想定）
5. 入ってから「聞いていなかった」となりやすい3つ
6. 1年後のリアル
7. この事例から持ち帰れる5つ
8. 選考で見られたポイント5つ
9. 稼げる仕事を探す営業の方が、M&Aを考えるなら（PR）
まとめ
出典・注記
（3と4の間に★CTA②／最後にCTA③）","※本記事にはアフィリエイト広告（PR）を含みます（第9章に明記）。

「夢はゲレンデとランクルの2台持ちです」。27歳の彼は、真顔でそう言いました。この人は稼げるな、と私は思いました。

■ こんな悩み、ありませんか？
✔とにかく年収を上げたい。ハードワークは覚悟の上
✔M&A業界に興味はあるけど、自分が通用するか分からない
✔結婚を控えて、稼げる土台を作りたい

この記事でわかるのは、①M&A仲介の給与の仕組み、②入ってから「聞いていなかった」となりやすい3つ、③選考で見られたポイント5つ、の3点です。

▼ 先に結論だけ知りたい方へ（PR）
LINE診断（5問・30秒）で、職種・年代・年収・重視すること・時期から、条件に合うサービスを2つに絞れます。
▶ 自分に合う転職サービスを30秒で診断（無料）（LINE診断）
https://career-line-bot.career-line-bot.workers.dev/l/note-g19

■ 1. プロフィールと、動いた理由
27歳、不動産営業の男性です。将来の夢はベンツのゲレンデとランクルの2台持ち。そのために年収を上げられるだけ上げたい、結婚も控えているのでハードワークは覚悟の上、という相談でした。私は面談の最初の5分で「この人は稼げるな」と思いました。

■ 2. 条件を、並べてみる
・転職前：年収620万円
・転職後：年俸500万円＋インセンティブ（青天井）
※固定は下がり、インセンティブで上を狙う設計です。インセンティブの金額は成果次第で、保証ではありません。

■ 3. 7社書類→4社通過→1社内定
大手M&A仲介を7社受けて、書類が通ったのが4社、内定は1社で承諾しました。評価されたのは、とにかく稼ぎたいというマネーモチベーションと、不動産営業で培った体力と礼節です。

▼ 同じ条件で、いま求人が出るか確かめたい方は、こちらから（PR）
▶ M&A業界の転職支援（M&A BEGINNERS）
https://px.a8.net/svt/ejp?a8mat=4BC9F9+56CP4I+5W6C+HV7V6&a8sns=note
▶ 自分に合う転職サービスを30秒で診断（無料）（LINE診断）
https://career-line-bot.career-line-bot.workers.dev/l/note-g19

■ 4. 選考の流れ（応募から内定まで・想定）
1〜2週目：エージェントと面談・書類の作成（体力と礼節を強みに）
3週目：大手M&A仲介7社に応募
4週目：書類が通ったのは4社
5〜6週目：面接（稼ぎたい理由と目標を話す）
7週目：1社から内定・承諾

■ 5. 入ってから「聞いていなかった」となりやすい3つ
1. 固定は下がる：年俸は500万円で、前職の年収より下がることがあります
2. インセンティブの条件：達成の基準と、支払いの時期を確認します
3. ハードワーク：稼げる分、働く時間も長くなります

■ 6. 1年後のリアル
【想定】入社直後は固定給が下がった分、生活の見直しが必要でした。一方、成果が出始めてからは、インセンティブの伸びを実感しています。数年後の到達点は、まだこれからです。

■ 7. この事例から持ち帰れる5つ
M&A業界は平均年収2000万円に届く会社も多く、選考のハードルも高いです。稼いでいる人は5000万円という話も聞きます。ただ現実的には、会社選びで働き方も年収も大きく変わります。業界に強いエージェントを味方にするのが近道です。
1. 「青天井」は、条件と責任とセット
2. 稼ぎたい動機と体力は、選考で評価される
3. 会社選びで、働き方も年収も変わる
4. 固定と変動の比率を、先に確認する
5. 業界に強いエージェントを味方につける

■ 8. 選考で見られたポイント5つ
1. 稼ぎたい理由と、夢の具体性
2. 不動産営業で培った、体力と礼節
3. 数字への執着と、実績
4. ハードワークへの覚悟
5. 入社後の学ぶ姿勢

■ 9. 稼げる仕事を探す営業の方が、M&Aを考えるなら（PR）
M&A業界は稼げる一方で、会社選びで働き方も年収も大きく変わります。選考のハードルも高いので、業界に強いエージェントを味方につけるのがおすすめです↓
【読まなくていい人】今の年収と働き方に満足している方／ハードワークを避けたい方
【読んでほしい人】とにかく稼ぎたい。ハードワークは覚悟の上、という方
〈登録の流れ〉
① 「固定でいくら」「ハードワークの許容」を決める
② 下のリンクから登録し、『M&A仲介・インセンティブ型』の条件をそのまま伝える
③ 出てきた求人を、第8章の5つで確認する
登録・相談に費用はかかりません（詳細は各社の公式サイトで確認してください）。
電話が不安な方は、登録時の備考欄に「連絡はメール希望」など、希望の連絡方法を書いておくと安心です。
〈どちらから動く？〉
今週中に動きたい方 → 専門のエージェントに、条件をそのまま伝える
▶ M&A業界の転職支援（M&A BEGINNERS）
https://px.a8.net/svt/ejp?a8mat=4BC9F9+56CP4I+5W6C+HV7V6&a8sns=note
▶ M&A業界特化の転職支援（NewMA）
https://px.a8.net/svt/ejp?a8mat=4BC9F9+6D7WOI+5YCE+5YJRM&a8sns=note
まず条件を整理したい方 → LINE診断で2つに絞る（30秒）
▶ 自分に合う転職サービスを30秒で診断（LINE・無料）
https://career-line-bot.career-line-bot.workers.dev/l/note-g19

■ まとめ
・M&A仲介は稼げる一方、会社選びで働き方も年収も変わる
・固定と変動の比率を先に確認する
・選考のハードルが高いので、業界に強いエージェントを使う
迷ったら、まず30秒の診断から。
▶ 自分に合う転職サービスを30秒で診断（LINE・無料）
https://career-line-bot.career-line-bot.workers.dev/l/note-g19

■ 出典・注記
面談記録をもとに、年齢・地域・施設名（会社名）を加工し、一部を再構成しています。時間割・エピソードは想定を含みます。数字は目安で、実際の条件・勤務時間で変わります。

次回は、「携帯ショップ販売→SaaSインサイドセールス」の話を書きます。マガジンをフォローしておくと届きます。",2317,"【PR】とにかく稼ぎたい。でも通用する？

不動産営業→M&A仲介 『青天井』の裏側
7社応募→4社通過→1社内定

不動産→M&A仲介の話を、数字ごとnoteに書きました。
▼ コメント欄へ","noteはこちら → 【noteのURL】
（PR）30秒診断（LINE・無料）→ https://career-line-bot.career-line-bot.workers.dev/l/note-g19
（PR）M&A業界の転職支援（M&A BEGINNERS）→ https://px.a8.net/svt/ejp?a8mat=4BC9F9+56CP4I+5W6C+HV7V6&a8sns=note","・実例：年齢は「20代後半」にぼかす
・「平均2000万」「5000万」は業界一般の話として出典を確認（ネタ帳の担当者の発言）
・年収の保証ではないと明記",下書き
20,一般転職,モデルケース,【転職体験記No.20】携帯ショップ販売→SaaSインサイドセールス ＜「販売しかやってないので、ITは無理ですよね」26歳＞,携帯ショップ店員からSaaSのインサイドセールスへ。未経験でIT業界に入れた理由【転職体験記No.20】,土日出勤とノルマに疲れた26歳が、『聞く力』だけでIT業界に入った話,販売しか経験がない…IT無理？,"携帯ショップ店員が
SaaSのインサイドセールスへ",4社応募→2社内定。350万→430万,"0. PR表記／導入／共感3つ／★CTA①（LINE診断）
こんな悩み、ありませんか？
1. プロフィールと、動いた理由
2. 条件を、並べてみる
3. 4社応募→2社内定。評価されたポイント
4. 選考の流れ（応募から内定まで・想定）
5. 入ってから「聞いていなかった」となりやすい3つ
6. 1年後のリアル
7. この事例から持ち帰れる5つ
8. 選考で見られたポイント5つ
9. 販売・接客の方が、IT業界を目指すなら（PR）
まとめ
出典・注記
（3と4の間に★CTA②／最後にCTA③）","※本記事にはアフィリエイト広告（PR）を含みます（第9章に明記）。
※この記事は、複数の相談事例をもとにした想定ケース（モデルケース）です。実在の特定の方の話ではありません。

「販売しかやったことないので、ITとか法人営業は無理ですよね」。携帯ショップで働く26歳の男性でした。

■ こんな悩み、ありませんか？
✔土日出勤とノルマに疲れている
✔販売・接客の経験しかない
✔IT業界に興味はあるけど、未経験だから無理だと思っている

この記事でわかるのは、①未経験でIT業界に入る流れ、②入ってから「聞いていなかった」となりやすい3つ、③選考で見られたポイント5つ、の3点です。

▼ 先に結論だけ知りたい方へ（PR）
LINE診断（5問・30秒）で、職種・年代・年収・重視すること・時期から、条件に合うサービスを2つに絞れます。
▶ 自分に合う転職サービスを30秒で診断（無料）（LINE診断）
https://career-line-bot.career-line-bot.workers.dev/l/note-g20

■ 1. プロフィールと、動いた理由
26歳、携帯ショップで販売をしていた男性の、モデルケースです。土日出勤とノルマに疲れ、販売の経験しかない自分に法人営業やIT業界は無理だと思っていました。

■ 2. 条件を、並べてみる
・転職前：月給27万円＋賞与（年収350万円）
・転職後：月給30万円＋賞与・インセン（年収430万円）
・年収差：+80万円
※モデルケースの数字です。会社・評価によって変わります。

■ 3. 4社応募→2社内定。評価されたポイント
4社に応募して2社から内定。評価されたのは、顧客の話を聞いて提案する接客経験と、目標を達成するまで粘る姿勢でした。

▼ 同じ条件で、いま求人が出るか確かめたい方は、こちらから（PR）
▶ 20代の未経験転職に強い支援（UZUZ（ウズウズ））
https://px.a8.net/svt/ejp?a8mat=4BCBRC+DQR8HE+33T0+60WN5&a8sns=note
▶ 自分に合う転職サービスを30秒で診断（無料）（LINE診断）
https://career-line-bot.career-line-bot.workers.dev/l/note-g20

■ 4. 選考の流れ（応募から内定まで・想定）
1週目：エージェントと面談。接客経験を「聞く力」として言葉にする
2週目：未経験OKのインサイドセールス求人に4社応募
3〜4週目：面接。ロールプレイ形式の選考が1社
5週目：2社から内定
6週目：条件を比べて、1社を承諾

■ 5. 入ってから「聞いていなかった」となりやすい3つ
1. 数字の追い方：架電・アポの数字を、毎日見る仕事です
2. 研修の質：会社ごとに、成長のスピードが変わります
3. インセンティブの仕組み：月給とインセンの割合を確認します

■ 6. 1年後のリアル
【想定】最初の3ヶ月は研修と同行で、アポの数字が伸びませんでした。半年たつころ、聞く力を活かした提案が増え、成果が出るようになっています。土日休みで、生活のリズムが変わりました。

■ 7. この事例から持ち帰れる5つ
販売・接客からインサイドセールスは、未経験からIT業界に入る王道のルートです。土日休み・リモート可の企業も多くあります。コツは「聞く力」を、商談の言葉に置き換えて話すことです。
1. 販売・接客の「聞く力」は、インサイドセールスでそのまま使える
2. 未経験OKの求人は、探せばある
3. 土日休み・リモート可の企業も多い
4. 研修と評価の仕組みは、入社前に確認する
5. 経験を「商談の言葉」に置き換える

■ 8. 選考で見られたポイント5つ
1. 顧客の話を聞いて、提案した経験
2. 目標を達成するまで、粘った実績
3. なぜIT・法人営業に移りたいか
4. 学び続ける姿勢
5. 面接での受け答えの丁寧さ

■ 9. 販売・接客の方が、IT業界を目指すなら（PR）
販売・接客で培った「聞く力」は、インサイドセールスでそのまま活きます。未経験からIT業界に入る人の王道ルートです。まずは未経験OKの求人を見てみてください↓
【読まなくていい人】今の販売の仕事に満足している方／IT業界に興味がない方
【読んでほしい人】販売・接客の経験しかなく、IT業界に移れるか迷っている方
〈登録の流れ〉
① 「土日休み」「未経験OK」など、譲れない条件を3つ決める
② 下のリンクから登録し、経験を「聞く力」「目標達成」で伝える
③ 出てきた求人を、第8章の5つで確認する
登録・相談に費用はかかりません（詳細は各社の公式サイトで確認してください）。
電話が不安な方は、登録時の備考欄に「連絡はメール希望」など、希望の連絡方法を書いておくと安心です。
〈どちらから動く？〉
今週中に動きたい方 → 専門のエージェントに、条件をそのまま伝える
▶ 20代の未経験転職に強い支援（UZUZ（ウズウズ））
https://px.a8.net/svt/ejp?a8mat=4BCBRC+DQR8HE+33T0+60WN5&a8sns=note
▶ 未経験からのIT転職支援（ウズウズIT）
https://px.a8.net/svt/ejp?a8mat=4BC9F9+79DCW2+33T0+1BMW42&a8sns=note
まず条件を整理したい方 → LINE診断で2つに絞る（30秒）
▶ 自分に合う転職サービスを30秒で診断（LINE・無料）
https://career-line-bot.career-line-bot.workers.dev/l/note-g20

■ まとめ
・接客の聞く力は、インサイドセールスで評価される
・未経験OKで土日休みの求人は、探せばある
・研修とインセンの仕組みを、先に確認する
迷ったら、まず30秒の診断から。
▶ 自分に合う転職サービスを30秒で診断（LINE・無料）
https://career-line-bot.career-line-bot.workers.dev/l/note-g20

■ 出典・注記
この記事は想定事例です。時間割・エピソードを含め、相談事例をもとに設定した例で、実在の特定の方の話ではありません。実際の年収・条件は、会社・評価・経験によって変わります。

次回は、「不動産売買仲介→SaaSフィールドセールス」の話を書きます。マガジンをフォローしておくと届きます。",2283,"【PR】販売しか経験がない…IT無理？

携帯ショップ店員が SaaSのインサイドセールスへ
4社応募→2社内定。350万→430万

携帯ショップ販売→SaaSインサイドセールスの話を、数字ごとnoteに書きました。
▼ コメント欄へ","noteはこちら → 【noteのURL】
（PR）30秒診断（LINE・無料）→ https://career-line-bot.career-line-bot.workers.dev/l/note-g20
（PR）20代の未経験転職に強い支援（UZUZ（ウズウズ））→ https://px.a8.net/svt/ejp?a8mat=4BCBRC+DQR8HE+33T0+60WN5&a8sns=note","・モデルケース：本文で「実際の担当者ではなく想定事例」と明記する
・実例に差し替えるときは年齢を「20代半ば」に
・IT未経験OKの求人数は公開情報で確認",下書き
21,一般転職,モデルケース,【転職体験記No.21】不動産売買仲介→SaaSフィールドセールス ＜「来年も同じだけ稼げる自信は、一度もなかった」30歳＞,不動産営業からSaaSへ。『歩合の不安』から抜け出して年収も上がった30歳の話【転職体験記No.21】,歩合頼みで年収が毎年ブレる…固定540万円に変えた30歳の選択,歩合頼みで毎年ブレる年収…,"不動産営業→SaaSへ
歩合の不安から抜け出した",550万→650万。固定が上がった,"0. PR表記／導入／共感3つ／★CTA①（LINE診断）
こんな悩み、ありませんか？
1. プロフィールと、動いた理由
2. 条件を、並べてみる
3. 5社応募→2社内定。評価されたポイント
4. 選考の流れ（応募から内定まで・想定）
5. 入ってから「聞いていなかった」となりやすい3つ
6. 1年後のリアル
7. この事例から持ち帰れる5つ
8. 選考で見られたポイント5つ
9. 歩合の営業から、次を考えるなら（PR）
まとめ
出典・注記
（3と4の間に★CTA②／最後にCTA③）","※本記事にはアフィリエイト広告（PR）を含みます（第9章に明記）。
※この記事は、複数の相談事例をもとにした想定ケース（モデルケース）です。実在の特定の方の話ではありません。

「いい年もあるんです。でも、来年も同じだけ稼げる自信は一度もなかった」。不動産売買の営業をしていた30歳の男性でした。

■ こんな悩み、ありませんか？
✔歩合頼みで、年収が毎年大きくブレる
✔休日も電話対応に追われている
✔不動産以外で自分の営業力が通用するか分からない

この記事でわかるのは、①歩合と固定給の違い、②入ってから「聞いていなかった」となりやすい3つ、③選考で見られたポイント5つ、の3点です。

▼ 先に結論だけ知りたい方へ（PR）
LINE診断（5問・30秒）で、職種・年代・年収・重視すること・時期から、条件に合うサービスを2つに絞れます。
▶ 自分に合う転職サービスを30秒で診断（無料）（LINE診断）
https://career-line-bot.career-line-bot.workers.dev/l/note-g21

■ 1. プロフィールと、動いた理由
30歳、不動産売買の営業をしていた男性のモデルケースです。いい年もあるが、来年も同じだけ稼げる自信は一度もない。休日の電話対応にも疲れていました。

■ 2. 条件を、並べてみる
・転職前：固定300万円＋歩合（年によって±150万円）
・転職後：固定540万円＋インセン約110万円
・年収：550万円→650万円（+100万円）
※モデルケースの数字です。前職の歩合は年によって変動し、550万円は平均的な年の目安です。

■ 3. 5社応募→2社内定。評価されたポイント
5社に応募して2社から内定。評価されたのは、高単価商材の商談経験と、数字への執着でした。

▼ 同じ条件で、いま求人が出るか確かめたい方は、こちらから（PR）
▶ 営業・ITなど幅広い転職支援（sXars）
https://px.a8.net/svt/ejp?a8mat=4BC9F9+6HDZGI+5YHY+5YJRM&a8sns=note
▶ 自分に合う転職サービスを30秒で診断（無料）（LINE診断）
https://career-line-bot.career-line-bot.workers.dev/l/note-g21

■ 4. 選考の流れ（応募から内定まで・想定）
1週目：エージェントと面談。歩合の年収の「悪い年」も数字で整理
2〜3週目：SaaSのフィールドセールス5社に応募
4週目：面接。高単価商材の商談経験を具体例で説明
5週目：2社から内定
6週目：固定給の比率を比べて、1社を承諾

■ 5. 入ってから「聞いていなかった」となりやすい3つ
1. 商談の数と期間：SaaSは、契約までの期間が不動産と違うことがあります
2. インセンティブの条件：達成条件と、支払いの時期を確認します
3. 入社後の研修：プロダクト理解にかかる期間は、会社によって異なります

■ 6. 1年後のリアル
【想定】最初の数ヶ月は、商談の進め方の違いに戸惑いました。半年ほどで型がつかめ、固定給があるおかげで、月ごとの収入の不安は小さくなっています。休日の電話対応も減りました。

■ 7. この事例から持ち帰れる5つ
不動産営業の「高単価×クロージング力」は、SaaSでも通用します。最大のメリットは、固定給が上がって年収が安定することです。自分の営業力がどこで通用するかは、意外と自分では分かりません。
1. 歩合の年収は、平均ではなく「悪い年」で考える
2. 高単価営業の経験は、業界を越えて評価される
3. 固定給の比率が、生活の安定を決める
4. インセンティブは、条件と支払い時期まで確認する
5. 自分の営業力の市場価値は、外に出ないと分からない

■ 8. 選考で見られたポイント5つ
1. 高単価商材の商談経験と、具体的な数字
2. 数字への執着
3. クロージングまでの進め方を説明できるか
4. なぜSaaSに移るのか
5. 固定給と変動の考え方

■ 9. 歩合の営業から、次を考えるなら（PR）
高単価商材で鍛えたクロージング力は、SaaSでも高く評価されます。固定給が上がって年収が安定する人も多いです。自分の営業力がどこで通用するか、一度プロに聞いてみてください↓
【読まなくていい人】いまの年収と働き方に満足している方／歩合の仕事を続ける予定の方
【読んでほしい人】「来年も同じだけ稼げるか」に、不安が少しでもある方
〈登録の流れ〉
① 「固定でいくら欲しいか」を先に決める
② 下のリンクから登録し、その金額と経験（商材・件数）をそのまま伝える
③ 出てきた求人を、第8章の5つで確認する
登録・相談に費用はかかりません（詳細は各社の公式サイトで確認してください）。
電話が不安な方は、登録時の備考欄に「連絡はメール希望」など、希望の連絡方法を書いておくと安心です。
※sXarsは対象エリアがあるため、公式サイトで確認してください。
〈どちらから動く？〉
今週中に動きたい方 → 専門のエージェントに、条件をそのまま伝える
▶ 営業・ITなど幅広い転職支援（sXars）
https://px.a8.net/svt/ejp?a8mat=4BC9F9+6HDZGI+5YHY+5YJRM&a8sns=note
▶ 営業・ハイキャリア寄りの転職支援（Groovement Agent）
https://px.a8.net/svt/ejp?a8mat=4BC9F9+6V2WTU+4SXU+NUMHT&a8sns=note
まず条件を整理したい方 → LINE診断で2つに絞る（30秒）
▶ 自分に合う転職サービスを30秒で診断（LINE・無料）
https://career-line-bot.career-line-bot.workers.dev/l/note-g21

■ まとめ
・歩合の年収は、平均ではなく悪い年で考える
・高単価営業の経験は、SaaSでも評価される
・固定給の比率とインセンティブの条件を、必ず確認する
迷ったら、まず30秒の診断から。
▶ 自分に合う転職サービスを30秒で診断（LINE・無料）
https://career-line-bot.career-line-bot.workers.dev/l/note-g21

■ 出典・注記
この記事は想定事例です。時間割・エピソードを含め、相談事例をもとに設定した例で、実在の特定の方の話ではありません。実際の年収・条件は、会社・評価・経験によって変わります。

次回は、「人材派遣コーディネーター→IT人材紹介」の話を書きます。マガジンをフォローしておくと届きます。",2374,"【PR】歩合頼みで毎年ブレる年収…

不動産営業→SaaSへ 歩合の不安から抜け出した
550万→650万。固定が上がった

不動産売買仲介→SaaSフィールドセールスの話を、数字ごとnoteに書きました。
▼ コメント欄へ","noteはこちら → 【noteのURL】
（PR）30秒診断（LINE・無料）→ https://career-line-bot.career-line-bot.workers.dev/l/note-g21
（PR）営業・ITなど幅広い転職支援（sXars）→ https://px.a8.net/svt/ejp?a8mat=4BC9F9+6HDZGI+5YHY+5YJRM&a8sns=note","・モデルケース：想定事例と明記
・前職550万円は歩合の年によって幅があるため「目安」と書く
・sXarsは関西・関東などエリア制限があるため確認",下書き
22,一般転職,モデルケース,【転職体験記No.22】人材派遣コーディネーター→IT人材紹介 ＜「朝イチの電話が『明日スタッフ来ないんですけど！』」28歳＞,人材派遣からIT領域の人材紹介へ。同じ業界なのに年収+100万円になった理由【転職体験記No.22】,同じ人材業界でも『派遣』と『紹介』はまったく別物。28歳が選んだ道,穴埋め対応に追われる毎日…,"人材派遣→IT人材紹介
同じ業界で年収+100万",380万→480万。2年目は550万見込み,"0. PR表記／導入／共感3つ／★CTA①（LINE診断）
こんな悩み、ありませんか？
1. プロフィールと、動いた理由
2. 条件を、並べてみる
3. 3社応募→2社内定。評価されたポイント
4. 選考の流れ（応募から内定まで・想定）
5. 入ってから「聞いていなかった」となりやすい3つ
6. 1年後のリアル
7. この事例から持ち帰れる5つ
8. 選考で見られたポイント5つ
9. 派遣の方が、人材紹介を考えるなら（PR）
まとめ
出典・注記
（3と4の間に★CTA②／最後にCTA③）","※本記事にはアフィリエイト広告（PR）を含みます（第9章に明記）。
※この記事は、複数の相談事例をもとにした想定ケース（モデルケース）です。実在の特定の方の話ではありません。

「朝イチの電話が『明日スタッフ来ないんですけど！』なんです」。人材派遣のコーディネーター、28歳の女性でした。

■ こんな悩み、ありませんか？
✔トラブル対応に追われて、求職者と深く向き合えない
✔同じ人材業界でも、もっと専門性を身につけたい
✔年収を上げたい

この記事でわかるのは、①派遣と紹介の違い、②入ってから「聞いていなかった」となりやすい3つ、③選考で見られたポイント5つ、の3点です。

▼ 先に結論だけ知りたい方へ（PR）
LINE診断（5問・30秒）で、職種・年代・年収・重視すること・時期から、条件に合うサービスを2つに絞れます。
▶ 自分に合う転職サービスを30秒で診断（無料）（LINE診断）
https://career-line-bot.career-line-bot.workers.dev/l/note-g22

■ 1. プロフィールと、動いた理由
28歳、人材派遣のコーディネーターをしていた女性のモデルケースです。朝イチの電話は「明日スタッフが来ない」。穴埋め対応に追われ、もっと求職者のキャリアに深く関わりたいと感じていました。

■ 2. 条件を、並べてみる
・転職前：年収380万円
・転職後：年収480万円（インセン込み）
・年収差：+100万円
・2年目：550万円見込み
※モデルケースの数字です。2年目の550万円は「見込み」であり、保証ではありません。

■ 3. 3社応募→2社内定。評価されたポイント
3社に応募して2社から内定。評価されたのは、派遣で培った企業との調整力と、IT領域を学ぼうとする姿勢でした。

▼ 同じ条件で、いま求人が出るか確かめたい方は、こちらから（PR）
▶ 20代向けの総合型エージェント（Yume Career）
https://px.a8.net/svt/ejp?a8mat=4BC9F9+77L0J6+5PWS+BXB8X&a8sns=note
▶ 自分に合う転職サービスを30秒で診断（無料）（LINE診断）
https://career-line-bot.career-line-bot.workers.dev/l/note-g22

■ 4. 選考の流れ（応募から内定まで・想定）
1週目：エージェントと面談。調整力とIT領域への興味を整理
2週目：3社に応募
3週目：1社目の面接。IT領域を学んでいる姿勢を説明
4週目：2社目の面接
5週目：2社から内定、1社を承諾

■ 5. 入ってから「聞いていなかった」となりやすい3つ
1. 数字の追い方：決定数や売上の目標があります
2. IT領域の知識：求職者・企業の言葉を学ぶ必要があります
3. 2年目の見込み：インセン込みの見込みは、保証ではありません

■ 6. 1年後のリアル
【想定】数字のプレッシャーはあるものの、求職者と深く向き合えるようになりました。IT領域の勉強を続け、2年目は550万円の見込みですが、確定ではありません。

■ 7. この事例から持ち帰れる5つ
同じ人材業界でも、派遣と紹介は仕事内容も年収も別物です。IT領域の紹介は単価が高く、年収も上がりやすい。領域を変えるだけで、キャリアの伸び方は大きく変わります。
1. 同じ人材業界でも、派遣と紹介は別物
2. IT領域の紹介は単価が高く、年収が上がりやすい
3. 調整力は、紹介でも武器になる
4. 2年目の見込みは、保証ではない
5. 領域を変えるだけで、キャリアの伸び方は変わる

■ 8. 選考で見られたポイント5つ
1. 派遣で培った、企業との調整力
2. IT領域を学ぼうとする姿勢
3. なぜ紹介に移るのか
4. 数字への向き合い方
5. 求職者への向き合い方

■ 9. 派遣の方が、人材紹介を考えるなら（PR）
同じ人材業界でも、「派遣」と「紹介」は仕事も年収も別物です。領域を変えるだけで、キャリアの伸び方は大きく変わります。人材業界の中の選択肢、一度整理してみませんか↓
【読まなくていい人】今の派遣の仕事に満足している方／人材業界に興味がない方
【読んでほしい人】同じ人材業界で、専門性を身につけたい方
〈登録の流れ〉
① 「派遣か紹介か」「どの領域か」を決める
② 下のリンクから登録し、『人材紹介・IT領域』の希望をそのまま伝える
③ 出てきた求人を、第8章の5つで確認する
登録・相談に費用はかかりません（詳細は各社の公式サイトで確認してください）。
電話が不安な方は、登録時の備考欄に「連絡はメール希望」など、希望の連絡方法を書いておくと安心です。
〈どちらから動く？〉
今週中に動きたい方 → 専門のエージェントに、条件をそのまま伝える
▶ 20代向けの総合型エージェント（Yume Career）
https://px.a8.net/svt/ejp?a8mat=4BC9F9+77L0J6+5PWS+BXB8X&a8sns=note
▶ 20代向けの転職相談（20代の転職相談所）
https://px.a8.net/svt/ejp?a8mat=4BCBRC+DUX9PU+10SQ+CEVYP&a8sns=note
まず条件を整理したい方 → LINE診断で2つに絞る（30秒）
▶ 自分に合う転職サービスを30秒で診断（LINE・無料）
https://career-line-bot.career-line-bot.workers.dev/l/note-g22

■ まとめ
・同じ人材業界でも、派遣と紹介は仕事も年収も別物
・領域を変えるだけで、キャリアの伸び方は変わる
・数字の目標と評価の仕組みを、先に確認する
迷ったら、まず30秒の診断から。
▶ 自分に合う転職サービスを30秒で診断（LINE・無料）
https://career-line-bot.career-line-bot.workers.dev/l/note-g22

■ 出典・注記
この記事は想定事例です。時間割・エピソードを含め、相談事例をもとに設定した例で、実在の特定の方の話ではありません。実際の年収・条件は、会社・評価・経験によって変わります。

次回は、「飲食店長→未経験インフラエンジニア」の話を書きます。マガジンをフォローしておくと届きます。",2243,"【PR】穴埋め対応に追われる毎日…

人材派遣→IT人材紹介 同じ業界で年収+100万
380万→480万。2年目は550万見込み

人材派遣コーディネーター→IT人材紹介の話を、数字ごとnoteに書きました。
▼ コメント欄へ","noteはこちら → 【noteのURL】
（PR）30秒診断（LINE・無料）→ https://career-line-bot.career-line-bot.workers.dev/l/note-g22
（PR）20代向けの総合型エージェント（Yume Career）→ https://px.a8.net/svt/ejp?a8mat=4BC9F9+77L0J6+5PWS+BXB8X&a8sns=note","・モデルケース：想定事例と明記
・2年目550万円は見込みと明記
・業界の内情の書き方（同業への配慮）に注意",下書き
23,一般転職,モデルケース,【転職体験記No.23】飲食店長→未経験インフラエンジニア ＜「店長になったとき、正直ぜんぜんうれしくなかった」25歳＞,飲食店長→未経験インフラエンジニア。年収は一度下がった。それでも転職してよかった話【転職体験記No.23】,未経験ITは最初に年収が下がる。それを承知で選んだ25歳の、2年後,休み月6日…手に職をつけたい,"飲食店長→未経験ITへ
年収は一度下がった",360万→330万→420万（2年目）,"0. PR表記／導入／共感3つ／★CTA①（LINE診断）
こんな悩み、ありませんか？
1. プロフィールと、動いた理由
2. 条件を、並べてみる
3. 独学のCCNA→未経験可のSESへ
4. 選考の流れ（応募から内定まで・想定）
5. 入ってから「聞いていなかった」となりやすい3つ
6. 1年後のリアル
7. この事例から持ち帰れる5つ
8. 選考で見られたポイント5つ
9. 飲食から、IT業界を目指すなら（PR）
まとめ
出典・注記
（3と4の間に★CTA②／最後にCTA③）","※本記事にはアフィリエイト広告（PR）を含みます（第9章に明記）。
※この記事は、複数の相談事例をもとにした想定ケース（モデルケース）です。実在の特定の方の話ではありません。

「店長になったとき、正直ぜんぜんうれしくなかったんです」。月の休みが6日、25歳の飲食店長でした。

■ こんな悩み、ありませんか？
✔休みが少なく、長時間労働が当たり前になっている
✔手に職をつけて、将来はリモートで働きたい
✔未経験からITに行くと、年収が下がるのが怖い

この記事でわかるのは、①未経験IT転職の、1〜2年目の年収の動き、②入ってから「聞いていなかった」となりやすい3つ、③選考で見られたポイント5つ、の3点です。

▼ 先に結論だけ知りたい方へ（PR）
LINE診断（5問・30秒）で、職種・年代・年収・重視すること・時期から、条件に合うサービスを2つに絞れます。
▶ 自分に合う転職サービスを30秒で診断（無料）（LINE診断）
https://career-line-bot.career-line-bot.workers.dev/l/note-g23

■ 1. プロフィールと、動いた理由
25歳、飲食店の店長のモデルケースです。月の休みは6日。手に職をつけて、将来はリモートで働けるようになりたいと考えていました。

■ 2. 条件を、並べてみる
・転職前：年収360万円
・転職後1年目：年収330万円
・年収差：−30万円
・2年目：年収420万円（構築案件へ）
※モデルケースの数字です。1年目は下がり、2年目に構築案件へ移って上がる想定です。

■ 3. 独学のCCNA→未経験可のSESへ
独学でCCNAを取得し、未経験可のSESへ。最初は監視・運用のポジションからのスタートでした。年収は一時的に下がりました。

▼ 同じ条件で、いま求人が出るか確かめたい方は、こちらから（PR）
▶ 未経験からのIT転職支援（ウズウズIT）
https://px.a8.net/svt/ejp?a8mat=4BC9F9+79DCW2+33T0+1BMW42&a8sns=note
▶ 自分に合う転職サービスを30秒で診断（無料）（LINE診断）
https://career-line-bot.career-line-bot.workers.dev/l/note-g23

■ 4. 選考の流れ（応募から内定まで・想定）
転職前：独学でCCNAを取得（数ヶ月）
1週目：エージェントと面談
2〜3週目：未経験可のSES数社に応募
4週目：面接。資格と学ぶ姿勢が評価される
5週目：内定。監視・運用のポジションから

■ 5. 入ってから「聞いていなかった」となりやすい3つ
1. 配属先：現場によって、成長の速さが変わります
2. 年収ダウン：最初の年は下がることがあります
3. シフト：監視業務は、夜間のシフトがある場合もあります

■ 6. 1年後のリアル
【想定】1年目は監視・運用で、年収は330万円に下がりました。ただ、休みは確実に取れ、資格を活かして構築案件に移った2年目は、年収420万円になっています。

■ 7. この事例から持ち帰れる5つ
未経験ITは最初の年収が下がることも多い業界です。でも、資格と経験2年で一気に巻き返せる。正直に書くことで信頼される、と私は思っています。正しいルートを知ってから動くのが大切です。
1. 未経験ITは、最初に年収が下がることがある
2. 資格と2年の経験で、巻き返せる
3. 正直に書くことで、信頼される
4. 配属先は、事前に確認する
5. 手に職をつける目的で選ぶ

■ 8. 選考で見られたポイント5つ
1. 独学でCCNAを取った、学ぶ姿勢
2. なぜインフラに移りたいのか
3. 店長経験で培った、マネジメント力
4. 長く続けられる根拠
5. コミュニケーションの丁寧さ

■ 9. 飲食から、IT業界を目指すなら（PR）
未経験ITは、最初の年収が一時的に下がることもあります。でも資格と2年の経験で一気に巻き返せるのがこの業界。正しいルートを知ってから動くのが大事です↓
【読まなくていい人】今の仕事に満足している方／年収ダウンを避けたい方
【読んでほしい人】手に職をつけて、将来はリモートで働きたい方
〈登録の流れ〉
① 「1年目の年収の下限」と「取りたい資格」を決める
② 下のリンクから登録し、『未経験・資格取得支援あり』の希望をそのまま伝える
③ 出てきた求人を、第8章の5つで確認する
登録・相談に費用はかかりません（詳細は各社の公式サイトで確認してください）。
電話が不安な方は、登録時の備考欄に「連絡はメール希望」など、希望の連絡方法を書いておくと安心です。
※Agent Projinは関東エリア向けです。公式サイトで確認してください。
〈どちらから動く？〉
今週中に動きたい方 → 専門のエージェントに、条件をそのまま伝える
▶ 未経験からのIT転職支援（ウズウズIT）
https://px.a8.net/svt/ejp?a8mat=4BC9F9+79DCW2+33T0+1BMW42&a8sns=note
▶ IT・エンジニア向け（関東エリア）（Agent Projin）
https://px.a8.net/svt/ejp?a8mat=4BC9F9+74LUIA+4GWI+BZVU9&a8sns=note
まず条件を整理したい方 → LINE診断で2つに絞る（30秒）
▶ 自分に合う転職サービスを30秒で診断（LINE・無料）
https://career-line-bot.career-line-bot.workers.dev/l/note-g23

■ まとめ
・最初の年収が下がっても、2年目に巻き返せる業界
・配属先と、資格取得支援の有無を確認する
・正直に、年収の見込みを比べて動く
迷ったら、まず30秒の診断から。
▶ 自分に合う転職サービスを30秒で診断（LINE・無料）
https://career-line-bot.career-line-bot.workers.dev/l/note-g23

■ 出典・注記
この記事は想定事例です。時間割・エピソードを含め、相談事例をもとに設定した例で、実在の特定の方の話ではありません。実際の年収・条件は、会社・評価・経験によって変わります。

次回は、「SIer（客先常駐）→社内SE」の話を書きます。マガジンをフォローしておくと届きます。",2259,"【PR】休み月6日…手に職をつけたい

飲食店長→未経験ITへ 年収は一度下がった
360万→330万→420万（2年目）

飲食店長→未経験インフラエンジニアの話を、数字ごとnoteに書きました。
▼ コメント欄へ","noteはこちら → 【noteのURL】
（PR）30秒診断（LINE・無料）→ https://career-line-bot.career-line-bot.workers.dev/l/note-g23
（PR）未経験からのIT転職支援（ウズウズIT）→ https://px.a8.net/svt/ejp?a8mat=4BC9F9+79DCW2+33T0+1BMW42&a8sns=note","・モデルケース：想定事例と明記
・年収ダウン記事なので、デメリットを隠さず書く
・SESの現実（配属ガチャ）も入れる
・Agent Projinは関東エリア限定",下書き
24,一般転職,モデルケース,【転職体験記No.24】SIer（客先常駐）→社内SE ＜「自分がどこの会社の人間なのか、分からなくなるんです」32歳＞,SIerの客先常駐から社内SEへ。残業60h→15hで年収も上がった32歳の転職【転職体験記No.24】,客先常駐3年目の32歳が、残業を減らして年収も上げた方法,客先常駐、月60時間の残業…,"SIerの客先常駐→社内SE
残業60h→15h",4社応募→1社内定。550→600万,"0. PR表記／導入／共感3つ／★CTA①（LINE診断）
こんな悩み、ありませんか？
1. プロフィールと、動いた理由
2. 条件を、並べてみる
3. 4社応募→1社内定。評価されたポイント
4. 選考の流れ（応募から内定まで・想定）
5. 入ってから「聞いていなかった」となりやすい3つ
6. 1年後のリアル
7. この事例から持ち帰れる5つ
8. 選考で見られたポイント5つ
9. SIerのSEが、社内SEを考えるなら（PR）
まとめ
出典・注記
（3と4の間に★CTA②／最後にCTA③）","※本記事にはアフィリエイト広告（PR）を含みます（第9章に明記）。
※この記事は、複数の相談事例をもとにした想定ケース（モデルケース）です。実在の特定の方の話ではありません。

「自分がどこの会社の人間なのか、分からなくなるんです」。客先常駐3年目、32歳のSEでした。

■ こんな悩み、ありませんか？
✔客先常駐で、帰属意識が持てない
✔残業が多く、プライベートの時間がない
✔自社サービスに腰を据えて関わりたい

この記事でわかるのは、①SIerから社内SEへの転職の流れ、②入ってから「聞いていなかった」となりやすい3つ、③選考で見られたポイント5つ、の3点です。

▼ 先に結論だけ知りたい方へ（PR）
LINE診断（5問・30秒）で、職種・年代・年収・重視すること・時期から、条件に合うサービスを2つに絞れます。
▶ 自分に合う転職サービスを30秒で診断（無料）（LINE診断）
https://career-line-bot.career-line-bot.workers.dev/l/note-g24

■ 1. プロフィールと、動いた理由
32歳、SIerで客先常駐をしているSEのモデルケースです。月の残業は60時間。自社サービスに関わり、腰を据えて働きたいと考えていました。

■ 2. 条件を、並べてみる
・転職前：年収550万円（残業代込み）
・転職後：年収600万円（残業少なめ）
・残業時間：月60時間→15時間
・年収差：+50万円
※モデルケースの数字です。残業が減っても年収が上がった想定です。

■ 3. 4社応募→1社内定。評価されたポイント
4社に応募して1社から内定。評価されたのは、要件定義から運用まで一通り経験していることと、社内調整力でした。

▼ 同じ条件で、いま求人が出るか確かめたい方は、こちらから（PR）
▶ SE・エンジニア向けの転職支援（SEナビ）
https://px.a8.net/svt/ejp?a8mat=4BC9F9+6M5ER6+3IZO+I3SI9&a8sns=note
▶ 自分に合う転職サービスを30秒で診断（無料）（LINE診断）
https://career-line-bot.career-line-bot.workers.dev/l/note-g24

■ 4. 選考の流れ（応募から内定まで・想定）
1週目：エージェントと面談。要件定義から運用までの経験を整理
2週目：社内SE求人4社に応募
3週目：書類通過は3社
4〜5週目：面接。社内調整の経験を具体例で説明
6週目：1社から内定・承諾

■ 5. 入ってから「聞いていなかった」となりやすい3つ
1. 開発の機会：社内SEは、開発より調整・運用が中心になることもあります
2. 求人の倍率：人気のため、応募が早い者勝ちになりがちです
3. 評価の仕組み：昇給・賞与の基準を確認します

■ 6. 1年後のリアル
【想定】残業が月60時間から15時間に減り、帰宅後の時間が増えました。開発の機会は減りましたが、自社サービスに腰を据えて関われることに、満足しています。

■ 7. この事例から持ち帰れる5つ
SIerから社内SEは人気の転職先で、求人は早い者勝ちになりがちです。残業が大幅に減って、年収も維持〜アップを狙えます。早めに情報を集めておくことをおすすめします。
1. SIerから社内SEは、人気の転職先
2. 残業が減っても、年収は維持〜アップを狙える
3. 要件定義から運用までの経験は、評価される
4. 求人は早い者勝ちになりがち
5. 「開発をしたい」人は、業務の中身を確認する

■ 8. 選考で見られたポイント5つ
1. 要件定義から運用まで、一通り経験しているか
2. 社内調整力
3. なぜ客先常駐から社内SEに移りたいか
4. 自社サービスへの関心
5. 長く働く意欲

■ 9. SIerのSEが、社内SEを考えるなら（PR）
SIerから社内SEへの転職は人気が高く、求人は早い者勝ちになりがちです。残業が減って年収も維持できるケースは多いので、早めに情報を集めておくのがおすすめです↓
【読まなくていい人】今の客先常駐に満足している方／開発中心で働きたい方
【読んでほしい人】残業を減らし、自社サービスに腰を据えて関わりたい方
〈登録の流れ〉
① 「残業の上限」と「関わりたいサービス」を決める
② 下のリンクから登録し、『社内SE・残業少なめ』の条件をそのまま伝える
③ 出てきた求人を、第8章の5つで確認する
登録・相談に費用はかかりません（詳細は各社の公式サイトで確認してください）。
電話が不安な方は、登録時の備考欄に「連絡はメール希望」など、希望の連絡方法を書いておくと安心です。
〈どちらから動く？〉
今週中に動きたい方 → 専門のエージェントに、条件をそのまま伝える
▶ SE・エンジニア向けの転職支援（SEナビ）
https://px.a8.net/svt/ejp?a8mat=4BC9F9+6M5ER6+3IZO+I3SI9&a8sns=note
▶ ITエンジニア向けの転職支援（TECH CLIPSエージェント）
https://px.a8.net/svt/ejp?a8mat=4BC9F9+7IATF6+3SWM+601S1&a8sns=note
まず条件を整理したい方 → LINE診断で2つに絞る（30秒）
▶ 自分に合う転職サービスを30秒で診断（LINE・無料）
https://career-line-bot.career-line-bot.workers.dev/l/note-g24

■ まとめ
・SIerから社内SEは、人気の転職先
・残業が減って、年収も維持できるケースがある
・求人は早い者勝ち。早めに情報を集める
迷ったら、まず30秒の診断から。
▶ 自分に合う転職サービスを30秒で診断（LINE・無料）
https://career-line-bot.career-line-bot.workers.dev/l/note-g24

■ 出典・注記
この記事は想定事例です。時間割・エピソードを含め、相談事例をもとに設定した例で、実在の特定の方の話ではありません。実際の年収・条件は、会社・評価・経験によって変わります。

次回は、「国内SaaSサポート→外資SaaSカスタマーサクセス」の話を書きます。マガジンをフォローしておくと届きます。",2238,"【PR】客先常駐、月60時間の残業…

SIerの客先常駐→社内SE 残業60h→15h
4社応募→1社内定。550→600万

SIer（客先常駐）→社内SEの話を、数字ごとnoteに書きました。
▼ コメント欄へ","noteはこちら → 【noteのURL】
（PR）30秒診断（LINE・無料）→ https://career-line-bot.career-line-bot.workers.dev/l/note-g24
（PR）SE・エンジニア向けの転職支援（SEナビ）→ https://px.a8.net/svt/ejp?a8mat=4BC9F9+6M5ER6+3IZO+I3SI9&a8sns=note","・モデルケース：想定事例と明記
・残業60h→15hは想定値。実例に差し替えるときは要確認
・社内SEの倍率について、根拠のない断定を避ける",下書き
25,一般転職,モデルケース,【転職体験記No.25】国内SaaSサポート→外資SaaSカスタマーサクセス ＜「『CSって何やってるの？』ってうまく答えられない」29歳＞,国内SaaSのサポートから外資CSへ。年収500万→700万、数字で語れる実績の作り方【転職体験記No.25】,英語は読み書き程度でも外資に行けた。決め手は『解約率』を数字で語れたこと,成長してる実感がない…,"サポート職→外資CSへ
年収500万→700万",決め手は『数字で語れる実績』,"0. PR表記／導入／共感3つ／★CTA①（LINE診断）
こんな悩み、ありませんか？
1. プロフィールと、動いた理由
2. 条件を、並べてみる
3. 5社応募→2社内定。決め手は数字
4. 選考の流れ（応募から内定まで・想定）
5. 入ってから「聞いていなかった」となりやすい3つ
6. 1年後のリアル
7. この事例から持ち帰れる5つ
8. 選考で見られたポイント5つ
9. 国内SaaSのサポートの方が、外資CSを考えるなら（PR）
まとめ
出典・注記
（3と4の間に★CTA②／最後にCTA③）","※本記事にはアフィリエイト広告（PR）を含みます（第9章に明記）。
※この記事は、複数の相談事例をもとにした想定ケース（モデルケース）です。実在の特定の方の話ではありません。

「『CSって何やってるの？』って聞かれて、うまく答えられないんです」。国内SaaSでサポートをしていた29歳の女性でした。

■ こんな悩み、ありませんか？
✔問い合わせ対応ばかりで、成長している実感がない
✔CS職のキャリアの先が見えない
✔外資は英語ができないと無理だと思っている

この記事でわかるのは、①数字で語れる実績の作り方、②入ってから「聞いていなかった」となりやすい3つ、③選考で見られたポイント5つ、の3点です。

▼ 先に結論だけ知りたい方へ（PR）
LINE診断（5問・30秒）で、職種・年代・年収・重視すること・時期から、条件に合うサービスを2つに絞れます。
▶ 自分に合う転職サービスを30秒で診断（無料）（LINE診断）
https://career-line-bot.career-line-bot.workers.dev/l/note-g25

■ 1. プロフィールと、動いた理由
29歳、国内SaaSでカスタマーサポートをしていた女性のモデルケースです。問い合わせ対応が中心で、顧客の成果にまで踏み込めないことに、キャリアの伸びしろを感じられなくなっていました。

■ 2. 条件を、並べてみる
・転職前：年収500万円
・転職後：年収700万円（ベース620万円＋ボーナス80万円）
・年収差：+200万円
※モデルケースの数字です。外資は評価・為替・業績で変動します。

■ 3. 5社応募→2社内定。決め手は数字
5社に応募して2社から内定。決め手は、解約率を下げた実績を数字で語れたことでした。英語は読み書き程度でした。

▼ 同じ条件で、いま求人が出るか確かめたい方は、こちらから（PR）
▶ 営業・ハイキャリア寄りの転職支援（Groovement Agent）
https://px.a8.net/svt/ejp?a8mat=4BC9F9+6V2WTU+4SXU+NUMHT&a8sns=note
▶ 自分に合う転職サービスを30秒で診断（無料）（LINE診断）
https://career-line-bot.career-line-bot.workers.dev/l/note-g25

■ 4. 選考の流れ（応募から内定まで・想定）
1週目：エージェントと面談。解約率の改善を数字で整理
2週目：職務経歴書を、数字中心に書き直す
3〜4週目：外資SaaS 5社に応募
5〜6週目：面接。英語は読み書きレベルで、実績を数字で説明
7週目：2社から内定、1社を承諾

■ 5. 入ってから「聞いていなかった」となりやすい3つ
1. 成果主義：数字の目標と、評価の厳しさがあります
2. 英語の量：メールや会議で、英語を使う場面が増えます
3. 契約更新のリスク：外資は成果が出ないと、契約の見直しがあります

■ 6. 1年後のリアル
【想定】最初の半年は、英語の会議で苦労しました。数字で語る習慣が身につき、年収は上がったものの、期待される成果の重さも実感しています。

■ 7. この事例から持ち帰れる5つ
CS職は、外資SaaSに行くと年収のレンジが一段上がることがあります。大切なのは「解約率」「アップセル」など、数字で語れる実績です。職務経歴書の見せ方から一緒に作れます。
1. CS職は、外資SaaSで年収のレンジが上がることがある
2. 「解約率」「アップセル」など、数字で語れる実績が鍵
3. 英語は、読み書きレベルでも受けられる求人がある
4. 職務経歴書の見せ方から、一緒に作れる
5. 外資は、評価・為替・業績で年収が変動する

■ 8. 選考で見られたポイント5つ
1. 解約率を下げた実績を、数字で語れるか
2. 顧客の成果にどう関わったか
3. 英語の読み書きレベル
4. 成果主義への理解
5. CS職としての成長意欲

■ 9. 国内SaaSのサポートの方が、外資CSを考えるなら（PR）
CS職は、会社を変えるだけで年収レンジが一段上がることがあります。大事なのは「数字で語れる実績」。職務経歴書の見せ方から一緒に作れます↓
【読まなくていい人】今の国内SaaSの働き方に満足している方／成果主義が苦手な方
【読んでほしい人】サポート職から、キャリアの伸びしろを広げたい方
〈登録の流れ〉
① 「実績を数字で3つ」書き出す
② 下のリンクから登録し、職務経歴書の見せ方から相談する
③ 出てきた求人を、第8章の5つで確認する
登録・相談に費用はかかりません（詳細は各社の公式サイトで確認してください）。
電話が不安な方は、登録時の備考欄に「連絡はメール希望」など、希望の連絡方法を書いておくと安心です。
※sXarsは対象エリアがあるため、公式サイトで確認してください。
〈どちらから動く？〉
今週中に動きたい方 → 専門のエージェントに、条件をそのまま伝える
▶ 営業・ハイキャリア寄りの転職支援（Groovement Agent）
https://px.a8.net/svt/ejp?a8mat=4BC9F9+6V2WTU+4SXU+NUMHT&a8sns=note
▶ 営業・ITなど幅広い転職支援（sXars）
https://px.a8.net/svt/ejp?a8mat=4BC9F9+6HDZGI+5YHY+5YJRM&a8sns=note
まず条件を整理したい方 → LINE診断で2つに絞る（30秒）
▶ 自分に合う転職サービスを30秒で診断（LINE・無料）
https://career-line-bot.career-line-bot.workers.dev/l/note-g25

■ まとめ
・CS職は、会社を変えるだけで年収レンジが上がることがある
・大事なのは「数字で語れる実績」
・外資は成果主義。年収の変動も含めて比べる
迷ったら、まず30秒の診断から。
▶ 自分に合う転職サービスを30秒で診断（LINE・無料）
https://career-line-bot.career-line-bot.workers.dev/l/note-g25

■ 出典・注記
この記事は想定事例です。時間割・エピソードを含め、相談事例をもとに設定した例で、実在の特定の方の話ではありません。実際の年収・条件は、会社・評価・経験によって変わります。

次回は、「食品メーカー営業→医療機器メーカー営業」の話を書きます。マガジンをフォローしておくと届きます。",2319,"【PR】成長してる実感がない…

サポート職→外資CSへ 年収500万→700万
決め手は『数字で語れる実績』

国内SaaSサポート→外資SaaSカスタマーサクセスの話を、数字ごとnoteに書きました。
▼ コメント欄へ","noteはこちら → 【noteのURL】
（PR）30秒診断（LINE・無料）→ https://career-line-bot.career-line-bot.workers.dev/l/note-g25
（PR）営業・ハイキャリア寄りの転職支援（Groovement Agent）→ https://px.a8.net/svt/ejp?a8mat=4BC9F9+6V2WTU+4SXU+NUMHT&a8sns=note","・モデルケース：想定事例と明記
・+200万円は例。全員が上がるわけではないと明記
・外資の英語要件は求人ごとに違う",下書き
26,一般転職,モデルケース,【転職体験記No.26】食品メーカー営業→医療機器メーカー営業 ＜「10年間、『もう1円下げて』と言われ続けた」34歳＞,食品メーカーから医療機器メーカーへ。30代の営業が年収+160万円を実現した転職【転職体験記No.26】,30代半ばからの異業界転職は無理？34歳が3社応募で内定を取った話,値引き交渉ばかりの10年…,"食品メーカー営業→
医療機器メーカーへ",520万→680万（+160万）,"0. PR表記／導入／共感3つ／★CTA①（LINE診断）
こんな悩み、ありませんか？
1. プロフィールと、動いた理由
2. 条件を、並べてみる
3. 3社応募→1社内定
4. 選考の流れ（応募から内定まで・想定）
5. 入ってから「聞いていなかった」となりやすい3つ
6. 1年後のリアル
7. この事例から持ち帰れる5つ
8. 選考で見られたポイント5つ
9. メーカー営業の方が、医療機器を考えるなら（PR）
まとめ
出典・注記
（3と4の間に★CTA②／最後にCTA③）","※本記事にはアフィリエイト広告（PR）を含みます（第9章に明記）。
※この記事は、複数の相談事例をもとにした想定ケース（モデルケース）です。実在の特定の方の話ではありません。

「10年間、『もう1円下げてよ』って言われ続けてきました」。食品メーカーでルート営業をしていた34歳の男性でした。

■ こんな悩み、ありませんか？
✔値引き交渉ばかりで、営業の面白さを感じない
✔もっと専門性のある商材を扱いたい
✔30代半ばからの異業界転職に不安がある

この記事でわかるのは、①メーカー営業から医療機器メーカーへの流れ、②入ってから「聞いていなかった」となりやすい3つ、③選考で見られたポイント5つ、の3点です。

▼ 先に結論だけ知りたい方へ（PR）
LINE診断（5問・30秒）で、職種・年代・年収・重視すること・時期から、条件に合うサービスを2つに絞れます。
▶ 自分に合う転職サービスを30秒で診断（無料）（LINE診断）
https://career-line-bot.career-line-bot.workers.dev/l/note-g26

■ 1. プロフィールと、動いた理由
34歳、食品メーカーでルート営業をしていた男性のモデルケースです。スーパー向けの棚取り営業で、値引き交渉ばかり。もっと専門性のある商材を扱いたいと考えていました。

■ 2. 条件を、並べてみる
・転職前：年収520万円
・転職後：年収680万円（インセン・手当込み）
・年収差：+160万円
※モデルケースの数字です。医療機器は専門知識の習得が必要で、最初の数ヶ月は研修期間です。

■ 3. 3社応募→1社内定
3社に応募して1社から内定。評価されたのは、ルート営業での関係構築力と、学習意欲でした。入社後3ヶ月は研修があります。

▼ 同じ条件で、いま求人が出るか確かめたい方は、こちらから（PR）
▶ 若手ハイクラス向けの転職支援（ASSIGN）
https://px.a8.net/svt/ejp?a8mat=4BC36H+AP7H6A+49JS+BXIYP&a8sns=note
▶ 自分に合う転職サービスを30秒で診断（無料）（LINE診断）
https://career-line-bot.career-line-bot.workers.dev/l/note-g26

■ 4. 選考の流れ（応募から内定まで・想定）
1週目：エージェントと面談。ルート営業での関係構築力を整理
2週目：3社に応募
3〜4週目：面接。学習意欲と、なぜ医療機器なのかを説明
5週目：1社から内定・承諾
入社後：3ヶ月の研修

■ 5. 入ってから「聞いていなかった」となりやすい3つ
1. 専門知識：医療機器は、学ぶ量が増えます
2. 医療従事者との関係づくり：先生や看護師との信頼関係が必要です
3. インセンティブ：手当と賞与の内訳を確認します

■ 6. 1年後のリアル
【想定】最初の3ヶ月の研修は大変でしたが、関係構築力が活きて、先生方との信頼を築けています。値引き交渉から離れ、専門性で勝負できることにやりがいを感じています。

■ 7. この事例から持ち帰れる5つ
メーカー営業から医療機器メーカーは、年収アップの定番ルートです。未経験でも、30代前半ならチャンスがあります。半ばでも、関係構築力を具体的に語れれば十分に戦えます。
1. メーカー営業から医療機器は、年収アップの定番ルート
2. 30代前半〜半ばなら、未経験でもチャンスがある
3. 関係構築力は、業界が変わっても通用する
4. 入社後の研修期間を、確認する
5. 専門知識の学習意欲を、具体的に話す

■ 8. 選考で見られたポイント5つ
1. ルート営業での、関係構築力と実績
2. なぜ医療機器なのか、動機の具体性
3. 専門知識を学ぶ意欲
4. 30代半ばからの挑戦への覚悟
5. 医療従事者と話せるコミュニケーション

■ 9. メーカー営業の方が、医療機器を考えるなら（PR）
メーカー営業から医療機器メーカーへは、年収を上げやすい定番ルートです。30代前半〜半ばなら、未経験でもチャンスは十分あります↓
【読まなくていい人】今の食品営業に満足している方／専門知識を学ぶ予定がない方
【読んでほしい人】値引き交渉に疲れ、専門性のある商材を扱いたい方
〈登録の流れ〉
① 「扱いたい商材」と「年収の目標」を決める
② 下のリンクから登録し、『医療機器メーカー・未経験可』の条件をそのまま伝える
③ 出てきた求人を、第8章の5つで確認する
登録・相談に費用はかかりません（詳細は各社の公式サイトで確認してください）。
電話が不安な方は、登録時の備考欄に「連絡はメール希望」など、希望の連絡方法を書いておくと安心です。
〈どちらから動く？〉
今週中に動きたい方 → 専門のエージェントに、条件をそのまま伝える
▶ 若手ハイクラス向けの転職支援（ASSIGN）
https://px.a8.net/svt/ejp?a8mat=4BC36H+AP7H6A+49JS+BXIYP&a8sns=note
▶ 営業・総合型の転職支援（Samurai Job）
https://px.a8.net/svt/ejp?a8mat=4BC9F9+81Y4DU+5VXG+5ZU29&a8sns=note
まず条件を整理したい方 → LINE診断で2つに絞る（30秒）
▶ 自分に合う転職サービスを30秒で診断（LINE・無料）
https://career-line-bot.career-line-bot.workers.dev/l/note-g26

■ まとめ
・メーカー営業から医療機器は、年収を上げやすい定番ルート
・30代前半〜半ばなら、チャンスは十分ある
・入社後の研修と専門知識の学び方を、確認する
迷ったら、まず30秒の診断から。
▶ 自分に合う転職サービスを30秒で診断（LINE・無料）
https://career-line-bot.career-line-bot.workers.dev/l/note-g26

■ 出典・注記
この記事は想定事例です。時間割・エピソードを含め、相談事例をもとに設定した例で、実在の特定の方の話ではありません。実際の年収・条件は、会社・評価・経験によって変わります。

次回は、「期間工→大手メーカー生産管理（正社員）」の話を書きます。マガジンをフォローしておくと届きます。",2248,"【PR】値引き交渉ばかりの10年…

食品メーカー営業→ 医療機器メーカーへ
520万→680万（+160万）

食品メーカー営業→医療機器メーカー営業の話を、数字ごとnoteに書きました。
▼ コメント欄へ","noteはこちら → 【noteのURL】
（PR）30秒診断（LINE・無料）→ https://career-line-bot.career-line-bot.workers.dev/l/note-g26
（PR）若手ハイクラス向けの転職支援（ASSIGN）→ https://px.a8.net/svt/ejp?a8mat=4BC36H+AP7H6A+49JS+BXIYP&a8sns=note","・モデルケース：想定事例と明記
・+160万円は例。医療機器メーカー全体の相場は出典確認
・未経験可否は企業次第",下書き
27,一般転職,モデルケース,【転職体験記No.27】期間工→大手メーカー生産管理（正社員） ＜「契約満了の通知が来るたびに、胃が重くなる」27歳＞,期間工から大手メーカーの生産管理へ。現場経験が『正社員の武器』になった話【転職体験記No.27】,期間工は稼げるけど先がない。30歳までに正社員になった27歳の選択,契約満了が来るたびに不安…,"期間工→大手メーカーの
生産管理（正社員）へ",380万→450万。20代が有利,"0. PR表記／導入／共感3つ／★CTA①（LINE診断）
こんな悩み、ありませんか？
1. プロフィールと、動いた理由
2. 条件を、並べてみる
3. 現場経験をどう評価されたか
4. 選考の流れ（応募から内定まで・想定）
5. 入ってから「聞いていなかった」となりやすい3つ
6. 1年後のリアル
7. この事例から持ち帰れる5つ
8. 選考で見られたポイント5つ
9. 期間工の方が、正社員を目指すなら（PR）
まとめ
出典・注記
（3と4の間に★CTA②／最後にCTA③）","※本記事にはアフィリエイト広告（PR）を含みます（第9章に明記）。
※この記事は、複数の相談事例をもとにした想定ケース（モデルケース）です。実在の特定の方の話ではありません。

「契約満了の通知が来るたびに、胃が重くなるんです」。自動車工場で期間工をしていた27歳の男性でした。

■ こんな悩み、ありませんか？
✔期間工で稼げるけど、先の見通しが立たない
✔30歳までに正社員になりたい
✔現場経験しかなく、管理の仕事ができるか不安

この記事でわかるのは、①期間工から正社員になる流れ、②入ってから「聞いていなかった」となりやすい3つ、③選考で見られたポイント5つ、の3点です。

▼ 先に結論だけ知りたい方へ（PR）
LINE診断（5問・30秒）で、職種・年代・年収・重視すること・時期から、条件に合うサービスを2つに絞れます。
▶ 自分に合う転職サービスを30秒で診断（無料）（LINE診断）
https://career-line-bot.career-line-bot.workers.dev/l/note-g27

■ 1. プロフィールと、動いた理由
27歳、自動車工場で期間工をしていた男性のモデルケースです。稼げるが、契約が切れたら終わり。30歳までに正社員になりたいと考えていました。

■ 2. 条件を、並べてみる
・転職前：年収380万円（満了金込み）
・転職後：年収450万円（賞与年2回）
・年収差：+70万円
※モデルケースの数字です。期間工は満了金込みの金額で比較しています。

■ 3. 現場経験をどう評価されたか
2社に応募して1社から内定。現場経験、フォークリフト免許、改善提案の実績をアピールしました。

▼ 同じ条件で、いま求人が出るか確かめたい方は、こちらから（PR）
▶ 工場・製造系の求人（工場求人ワールド）
https://px.a8.net/svt/ejp?a8mat=4BC9F9+6Y22UQ+5S9S+5YZ75&a8sns=note
▶ 自分に合う転職サービスを30秒で診断（無料）（LINE診断）
https://career-line-bot.career-line-bot.workers.dev/l/note-g27

■ 4. 選考の流れ（応募から内定まで・想定）
1週目：エージェントと面談。現場経験・免許・改善提案を整理
2週目：2社に応募
3週目：1社目の面接。改善提案の実績を説明
4週目：2社目の面接
5週目：1社から内定・承諾

■ 5. 入ってから「聞いていなかった」となりやすい3つ
1. 管理側の仕事：調整や資料作成が増えます
2. 残業と交代勤務：正社員でも、残業の実態を確認します
3. 賞与：年2回の支給実績を確認します

■ 6. 1年後のリアル
【想定】現場を知っている強みで、生産管理の調整がスムーズでした。管理側の資料作成に慣れるまで時間がかかりましたが、賞与が年2回あり、生活の見通しが立てやすくなっています。

■ 7. この事例から持ち帰れる5つ
現場経験は、生産管理や品質管理で評価されます。期間工から正社員を狙うなら、20代のうちが圧倒的に有利です。まずは正社員の求人を見て、どんな仕事があるかを知ることから始めてください。
1. 現場経験は、生産管理や品質管理で評価される
2. 期間工から正社員を狙うなら、20代のうちが有利
3. 満了金込みで比べて、年収を確認する
4. 資格（フォークリフトなど）は、選考の武器になる
5. まずは正社員の求人を見て、選択肢を知る

■ 8. 選考で見られたポイント5つ
1. 現場経験の年数と、担当した工程
2. フォークリフト免許などの資格
3. 改善提案の実績
4. なぜ正社員になりたいのか
5. 管理側の仕事への意欲

■ 9. 期間工の方が、正社員を目指すなら（PR）
現場経験は、生産管理や品質管理で高く評価されます。期間工から正社員を狙うなら、20代のうちが圧倒的に有利です。まずは正社員の求人を見てみてください↓
【読まなくていい人】期間工の働き方に満足している方／正社員になる予定がない方
【読んでほしい人】30歳までに、正社員になりたい方
〈登録の流れ〉
① 「満了金込みの今の年収」と「希望の年収」を書き出す
② 下のリンクから登録し、『正社員・生産管理・品質管理』の希望をそのまま伝える
③ 出てきた求人を、第8章の5つで確認する
登録・相談に費用はかかりません（詳細は各社の公式サイトで確認してください）。
電話が不安な方は、登録時の備考欄に「連絡はメール希望」など、希望の連絡方法を書いておくと安心です。
〈どちらから動く？〉
今週中に動きたい方 → 専門のエージェントに、条件をそのまま伝える
▶ 工場・製造系の求人（工場求人ワールド）
https://px.a8.net/svt/ejp?a8mat=4BC9F9+6Y22UQ+5S9S+5YZ75&a8sns=note
▶ 若手ハイクラス向けの転職支援（ASSIGN）
https://px.a8.net/svt/ejp?a8mat=4BC36H+AP7H6A+49JS+BXIYP&a8sns=note
まず条件を整理したい方 → LINE診断で2つに絞る（30秒）
▶ 自分に合う転職サービスを30秒で診断（LINE・無料）
https://career-line-bot.career-line-bot.workers.dev/l/note-g27

■ まとめ
・現場経験は、生産管理や品質管理で評価される
・期間工から正社員は、20代のうちが有利
・満了金込みで、年収を比べる
迷ったら、まず30秒の診断から。
▶ 自分に合う転職サービスを30秒で診断（LINE・無料）
https://career-line-bot.career-line-bot.workers.dev/l/note-g27

■ 出典・注記
この記事は想定事例です。時間割・エピソードを含め、相談事例をもとに設定した例で、実在の特定の方の話ではありません。実際の年収・条件は、会社・評価・経験によって変わります。

次回は、「M&A仲介営業→事業会社の経営企画」の話を書きます。マガジンをフォローしておくと届きます。",2171,"【PR】契約満了が来るたびに不安…

期間工→大手メーカーの 生産管理（正社員）へ
380万→450万。20代が有利

期間工→大手メーカー生産管理（正社員）の話を、数字ごとnoteに書きました。
▼ コメント欄へ","noteはこちら → 【noteのURL】
（PR）30秒診断（LINE・無料）→ https://career-line-bot.career-line-bot.workers.dev/l/note-g27
（PR）工場・製造系の求人（工場求人ワールド）→ https://px.a8.net/svt/ejp?a8mat=4BC9F9+6Y22UQ+5S9S+5YZ75&a8sns=note","・モデルケース：想定事例と明記
・満了金込みか否かを比較の前提として明記
・大手メーカーの倍率は根拠のない断定を避ける",下書き
28,一般転職,モデルケース,【転職体験記No.28】M&A仲介営業→事業会社の経営企画 ＜「年収1200万。でも、子どもの寝顔しか見たことがない」35歳＞,M&A仲介の『その後』。年収1200万から経営企画へ移った35歳が手に入れたもの【転職体験記No.28】,年収は下がってもいい。家族との時間を選んだ35歳の、後悔しなかった理由,年収1200万でも、家族の顔を見ない…,"M&A仲介の『その後』
年収1200万→経営企画へ",1200万→900万。時間を選んだ,"0. PR表記／導入／共感3つ／★CTA①（LINE診断）
こんな悩み、ありませんか？
1. プロフィールと、動いた理由
2. 条件を、並べてみる
3. 3社応募→2社内定
4. 選考の流れ（応募から内定まで・想定）
5. 入ってから「聞いていなかった」となりやすい3つ
6. 1年後のリアル
7. この事例から持ち帰れる5つ
8. 選考で見られたポイント5つ
9. M&A仲介の方が、事業会社への転職を考えるなら（PR）
まとめ
出典・注記
（3と4の間に★CTA②／最後にCTA③）","※本記事にはアフィリエイト広告（PR）を含みます（第9章に明記）。
※この記事は、複数の相談事例をもとにした想定ケース（モデルケース）です。実在の特定の方の話ではありません。

「年収1200万。でも、子どもの寝顔しか見たことがないんです」。M&A仲介で働く35歳のパパさんでした。

■ こんな悩み、ありませんか？
✔年収は高いけど、家族との時間がまったくない
✔40代もこの働き方を続けられる気がしない
✔M&Aで積んだ経験を、別の形で活かしたい

この記事でわかるのは、①年収が下がっても、後悔しない選び方、②入ってから「聞いていなかった」となりやすい3つ、③選考で見られたポイント5つ、の3点です。

▼ 先に結論だけ知りたい方へ（PR）
LINE診断（5問・30秒）で、職種・年代・年収・重視すること・時期から、条件に合うサービスを2つに絞れます。
▶ 自分に合う転職サービスを30秒で診断（無料）（LINE診断）
https://career-line-bot.career-line-bot.workers.dev/l/note-g28

■ 1. プロフィールと、動いた理由
35歳、M&A仲介で働くパパのモデルケースです。年収は高いが、毎日23時まで働いて家族との時間がゼロ。40代もこれを続けられる気がしないという相談でした。

■ 2. 条件を、並べてみる
・転職前：年収1200万円（インセン込み）
・転職後：年収900万円（固定中心）
・年収差：−300万円
※モデルケースの数字です。年収は下がるが、働き方は大きく変わる想定です。

■ 3. 3社応募→2社内定
3社に応募して2社から内定。M&A実務の知見が評価され、M&Aで事業拡大中の企業の経営企画に決めました。

▼ 同じ条件で、いま求人が出るか確かめたい方は、こちらから（PR）
▶ 営業・ハイキャリア寄りの転職支援（Groovement Agent）
https://px.a8.net/svt/ejp?a8mat=4BC9F9+6V2WTU+4SXU+NUMHT&a8sns=note
▶ 自分に合う転職サービスを30秒で診断（無料）（LINE診断）
https://career-line-bot.career-line-bot.workers.dev/l/note-g28

■ 4. 選考の流れ（応募から内定まで・想定）
1週目：エージェントと面談。年収と時間の優先順位を整理
2週目：3社に応募
3〜4週目：面接。M&A実務の知見を、事業会社の言葉で説明
5週目：2社から内定
6週目：1社を承諾

■ 5. 入ってから「聞いていなかった」となりやすい3つ
1. 生活水準：年収が下がる分、家計を見直します
2. 経営企画の仕事：M&Aのような数字の刺激は減ります
3. 求人の数：経営企画の求人は、限られています

■ 6. 1年後のリアル
【想定】年収は下がりましたが、夕食を家族と食べられる日が増えました。専門性は活かせており、家族との時間を選んだことに、後悔はしていません。

■ 7. この事例から持ち帰れる5つ
M&A仲介の“出口”として、事業会社の経営企画は人気です。年収は下がっても、働き方と専門性を両立できます。年収だけじゃない出口を知っておくことが、長く働くための保険になります。
1. M&A仲介の“出口”として、経営企画は人気
2. 年収だけじゃない“出口”を知っておく
3. 年収が下がっても、時間と専門性を両立できる
4. 経営企画の求人は少ないので、早めに動く
5. 家計の見直しを、先にシミュレーションする

■ 8. 選考で見られたポイント5つ
1. M&A実務の知見と、事業会社での活かし方
2. なぜ仲介から事業会社に移るのか
3. 経営企画としての貢献イメージ
4. 家族との時間を選ぶ理由
5. 年収ダウンへの納得感

■ 9. M&A仲介の方が、事業会社への転職を考えるなら（PR）
M&A仲介の経験は、事業会社の経営企画で強く求められています。年収だけじゃない“出口”を知っておくことが、長く働くための保険になります↓
【読まなくていい人】今のM&A仲介に満足している方／年収を最優先にしたい方
【読んでほしい人】年収は高いが、家族との時間がなく、悩んでいる方
〈登録の流れ〉
① 「最低限必要な年収」を家計から計算する
② 下のリンクから登録し、『経営企画・年収は固定中心』の希望をそのまま伝える
③ 出てきた求人を、第8章の5つで確認する
登録・相談に費用はかかりません（詳細は各社の公式サイトで確認してください）。
電話が不安な方は、登録時の備考欄に「連絡はメール希望」など、希望の連絡方法を書いておくと安心です。
※sXarsは対象エリアがあるため、公式サイトで確認してください。
〈どちらから動く？〉
今週中に動きたい方 → 専門のエージェントに、条件をそのまま伝える
▶ 営業・ハイキャリア寄りの転職支援（Groovement Agent）
https://px.a8.net/svt/ejp?a8mat=4BC9F9+6V2WTU+4SXU+NUMHT&a8sns=note
▶ 営業・ITなど幅広い転職支援（sXars）
https://px.a8.net/svt/ejp?a8mat=4BC9F9+6HDZGI+5YHY+5YJRM&a8sns=note
まず条件を整理したい方 → LINE診断で2つに絞る（30秒）
▶ 自分に合う転職サービスを30秒で診断（LINE・無料）
https://career-line-bot.career-line-bot.workers.dev/l/note-g28

■ まとめ
・M&A仲介の経験は、事業会社の経営企画で求められている
・年収だけじゃない“出口”を知っておく
・家計を先に計算して、下げられる年収を決める
迷ったら、まず30秒の診断から。
▶ 自分に合う転職サービスを30秒で診断（LINE・無料）
https://career-line-bot.career-line-bot.workers.dev/l/note-g28

■ 出典・注記
この記事は想定事例です。時間割・エピソードを含め、相談事例をもとに設定した例で、実在の特定の方の話ではありません。実際の年収・条件は、会社・評価・経験によって変わります。

次回は、「メーカー営業企画→総合コンサル」の話を書きます。マガジンをフォローしておくと届きます。",2269,"【PR】年収1200万でも、家族の顔を見ない…

M&A仲介の『その後』 年収1200万→経営企画へ
1200万→900万。時間を選んだ

M&A仲介営業→事業会社の経営企画の話を、数字ごとnoteに書きました。
▼ コメント欄へ","noteはこちら → 【noteのURL】
（PR）30秒診断（LINE・無料）→ https://career-line-bot.career-line-bot.workers.dev/l/note-g28
（PR）営業・ハイキャリア寄りの転職支援（Groovement Agent）→ https://px.a8.net/svt/ejp?a8mat=4BC9F9+6V2WTU+4SXU+NUMHT&a8sns=note","・モデルケース：想定事例と明記
・年収ダウン記事。数字をぼかさず、代わりに得たものを具体的に
・経営企画の求人数は限られるため、断定を避ける",下書き
29,一般転職,モデルケース,【転職体験記No.29】メーカー営業企画→総合コンサル ＜「この会社を辞めたら、自分に何が残るんだろう」30歳＞,メーカー営業企画から総合コンサルへ。30歳、『業界知見』だけで勝負した転職【転職体験記No.29】,ケース面接は1ヶ月の対策で戦えた。30歳がコンサルに行けた理由,市場価値が上がってる実感がない…,"メーカー→総合コンサルへ
30歳、業界知見で勝負",550万→700万。2年目は800万〜,"0. PR表記／導入／共感3つ／★CTA①（LINE診断）
こんな悩み、ありませんか？
1. プロフィールと、動いた理由
2. 条件を、並べてみる
3. ケース面接対策1ヶ月
4. 選考の流れ（応募から内定まで・想定）
5. 入ってから「聞いていなかった」となりやすい3つ
6. 1年後のリアル
7. この事例から持ち帰れる5つ
8. 選考で見られたポイント5つ
9. メーカーの営業企画の方が、コンサルを考えるなら（PR）
まとめ
出典・注記
（3と4の間に★CTA②／最後にCTA③）","※本記事にはアフィリエイト広告（PR）を含みます（第9章に明記）。
※この記事は、複数の相談事例をもとにした想定ケース（モデルケース）です。実在の特定の方の話ではありません。

「この会社を辞めたら、自分に何が残るんだろうって」。メーカーで営業企画をしていた30歳の男性でした。

■ こんな悩み、ありませんか？
✔社内調整ばかりで、市場価値が上がっている実感がない
✔コンサルに興味はあるけど、ケース面接が不安
✔30歳がラストチャンスだと焦っている

この記事でわかるのは、①事業会社からコンサルへの転職の流れ、②入ってから「聞いていなかった」となりやすい3つ、③選考で見られたポイント5つ、の3点です。

▼ 先に結論だけ知りたい方へ（PR）
LINE診断（5問・30秒）で、職種・年代・年収・重視すること・時期から、条件に合うサービスを2つに絞れます。
▶ 自分に合う転職サービスを30秒で診断（無料）（LINE診断）
https://career-line-bot.career-line-bot.workers.dev/l/note-g29

■ 1. プロフィールと、動いた理由
30歳、メーカーで営業企画をしていた男性のモデルケースです。社内調整ばかりで、自分の市場価値が上がっている実感がない。辞めたら自分に何が残るのか、と不安でした。

■ 2. 条件を、並べてみる
・転職前：年収550万円
・転職後：年収700万円（初年度）
・2年目以降：評価次第で800万円〜
※モデルケースの数字です。2年目以降の800万円は評価次第で、保証ではありません。

■ 3. ケース面接対策1ヶ月
ケース面接の対策を1ヶ月やりました。製造業の業界知見が評価され、同業界の担当で内定しました。

▼ 同じ条件で、いま求人が出るか確かめたい方は、こちらから（PR）
▶ 若手ハイクラス向けの転職支援（ASSIGN）
https://px.a8.net/svt/ejp?a8mat=4BC36H+AP7H6A+49JS+BXIYP&a8sns=note
▶ 自分に合う転職サービスを30秒で診断（無料）（LINE診断）
https://career-line-bot.career-line-bot.workers.dev/l/note-g29

■ 4. 選考の流れ（応募から内定まで・想定）
1週目：エージェントと面談。製造業での業界知見を整理
2〜5週目：ケース面接の対策（1か月）
6週目：総合コンサルに応募
7〜8週目：面接（ケース面接・業界知見）
9週目：内定・承諾

■ 5. 入ってから「聞いていなかった」となりやすい3つ
1. 働き方：プロジェクトによって、忙しさに波があります
2. 評価の厳しさ：成果が出ないと、評価に影響します
3. 2年目以降の年収：評価次第で、保証ではありません

■ 6. 1年後のリアル
【想定】最初のプロジェクトは、資料作りと調べものに追われました。製造業の知見を活かせる案件に入ってから、手応えを感じられるようになっています。

■ 7. この事例から持ち帰れる5つ
事業会社からコンサルは、30歳前後がラストチャンスと言われがちです。業界知見がある人は特に有利。ケース面接も、対策すれば十分に戦えます。
1. 事業会社からコンサルは、30歳前後が「ラストチャンス」と言われがち
2. 業界知見がある人は、特に有利
3. ケース面接は、1か月の対策で戦える
4. 2年目以降の800万円は、評価次第で保証ではない
5. コンサル転職に強いエージェントに、一度相談する

■ 8. 選考で見られたポイント5つ
1. 製造業での業界知見の深さ
2. ケース面接での論理的な考え方
3. なぜコンサルに移りたいのか
4. 成長意欲と、学ぶ姿勢
5. コミュニケーションの分かりやすさ

■ 9. メーカーの営業企画の方が、コンサルを考えるなら（PR）
事業会社からコンサルへの転職は、業界知見がある人ほど有利です。ケース面接も対策すれば十分戦えます。コンサル転職に強いエージェントに一度相談してみてください↓
【読まなくていい人】今の営業企画の仕事に満足している方／激務を避けたい方
【読んでほしい人】事業会社から、コンサルへの転職を迷っている方
〈登録の流れ〉
① 「何の業界知見で戦うか」を1つ決める
② 下のリンクから登録し、『コンサル転職・ケース面接対策』の希望をそのまま伝える
③ 出てきた求人を、第8章の5つで確認する
登録・相談に費用はかかりません（詳細は各社の公式サイトで確認してください）。
電話が不安な方は、登録時の備考欄に「連絡はメール希望」など、希望の連絡方法を書いておくと安心です。
〈どちらから動く？〉
今週中に動きたい方 → 専門のエージェントに、条件をそのまま伝える
▶ 若手ハイクラス向けの転職支援（ASSIGN）
https://px.a8.net/svt/ejp?a8mat=4BC36H+AP7H6A+49JS+BXIYP&a8sns=note
▶ 営業・ハイキャリア寄りの転職支援（Groovement Agent）
https://px.a8.net/svt/ejp?a8mat=4BC9F9+6V2WTU+4SXU+NUMHT&a8sns=note
まず条件を整理したい方 → LINE診断で2つに絞る（30秒）
▶ 自分に合う転職サービスを30秒で診断（LINE・無料）
https://career-line-bot.career-line-bot.workers.dev/l/note-g29

■ まとめ
・事業会社からコンサルは、業界知見がある人ほど有利
・ケース面接も、対策すれば戦える
・コンサル転職に強いエージェントに相談する
迷ったら、まず30秒の診断から。
▶ 自分に合う転職サービスを30秒で診断（LINE・無料）
https://career-line-bot.career-line-bot.workers.dev/l/note-g29

■ 出典・注記
この記事は想定事例です。時間割・エピソードを含め、相談事例をもとに設定した例で、実在の特定の方の話ではありません。実際の年収・条件は、会社・評価・経験によって変わります。

次回は、「広告代理店（運用）→事業会社のWebマーケ」の話を書きます。マガジンをフォローしておくと届きます。",2230,"【PR】市場価値が上がってる実感がない…

メーカー→総合コンサルへ 30歳、業界知見で勝負
550万→700万。2年目は800万〜

メーカー営業企画→総合コンサルの話を、数字ごとnoteに書きました。
▼ コメント欄へ","noteはこちら → 【noteのURL】
（PR）30秒診断（LINE・無料）→ https://career-line-bot.career-line-bot.workers.dev/l/note-g29
（PR）若手ハイクラス向けの転職支援（ASSIGN）→ https://px.a8.net/svt/ejp?a8mat=4BC36H+AP7H6A+49JS+BXIYP&a8sns=note","・モデルケース：想定事例と明記
・コンサル特化のパートナーが無いため、総合型を案内
・年齢制限を断定しない（「言われがち」）",下書き
30,一般転職,モデルケース,【転職体験記No.30】広告代理店（運用）→事業会社のWebマーケ ＜「深夜1時のSlackに、もう驚かない」28歳＞,広告代理店から事業会社のマーケへ。残業が半分になって、年収も上がった話【転職体験記No.30】,クライアントの数字は伸ばせても、自分の事業には関われない。28歳が動いた理由,深夜1時のSlack、もう慣れた…,"広告代理店→事業会社へ
残業が半分になった",450万→520万。CPA改善率が武器,"0. PR表記／導入／共感3つ／★CTA①（LINE診断）
こんな悩み、ありませんか？
1. プロフィールと、動いた理由
2. 条件を、並べてみる
3. 4社応募→2社内定
4. 選考の流れ（応募から内定まで・想定）
5. 入ってから「聞いていなかった」となりやすい3つ
6. 1年後のリアル
7. この事例から持ち帰れる5つ
8. 選考で見られたポイント5つ
9. 広告代理店の方が、事業会社のマーケを考えるなら（PR）
まとめ
出典・注記
（3と4の間に★CTA②／最後にCTA③）","※本記事にはアフィリエイト広告（PR）を含みます（第9章に明記）。
※この記事は、複数の相談事例をもとにした想定ケース（モデルケース）です。実在の特定の方の話ではありません。

「深夜1時に『数字、明日の朝まで』ってSlackが来ても、もう驚かないんです」。広告代理店で運用を担当する28歳の女性でした。

■ こんな悩み、ありませんか？
✔クライアントワークで、深夜残業が当たり前
✔自分の手で事業を伸ばす経験がしたい
✔代理店の経験が事業会社で通用するか不安

この記事でわかるのは、①広告運用の実績を武器にする方法、②入ってから「聞いていなかった」となりやすい3つ、③選考で見られたポイント5つ、の3点です。

▼ 先に結論だけ知りたい方へ（PR）
LINE診断（5問・30秒）で、職種・年代・年収・重視すること・時期から、条件に合うサービスを2つに絞れます。
▶ 自分に合う転職サービスを30秒で診断（無料）（LINE診断）
https://career-line-bot.career-line-bot.workers.dev/l/note-g30

■ 1. プロフィールと、動いた理由
28歳、広告代理店で運用を担当していた女性のモデルケースです。クライアントの数字は伸ばせても、自分の事業には関われない。深夜のレポート作成にも疲れていました。

■ 2. 条件を、並べてみる
・転職前：年収450万円（残業代込み）
・転職後：年収520万円（残業月20時間）
・年収差：+70万円
※モデルケースの数字です。会社・評価によって変わります。

■ 3. 4社応募→2社内定
4社に応募して2社から内定。広告運用の実数値（CPA改善率）を示せたことが評価されました。

▼ 同じ条件で、いま求人が出るか確かめたい方は、こちらから（PR）
▶ 営業・ハイキャリア寄りの転職支援（Groovement Agent）
https://px.a8.net/svt/ejp?a8mat=4BC9F9+6V2WTU+4SXU+NUMHT&a8sns=note
▶ 自分に合う転職サービスを30秒で診断（無料）（LINE診断）
https://career-line-bot.career-line-bot.workers.dev/l/note-g30

■ 4. 選考の流れ（応募から内定まで・想定）
1週目：エージェントと面談。CPA改善率などの実数値を整理
2週目：4社に応募
3〜4週目：面接。運用の成果と、事業会社で伸ばしたいことを説明
5週目：2社から内定
6週目：1社を承諾

■ 5. 入ってから「聞いていなかった」となりやすい3つ
1. 業務の幅：広告以外のマーケ業務も担当します
2. 事業への責任：自社の数字に責任を持ちます
3. 評価の仕組み：成果の見え方が、代理店と違います

■ 6. 1年後のリアル
【想定】広告運用に加えて、メールやSEOの業務も増えました。自社の事業を伸ばしている実感があり、残業は月20時間に落ち着いています。

■ 7. この事例から持ち帰れる5つ
代理店から事業会社は、マーケ職の定番のステップアップです。残業が減り、事業全体を見られるようになります。運用の実数値は、それだけで強い武器です。
1. 代理店から事業会社は、マーケ職の定番のステップアップ
2. 運用の実数値は、それだけで強い武器
3. 残業が減り、事業全体を見られるようになる
4. 広告以外の業務も、担当する前提で考える
5. 自分の数字を、職務経歴書に具体的に書く

■ 8. 選考で見られたポイント5つ
1. CPA改善率などの、広告運用の実数値
2. 事業会社で伸ばしたいことの具体性
3. 広告以外のマーケへの関心
4. 数字への向き合い方
5. コミュニケーションの丁寧さ

■ 9. 広告代理店の方が、事業会社のマーケを考えるなら（PR）
代理店から事業会社のマーケへは、マーケ職の定番のステップアップです。広告運用の実数値は、それだけで強い武器になります↓
【読まなくていい人】今の代理店の働き方に満足している方／広告運用だけを続けたい方
【読んでほしい人】自分の手で、事業を伸ばす経験がしたい方
〈登録の流れ〉
① 「これまでの運用の数字を3つ」書き出す
② 下のリンクから登録し、『事業会社のWebマーケ』の希望をそのまま伝える
③ 出てきた求人を、第8章の5つで確認する
登録・相談に費用はかかりません（詳細は各社の公式サイトで確認してください）。
電話が不安な方は、登録時の備考欄に「連絡はメール希望」など、希望の連絡方法を書いておくと安心です。
〈どちらから動く？〉
今週中に動きたい方 → 専門のエージェントに、条件をそのまま伝える
▶ 営業・ハイキャリア寄りの転職支援（Groovement Agent）
https://px.a8.net/svt/ejp?a8mat=4BC9F9+6V2WTU+4SXU+NUMHT&a8sns=note
▶ 20代向けの総合型エージェント（Yume Career）
https://px.a8.net/svt/ejp?a8mat=4BC9F9+77L0J6+5PWS+BXB8X&a8sns=note
まず条件を整理したい方 → LINE診断で2つに絞る（30秒）
▶ 自分に合う転職サービスを30秒で診断（LINE・無料）
https://career-line-bot.career-line-bot.workers.dev/l/note-g30

■ まとめ
・代理店から事業会社のマーケは、定番のステップアップ
・運用の実数値は、強い武器になる
・広告以外の業務も、担当する前提で考える
迷ったら、まず30秒の診断から。
▶ 自分に合う転職サービスを30秒で診断（LINE・無料）
https://career-line-bot.career-line-bot.workers.dev/l/note-g30

■ 出典・注記
この記事は想定事例です。時間割・エピソードを含め、相談事例をもとに設定した例で、実在の特定の方の話ではありません。実際の年収・条件は、会社・評価・経験によって変わります。

次回は、「市役所（一般行政職）→自治体向けSaaS営業」の話を書きます。マガジンをフォローしておくと届きます。",2204,"【PR】深夜1時のSlack、もう慣れた…

広告代理店→事業会社へ 残業が半分になった
450万→520万。CPA改善率が武器

広告代理店（運用）→事業会社のWebマーケの話を、数字ごとnoteに書きました。
▼ コメント欄へ","noteはこちら → 【noteのURL】
（PR）30秒診断（LINE・無料）→ https://career-line-bot.career-line-bot.workers.dev/l/note-g30
（PR）営業・ハイキャリア寄りの転職支援（Groovement Agent）→ https://px.a8.net/svt/ejp?a8mat=4BC9F9+6V2WTU+4SXU+NUMHT&a8sns=note","・モデルケース：想定事例と明記
・CPA改善率など、実数値は実例に合わせる
・IT・Web特化のパートナーが無いため、総合型を案内",下書き
31,一般転職,モデルケース,【転職体験記No.31】市役所（一般行政職）→自治体向けSaaS営業 ＜「『公務員は安泰でいいね』と言われるたびモヤモヤする」29歳＞,市役所7年目、公務員を辞めて自治体向けSaaSへ。『前例がない』から抜け出した話【転職体験記No.31】,安定を手放すのは怖い。それでも29歳の公務員が動いた理由と、年収の変化,前例踏襲の毎日…このまま定年？,"市役所→自治体向けSaaSへ
公務員が民間に出た理由",430万→520万。副業もOKに,"0. PR表記／導入／共感3つ／★CTA①（LINE診断）
こんな悩み、ありませんか？
1. プロフィールと、動いた理由
2. 条件を、並べてみる
3. 自治体の内側を知っていることが強みに
4. 選考の流れ（応募から内定まで・想定）
5. 入ってから「聞いていなかった」となりやすい3つ
6. 1年後のリアル
7. この事例から持ち帰れる5つ
8. 選考で見られたポイント5つ
9. 公務員の方が、民間への転職を考えるなら（PR）
まとめ
出典・注記
（3と4の間に★CTA②／最後にCTA③）","※本記事にはアフィリエイト広告（PR）を含みます（第9章に明記）。
※この記事は、複数の相談事例をもとにした想定ケース（モデルケース）です。実在の特定の方の話ではありません。

「『公務員なんて安泰でいいね』って言われるたび、モヤモヤするんです」。市役所で働く29歳の男性でした。

■ こんな悩み、ありませんか？
✔前例踏襲の毎日で、成長している実感がない
✔安定を手放すのが怖い
✔公務員の経験が民間で通用するか分からない

この記事でわかるのは、①公務員から民間への転職の流れ、②入ってから「聞いていなかった」となりやすい3つ、③選考で見られたポイント5つ、の3点です。

▼ 先に結論だけ知りたい方へ（PR）
LINE診断（5問・30秒）で、職種・年代・年収・重視すること・時期から、条件に合うサービスを2つに絞れます。
▶ 自分に合う転職サービスを30秒で診断（無料）（LINE診断）
https://career-line-bot.career-line-bot.workers.dev/l/note-g31

■ 1. プロフィールと、動いた理由
29歳、市役所で一般行政職をしていた男性のモデルケースです。前例踏襲の毎日で、安定はあるが、このまま定年まで働くと考えると怖くなったという相談でした。

■ 2. 条件を、並べてみる
・転職前：年収430万円
・転職後：年収520万円（手当込み）
・年収差：+90万円
・副業：OKになった
※モデルケースの数字です。会社・評価によって変わります。

■ 3. 自治体の内側を知っていることが強みに
3社に応募して1社から内定。公務員の業務理解が強みになり、自治体向けSaaSの営業に決めました。

▼ 同じ条件で、いま求人が出るか確かめたい方は、こちらから（PR）
▶ 20代向けの総合型エージェント（Yume Career）
https://px.a8.net/svt/ejp?a8mat=4BC9F9+77L0J6+5PWS+BXB8X&a8sns=note
▶ 自分に合う転職サービスを30秒で診断（無料）（LINE診断）
https://career-line-bot.career-line-bot.workers.dev/l/note-g31

■ 4. 選考の流れ（応募から内定まで・想定）
1週目：エージェントと面談。自治体での業務経験を整理
2週目：GovTech・自治体向け企業3社に応募
3〜4週目：面接。自治体の内側を知っている強みを説明
5週目：1社から内定・承諾
退職手続き：引き継ぎと退職のスケジュールを調整

■ 5. 入ってから「聞いていなかった」となりやすい3つ
1. 成果主義：安定から、成果を求められる働き方に変わります
2. 退職金・年金：公務員と民間では、制度が違います
3. 営業の仕事：数字の目標があります

■ 6. 1年後のリアル
【想定】最初の半年は、営業の数字に慣れるのに苦労しました。自治体の職員の考え方が分かる強みで、提案が通る場面も増えています。副業がOKになり、視野も広がりました。

■ 7. この事例から持ち帰れる5つ
公務員から民間への転職は、「自治体の内側を知っている」ことが武器になります。GovTechや自治体向けの企業は、公務員経験者を積極的に採用しています。選択肢は実は多いです。
1. 公務員から民間へは、「自治体の内側を知っている」ことが武器
2. GovTechや自治体向け企業は、公務員経験者を積極的に採用している
3. 安定を手放す前に、退職金・年金の違いを確認する
4. 副業OKの会社も、選択肢になる
5. 選択肢は、実は多い

■ 8. 選考で見られたポイント5つ
1. 自治体の内側を知っている、業務理解
2. なぜ公務員から民間に移るのか
3. 営業の数字に向き合う覚悟
4. 自治体向けサービスへの関心
5. 学び続ける姿勢

■ 9. 公務員の方が、民間への転職を考えるなら（PR）
「自治体の内側を知っている」ことは、GovTechや自治体向けの企業で大きな武器になります。公務員からの転職は、実は選択肢が多いです↓
【読まなくていい人】今の公務員の働き方に満足している方／安定を最優先にしたい方
【読んでほしい人】前例踏襲の毎日に、モヤモヤしている方
〈登録の流れ〉
① 「手放せないもの」と「手に入れたいもの」を書き出す
② 下のリンクから登録し、『GovTech・自治体向け企業』の希望をそのまま伝える
③ 出てきた求人を、第8章の5つで確認する
登録・相談に費用はかかりません（詳細は各社の公式サイトで確認してください）。
電話が不安な方は、登録時の備考欄に「連絡はメール希望」など、希望の連絡方法を書いておくと安心です。
〈どちらから動く？〉
今週中に動きたい方 → 専門のエージェントに、条件をそのまま伝える
▶ 20代向けの総合型エージェント（Yume Career）
https://px.a8.net/svt/ejp?a8mat=4BC9F9+77L0J6+5PWS+BXB8X&a8sns=note
▶ 若手ハイクラス向けの転職支援（ASSIGN）
https://px.a8.net/svt/ejp?a8mat=4BC36H+AP7H6A+49JS+BXIYP&a8sns=note
まず条件を整理したい方 → LINE診断で2つに絞る（30秒）
▶ 自分に合う転職サービスを30秒で診断（LINE・無料）
https://career-line-bot.career-line-bot.workers.dev/l/note-g31

■ まとめ
・公務員経験は、自治体向けの企業で武器になる
・退職金・年金の違いを、先に確認する
・選択肢は、実は多い
迷ったら、まず30秒の診断から。
▶ 自分に合う転職サービスを30秒で診断（LINE・無料）
https://career-line-bot.career-line-bot.workers.dev/l/note-g31

■ 出典・注記
この記事は想定事例です。時間割・エピソードを含め、相談事例をもとに設定した例で、実在の特定の方の話ではありません。実際の年収・条件は、会社・評価・経験によって変わります。

次回は、「小学校教員→研修・人材育成会社（企画営業）」の話を書きます。マガジンをフォローしておくと届きます。",2234,"【PR】前例踏襲の毎日…このまま定年？

市役所→自治体向けSaaSへ 公務員が民間に出た理由
430万→520万。副業もOKに

市役所（一般行政職）→自治体向けSaaS営業の話を、数字ごとnoteに書きました。
▼ コメント欄へ","noteはこちら → 【noteのURL】
（PR）30秒診断（LINE・無料）→ https://career-line-bot.career-line-bot.workers.dev/l/note-g31
（PR）20代向けの総合型エージェント（Yume Career）→ https://px.a8.net/svt/ejp?a8mat=4BC9F9+77L0J6+5PWS+BXB8X&a8sns=note","・モデルケース：想定事例と明記
・公務員の退職金・年金・福利厚生の違いは、断定せず「一般には」と書く
・GovTech求人の有無は公開情報で確認",下書き
55,一般転職,モデルケース,【転職体験記No.55】小学校教員→研修・人材育成会社（企画営業） ＜「日曜日の夕方、サザエさんのエンディングで涙が出たんです」31歳＞,小学校教員を辞めて研修会社へ。年収はほぼ同じ、でも日曜の夜が怖くなくなった話【転職体験記No.55】,月の残業80時間超から20時間へ。教える力を企業研修に活かした31歳の転職,日曜の夕方に、涙が出る…,"小学校教員を辞めて研修会社へ
年収は同じ、日曜の夜が変わった",480万→470万。残業80h→20h,"0. PR表記／導入／共感3つ／★CTA①（LINE診断）
こんな悩み、ありませんか？
1. プロフィールと、動いた理由
2. 条件を、並べてみる
3. 4社応募→1社内定。教える力をどう伝えたか
4. 選考の流れ（応募から内定まで・想定）
5. 入ってから「聞いていなかった」となりやすい3つ
6. 1年後のリアル
7. この事例から持ち帰れる5つ
8. 選考で見られたポイント5つ
9. 教員の方が、企業への転職を考えるなら（PR）
まとめ
出典・注記
（3と4の間に★CTA②／最後にCTA③）","※本記事にはアフィリエイト広告（PR）を含みます（第9章に明記）。
※この記事は、複数の相談事例をもとにした想定ケース（モデルケース）です。実在の特定の方の話ではありません。

「日曜日の夕方、サザエさんのエンディングで涙が出たんです」。小学校で働く31歳の先生でした。

■ こんな悩み、ありませんか？
✔部活や保護者対応で、残業が月80時間を超えている
✔教えることは好き。でも心と体が限界
✔教員以外の仕事ができるイメージが湧かない

この記事でわかるのは、①教員から企業への転職の進め方、②入ってから「聞いていなかった」となりやすい3つ、③選考で見られたポイント5つ、の3点です。

▼ 先に結論だけ知りたい方へ（PR）
LINE診断（5問・30秒）で、職種・年代・年収・重視すること・時期から、条件に合うサービスを2つに絞れます。
▶ 自分に合う転職サービスを30秒で診断（無料）（LINE診断）
https://career-line-bot.career-line-bot.workers.dev/l/note-g55

■ 1. プロフィールと、動いた理由
31歳の小学校の先生。部活・保護者対応で、月の残業が80時間を超えていました。教えることは好きですが、心と体が限界でした。

■ 2. 条件を、並べてみる
・転職前：年収480万円（残業80時間超）
・転職後：年収470万円（残業20時間）
・年収差：−10万円
・残業時間：月80時間 → 20時間
※教員からの転職は、年収が横ばいでも、時間の余裕が大きく変わります。年収は微減でも、残業の差を時給に直して考える人もいます。

■ 3. 4社応募→1社内定。教える力をどう伝えたか
「人に教える力」を、企業研修の企画で活かす方向に絞りました。4社に応募して1社から内定。教育系・研修系・EdTechが、教員からの転職で入りやすい領域です。

▼ 同じ条件で、いま求人が出るか確かめたい方は、こちらから（PR）
▶ 営業・ハイキャリア寄りの転職支援（Groovement Agent）
https://px.a8.net/svt/ejp?a8mat=4BC9F9+6V2WTU+4SXU+NUMHT&a8sns=note
▶ 自分に合う転職サービスを30秒で診断（無料）（LINE診断）
https://career-line-bot.career-line-bot.workers.dev/l/note-g55

■ 4. 選考の流れ（応募から内定まで・想定）
1週目：エージェントと面談。「教える力」を企業の言葉で整理
2週目：研修・教育系4社に応募
3週目：書類通過は3社
4〜5週目：面接。授業設計の経験を、研修企画として説明
6週目：1社から内定・承諾
退職手続き：学期の区切りに合わせて調整

■ 5. 入ってから「聞いていなかった」となりやすい3つ
1. 営業の数字：企画営業は、受注の目標があります
2. 年収の動き：初年度は横ばいか、微減になることがあります
3. 退職のタイミング：学期の途中に辞めにくい点は、早めに確認します

■ 6. 1年後のリアル
【想定】残業が月20時間ほどに減り、日曜の夜が怖くなくなりました。営業の数字の慣れには時間がかかりましたが、教える力が研修の企画で活き、手応えを感じています。

■ 7. この事例から持ち帰れる5つ
教員からの転職は、年収が横ばいでも、時間の余裕が大きく変わります。教育系・研修系・EdTechが入りやすい領域です。
1. 教員の経験は、研修・教育系の企業で評価される
2. 年収が横ばいでも、時間の余裕が大きく変わる
3. 「教える力」を、企業の言葉に置き換える
4. 退職のタイミングは、学期に合わせて早めに動く
5. 営業の数字に向き合う覚悟も、選考で問われる

■ 8. 選考で見られたポイント5つ
1. 授業設計・指導の経験を、企業研修の企画に結びつけて話せるか
2. なぜ教員から企業に移るのか、動機の具体性
3. 営業・数字への向き合い方
4. コミュニケーションの分かりやすさ
5. 学び続ける姿勢

■ 9. 教員の方が、企業への転職を考えるなら（PR）
教員からの転職は、「教える力」を活かせる研修・教育・EdTechの分野が入りやすいです。年収はそのままでも、時間の余裕は大きく変わります↓
【読まなくていい人】今の教員の仕事に満足している方／営業の数字が苦手な方
【読んでほしい人】残業や心身の負担で、教員以外の道を考えている方
〈登録の流れ〉
① 「教員の経験で使えること」を3つ書き出す
② 下のリンクから登録し、『教育系・研修系・EdTech』の希望をそのまま伝える
③ 出てきた求人を、第8章の5つで確認する
登録・相談に費用はかかりません（詳細は各社の公式サイトで確認してください）。
電話が不安な方は、登録時の備考欄に「連絡はメール希望」など、希望の連絡方法を書いておくと安心です。
※sXarsは対象エリアがあるため、公式サイトで確認してください。
〈どちらから動く？〉
今週中に動きたい方 → 専門のエージェントに、条件をそのまま伝える
▶ 営業・ハイキャリア寄りの転職支援（Groovement Agent）
https://px.a8.net/svt/ejp?a8mat=4BC9F9+6V2WTU+4SXU+NUMHT&a8sns=note
▶ 営業・ITなど幅広い転職支援（sXars）
https://px.a8.net/svt/ejp?a8mat=4BC9F9+6HDZGI+5YHY+5YJRM&a8sns=note
まず条件を整理したい方 → LINE診断で2つに絞る（30秒）
▶ 自分に合う転職サービスを30秒で診断（LINE・無料）
https://career-line-bot.career-line-bot.workers.dev/l/note-g55

■ まとめ
・教員の経験は、研修・教育系の企業で評価される
・年収が横ばいでも、時間の余裕は大きく変わる
・営業の数字と、退職のタイミングを、先に確認する
迷ったら、まず30秒の診断から。
▶ 自分に合う転職サービスを30秒で診断（LINE・無料）
https://career-line-bot.career-line-bot.workers.dev/l/note-g55

■ 出典・注記
この記事は想定事例です。時間割・エピソードを含め、相談事例をもとに設定した例で、実在の特定の方の話ではありません。実際の年収・条件は、会社・評価・経験によって変わります。

次回は、「生命保険（フルコミッション営業）→HR系SaaS（法人営業）」の話を書きます。マガジンをフォローしておくと届きます。",2385,"【PR】日曜の夕方に、涙が出る…

小学校教員を辞めて研修会社へ 年収は同じ、日曜の夜が変わった
480万→470万。残業80h→20h

小学校教員→研修・人材育成会社（企画営業）の話を、数字ごとnoteに書きました。
▼ コメント欄へ","noteはこちら → 【noteのURL】
（PR）30秒診断（LINE・無料）→ https://career-line-bot.career-line-bot.workers.dev/l/note-g55
（PR）営業・ハイキャリア寄りの転職支援（Groovement Agent）→ https://px.a8.net/svt/ejp?a8mat=4BC9F9+6V2WTU+4SXU+NUMHT&a8sns=note","・モデルケース：想定事例と明記
・教員からの転職の入りやすい領域（教育系・研修系・EdTech）は、指示書の記載。出典確認",下書き
56,一般転職,モデルケース,【転職体験記No.56】生命保険（フルコミッション営業）→HR系SaaS（法人営業） ＜「電話帳の『あ行』から、もう誰にも電話できなくなりました」36歳＞,保険営業から法人営業へ。歩合で年ブレが大きかった36歳が、固定480万円に変えた話【転職体験記No.56】,知人に売り尽くした…36歳でも2社内定が出た理由は「継続率」だった,知人に売り尽くして、電話できない…,"保険営業から法人営業へ
歩合の不安から固定給へ",500万→560万。固定480万＋インセン80万,"0. PR表記／導入／共感3つ／★CTA①（LINE診断）
こんな悩み、ありませんか？
1. プロフィールと、動いた理由
2. 条件を、並べてみる
3. 個人営業のクロージング力と、継続率を評価された
4. 選考の流れ（応募から内定まで・想定）
5. 入ってから「聞いていなかった」となりやすい3つ
6. 1年後のリアル
7. この事例から持ち帰れる5つ
8. 選考で見られたポイント5つ
9. 保険営業の方が、法人営業への転職を考えるなら（PR）
まとめ
出典・注記
（3と4の間に★CTA②／最後にCTA③）","※本記事にはアフィリエイト広告（PR）を含みます（第9章に明記）。
※この記事は、複数の相談事例をもとにした想定ケース（モデルケース）です。実在の特定の方の話ではありません。

「電話帳の『あ行』から、もう誰にも電話できなくなりました」。生命保険のフルコミッション営業をしていた36歳の男性でした。

■ こんな悩み、ありませんか？
✔知人に売り尽くして、新規開拓に心が折れている
✔歩合制で収入が安定しない
✔30代後半からの転職は無理だと思っている

この記事でわかるのは、①保険営業から法人営業への転職の進め方、②入ってから「聞いていなかった」となりやすい3つ、③選考で見られたポイント5つ、の3点です。

▼ 先に結論だけ知りたい方へ（PR）
LINE診断（5問・30秒）で、職種・年代・年収・重視すること・時期から、条件に合うサービスを2つに絞れます。
▶ 自分に合う転職サービスを30秒で診断（無料）（LINE診断）
https://career-line-bot.career-line-bot.workers.dev/l/note-g56?job=sales

■ 1. プロフィールと、動いた理由
36歳の男性。生命保険のフルコミッション営業で、知人には売り尽くし、新規開拓の電話に心が折れていました。固定給で安定して働きたいという相談でした。

■ 2. 条件を、並べてみる
・転職前：年収500万円（歩合で年ごとのブレが大きい）
・転職後：年収560万円（固定480万円＋インセンティブ80万円）
・年収差：+60万円
※転職後のインセンティブは、会社・評価によって変わります。前職の年収は、歩合の平均的な年の目安です。

■ 3. 個人営業のクロージング力と、継続率を評価された
個人営業のクロージング力と、継続率の高さが評価され、30代後半でも2社から内定が出ました。法人向けの無形商材は、保険営業との親和性が高い分野です。

▼ 同じ条件で、いま求人が出るか確かめたい方は、こちらから（PR）
▶ 営業・ハイキャリア寄りの転職支援（Groovement Agent）
https://px.a8.net/svt/ejp?a8mat=4BC9F9+6V2WTU+4SXU+NUMHT&a8sns=note
▶ 自分に合う転職サービスを30秒で診断（無料）（LINE診断）
https://career-line-bot.career-line-bot.workers.dev/l/note-g56?job=sales

■ 4. 選考の流れ（応募から内定まで・想定）
1週目：エージェントと面談。「継続率」と、歩合の年ごとの変動を数字で整理
2週目：法人向けSaaS・無形商材の営業に応募
3〜4週目：面接。個人営業のクロージングの型を説明
5週目：2社から内定
6週目：固定給の比率を比べて、1社を承諾

■ 5. 入ってから「聞いていなかった」となりやすい3つ
1. 法人営業の進め方：個人向けと違い、決裁者が複数になります
2. インセンティブの条件：達成の基準と、支払いの時期を確認します
3. 研修・引き継ぎ：新しい商材の学び方を確認します

■ 6. 1年後のリアル
【想定】法人営業の進め方に慣れるまでは苦労しましたが、固定給があるおかげで、月ごとの収入の不安が小さくなりました。継続率を意識する習慣が、そのまま活きています。

■ 7. この事例から持ち帰れる5つ
保険営業の多くが、「固定給」と「売り方」に悩みます。法人向けの無形商材は、個人営業の経験が活きやすい分野です。
1. 保険営業の経験は、法人向け無形商材で活きる
2. 固定給の比率が、生活の安定を決める
3. 継続率は、営業の実績として語れる
4. 30代後半でも、内定は出る
5. 歩合の年収は、悪い年で考える

■ 8. 選考で見られたポイント5つ
1. 個人営業のクロージング力と、実績の数字
2. 継続率の高さ
3. なぜ歩合から固定給に移るのか
4. 法人営業への学ぶ姿勢
5. コミュニケーションの分かりやすさ

■ 9. 保険営業の方が、法人営業への転職を考えるなら（PR）
保険営業で鍛えたクロージング力は、法人向けの無形商材で高く評価されます。30代後半でも、固定給で安定して働ける求人はあります↓
【読まなくていい人】今の歩合の収入に満足している方／固定給に興味がない方
【読んでほしい人】歩合の不安から離れ、固定給で安定したい方
〈登録の流れ〉
① 「固定でいくら欲しいか」と「今の継続率」を書き出す
② 下のリンクから登録し、『法人向け無形商材・固定給あり』の希望をそのまま伝える
③ 出てきた求人を、第8章の5つで確認する
登録・相談に費用はかかりません（詳細は各社の公式サイトで確認してください）。
電話が不安な方は、登録時の備考欄に「連絡はメール希望」など、希望の連絡方法を書いておくと安心です。
※sXarsは対象エリアがあるため、公式サイトで確認してください。
〈どちらから動く？〉
今週中に動きたい方 → 専門のエージェントに、条件をそのまま伝える
▶ 営業・ハイキャリア寄りの転職支援（Groovement Agent）
https://px.a8.net/svt/ejp?a8mat=4BC9F9+6V2WTU+4SXU+NUMHT&a8sns=note
▶ 営業・ITなど幅広い転職支援（sXars）
https://px.a8.net/svt/ejp?a8mat=4BC9F9+6HDZGI+5YHY+5YJRM&a8sns=note
まず条件を整理したい方 → LINE診断で2つに絞る（30秒）
▶ 自分に合う転職サービスを30秒で診断（LINE・無料）
https://career-line-bot.career-line-bot.workers.dev/l/note-g56?job=sales

■ まとめ
・保険営業の経験は、法人向け無形商材で評価される
・固定給の比率とインセンティブの条件を、確認する
・30代後半でも、内定は出る
迷ったら、まず30秒の診断から。
▶ 自分に合う転職サービスを30秒で診断（LINE・無料）
https://career-line-bot.career-line-bot.workers.dev/l/note-g56?job=sales

■ 出典・注記
この記事は想定事例です。時間割・エピソードを含め、相談事例をもとに設定した例で、実在の特定の方の話ではありません。実際の年収・条件は、会社・評価・経験によって変わります。

次回は、「一般事務（派遣）→経理（正社員）」の話を書きます。マガジンをフォローしておくと届きます。",2327,"【PR】知人に売り尽くして、電話できない…

保険営業から法人営業へ 歩合の不安から固定給へ
500万→560万。固定480万＋インセン80万

生命保険（フルコミッション営業）→HR系SaaS（法人営業）の話を、数字ごとnoteに書きました。
▼ コメント欄へ","noteはこちら → 【noteのURL】
（PR）30秒診断（LINE・無料）→ https://career-line-bot.career-line-bot.workers.dev/l/note-g56?job=sales
（PR）営業・ハイキャリア寄りの転職支援（Groovement Agent）→ https://px.a8.net/svt/ejp?a8mat=4BC9F9+6V2WTU+4SXU+NUMHT&a8sns=note","・モデルケース：想定事例と明記
・前職の歩合は年によってブレが大きい。目安と明記
・sXarsはエリア制限あり",下書き
57,一般転職,モデルケース,【転職体験記No.57】一般事務（派遣）→経理（正社員） ＜「『3年で契約終わりです』って言われて、自分に何も残ってない気がしたんです」27歳＞,事務→経理は「簿記2級」が突破口。派遣3年で契約終了を迎える前に動いた27歳の話【転職体験記No.57】,年収300万→370万。働きながら簿記2級を取って、経理の正社員になった流れ,3年で契約終了。何も残らない…,"事務→経理は「簿記2級」が突破口
派遣から正社員へ",300万→370万。3社中2社内定,"0. PR表記／導入／共感3つ／★CTA①（LINE診断）
こんな悩み、ありませんか？
1. プロフィールと、動いた理由
2. 条件を、並べてみる
3. 事務経験＋簿記2級で、経理未経験OKの求人へ
4. 選考の流れ（応募から内定まで・想定）
5. 入ってから「聞いていなかった」となりやすい3つ
6. 1年後のリアル
7. この事例から持ち帰れる5つ
8. 選考で見られたポイント5つ
9. 派遣の事務の方が、経理への転職を考えるなら（PR）
まとめ
出典・注記
（3と4の間に★CTA②／最後にCTA③）","※本記事にはアフィリエイト広告（PR）を含みます（第9章に明記）。
※この記事は、複数の相談事例をもとにした想定ケース（モデルケース）です。実在の特定の方の話ではありません。

「『3年で契約終わりです』って言われて、自分に何も残ってない気がしたんです」。派遣で事務をしていた27歳の女性でした。

■ こんな悩み、ありませんか？
✔派遣の契約終了が近づいていて不安
✔手に職をつけたい
✔正社員になりたいけど、アピールできるスキルがない

この記事でわかるのは、①事務から経理への転職の進め方、②入ってから「聞いていなかった」となりやすい3つ、③選考で見られたポイント5つ、の3点です。

▼ 先に結論だけ知りたい方へ（PR）
LINE診断（5問・30秒）で、職種・年代・年収・重視すること・時期から、条件に合うサービスを2つに絞れます。
▶ 自分に合う転職サービスを30秒で診断（無料）（LINE診断）
https://career-line-bot.career-line-bot.workers.dev/l/note-g57

■ 1. プロフィールと、動いた理由
27歳の女性。一般事務の派遣で、3年ルールによる契約終了が迫っていました。「自分に何も残っていない気がする」と、手に職をつけたいと相談に来られました。

■ 2. 条件を、並べてみる
・転職前：年収300万円（派遣・時給1,450円）
・転職後：年収370万円（正社員・月給25万円＋賞与）
・年収差：+70万円
※派遣は時給制で、正社員は月給制のため、年収に直して比べています。賞与や昇給は、会社によって変わります。

■ 3. 事務経験＋簿記2級で、経理未経験OKの求人へ
働きながら簿記2級を取得。事務経験と簿記を組み合わせ、経理未経験OKの求人に応募し、3社中2社から内定が出ました。

▼ 同じ条件で、いま求人が出るか確かめたい方は、こちらから（PR）
▶ 20代向けの総合型エージェント（Yume Career）
https://px.a8.net/svt/ejp?a8mat=4BC9F9+77L0J6+5PWS+BXB8X&a8sns=note
▶ 自分に合う転職サービスを30秒で診断（無料）（LINE診断）
https://career-line-bot.career-line-bot.workers.dev/l/note-g57

■ 4. 選考の流れ（応募から内定まで・想定）
転職前：簿記2級の勉強（数ヶ月）
1週目：エージェントと面談。事務経験と簿記の活かし方を整理
2〜3週目：経理未経験OKの求人3社に応募
4週目：面接。学習の姿勢と、事務での正確さを説明
5週目：2社から内定・1社を承諾

■ 5. 入ってから「聞いていなかった」となりやすい3つ
1. 経理の繁忙期：決算期は、残業が増えることがあります
2. 未経験のスタート：最初は補助的な業務から始まります
3. 給与の動き：初年度は、簿記の経験に応じて決まります

■ 6. 1年後のリアル
【想定】経理の正社員になり、契約更新の不安がなくなりました。決算期は忙しいですが、専門性が身についている実感があります。簿記1級への挑戦も考え始めています。

■ 7. この事例から持ち帰れる5つ
事務から経理へは、「簿記2級」が突破口です。正社員になれて、経験を積めば年収も上がる専門職です。
1. 事務から経理は、簿記2級が突破口
2. 派遣3年ルールの前に、動き始める
3. 経理は、経験を積めば年収が上がる専門職
4. 働きながら資格を取る流れは、選考でも評価される
5. 未経験OKの求人は、探せばある

■ 8. 選考で見られたポイント5つ
1. 簿記2級の取得状況と、学習の姿勢
2. 事務での正確さ・締切を守る経験
3. なぜ経理に移りたいのか、動機の具体性
4. 数字への向き合い方
5. 長く続ける意欲

■ 9. 派遣の事務の方が、経理への転職を考えるなら（PR）
事務から経理への転職は、簿記2級が突破口になります。経験を積むほど市場価値が上がる専門職なので、20代のうちに動くのがおすすめです↓
【読まなくていい人】今の派遣の働き方に満足している方／経理に興味がない方
【読んでほしい人】手に職をつけて、正社員になりたい方
〈登録の流れ〉
① 「簿記の取得状況」と「希望の月給」を決める
② 下のリンクから登録し、『経理未経験OK・簿記2級』の条件をそのまま伝える
③ 出てきた求人を、第8章の5つで確認する
登録・相談に費用はかかりません（詳細は各社の公式サイトで確認してください）。
電話が不安な方は、登録時の備考欄に「連絡はメール希望」など、希望の連絡方法を書いておくと安心です。
〈どちらから動く？〉
今週中に動きたい方 → 専門のエージェントに、条件をそのまま伝える
▶ 20代向けの総合型エージェント（Yume Career）
https://px.a8.net/svt/ejp?a8mat=4BC9F9+77L0J6+5PWS+BXB8X&a8sns=note
▶ 20代向けの転職相談（20代の転職相談所）
https://px.a8.net/svt/ejp?a8mat=4BCBRC+DUX9PU+10SQ+CEVYP&a8sns=note
まず条件を整理したい方 → LINE診断で2つに絞る（30秒）
▶ 自分に合う転職サービスを30秒で診断（LINE・無料）
https://career-line-bot.career-line-bot.workers.dev/l/note-g57

■ まとめ
・事務から経理は、簿記2級が突破口
・派遣3年ルールの前に、動き始める
・繁忙期と、最初の業務範囲を、入社前に確認する
迷ったら、まず30秒の診断から。
▶ 自分に合う転職サービスを30秒で診断（LINE・無料）
https://career-line-bot.career-line-bot.workers.dev/l/note-g57

■ 出典・注記
この記事は想定事例です。時間割・エピソードを含め、相談事例をもとに設定した例で、実在の特定の方の話ではありません。実際の年収・条件は、会社・評価・経験によって変わります。

次回は、「看護師（急性期病棟）→医療系SaaS（カスタマーサクセス）」の話を書きます。マガジンをフォローしておくと届きます。",2235,"【PR】3年で契約終了。何も残らない…

事務→経理は「簿記2級」が突破口 派遣から正社員へ
300万→370万。3社中2社内定

一般事務（派遣）→経理（正社員）の話を、数字ごとnoteに書きました。
▼ コメント欄へ","noteはこちら → 【noteのURL】
（PR）30秒診断（LINE・無料）→ https://career-line-bot.career-line-bot.workers.dev/l/note-g57
（PR）20代向けの総合型エージェント（Yume Career）→ https://px.a8.net/svt/ejp?a8mat=4BC9F9+77L0J6+5PWS+BXB8X&a8sns=note","・モデルケース：想定事例と明記
・派遣3年ルールの説明は簡潔に。制度の詳細は公式情報を参照と書く",下書き
58,一般転職,モデルケース,【転職体験記No.58】看護師（急性期病棟）→医療系SaaS（カスタマーサクセス） ＜「看護師を辞めたら、私に何ができるんですか？」29歳＞,看護師の異業種転職は医療系SaaSが狙い目。夜勤手当なしで年収アップ、フルリモート週2の実例【転職体験記No.58】,資格以外に何もないと思っていた29歳が、「現場を知っている」で評価された理由,辞めたら、私に何ができる？,"看護師の異業種転職は
医療系SaaSが狙い目",470万→500万。フルリモート週2,"0. PR表記／導入／共感3つ／★CTA①（LINE診断）
こんな悩み、ありませんか？
1. プロフィールと、動いた理由
2. 条件を、並べてみる
3. 「現場を知っている」ことが評価された
4. 選考の流れ（応募から内定まで・想定）
5. 入ってから「聞いていなかった」となりやすい3つ
6. 1年後のリアル
7. この事例から持ち帰れる5つ
8. 選考で見られたポイント5つ
9. 看護師の方が、医療系SaaSへの転職を考えるなら（PR）
まとめ
出典・注記
（3と4の間に★CTA②／最後にCTA③）","※本記事にはアフィリエイト広告（PR）を含みます（第9章に明記）。
※この記事は、複数の相談事例をもとにした想定ケース（モデルケース）です。実在の特定の方の話ではありません。

「看護師を辞めたら、私に何ができるんですか？」。夜勤で体調を崩した29歳の看護師さんに、そう聞かれました。

■ こんな悩み、ありませんか？
✔夜勤で体調を崩し、看護師以外の道を探している
✔資格以外に何もないと思っている
✔一般企業で働くイメージが湧かない

この記事でわかるのは、①看護師が医療系SaaSのCSに移る流れ、②入ってから「聞いていなかった」となりやすい3つ、③選考で見られたポイント5つ、の3点です。

▼ 先に結論だけ知りたい方へ（PR）
LINE診断（5問・30秒）で、職種・年代・年収・重視すること・時期から、条件に合うサービスを2つに絞れます。
▶ 自分に合う転職サービスを30秒で診断（無料）（LINE診断）
https://career-line-bot.career-line-bot.workers.dev/l/note-g58

■ 1. プロフィールと、動いた理由
29歳の看護師さん。夜勤で体調を崩し、看護師以外の道を探したい。でも「資格以外に何もない」と思っていました。

■ 2. 条件を、並べてみる
・転職前：年収470万円（夜勤あり）
・転職後：年収500万円（夜勤手当なし）
・年収差：+30万円
・働き方：フルリモート週2
※夜勤手当がなくても、年収が上がる例です。年収は会社・経験によって変わります。

■ 3. 「現場を知っている」ことが評価された
「現場を知っている」ことが、医療系SaaSで評価されました。導入支援や操作説明を担当するカスタマーサクセス職で、臨床経験が顧客理解としてそのまま武器になります。

▼ 同じ条件で、いま求人が出るか確かめたい方は、こちらから（PR）
▶ 営業・ハイキャリア寄りの転職支援（Groovement Agent）
https://px.a8.net/svt/ejp?a8mat=4BC9F9+6V2WTU+4SXU+NUMHT&a8sns=note
▶ 自分に合う転職サービスを30秒で診断（無料）（LINE診断）
https://career-line-bot.career-line-bot.workers.dev/l/note-g58

■ 4. 選考の流れ（応募から内定まで・想定）
1週目：エージェントと面談。臨床経験を「顧客理解」の言葉に置き換える
2週目：医療系SaaS・ヘルスケア企業の求人を絞る
3〜4週目：面接。導入現場での経験と、コミュニケーション力を説明
5週目：内定・承諾
入社後：導入研修を経て、担当顧客を持つ

■ 5. 入ってから「聞いていなかった」となりやすい3つ
1. SaaSの用語：ITの基本用語の学び直しが必要です
2. 数字の追い方：解約率・継続率などの指標を追います
3. 働き方の違い：フルリモートの日と出社の日の切り替えに慣れが必要です

■ 6. 1年後のリアル
【想定】夜勤がなくなり、生活リズムが整いました。病院の現場で困っていたことが、そのまま製品の改善のヒントになり、「看護師だったこと」が強みだと実感しています。

■ 7. この事例から持ち帰れる5つ
看護師の異業種転職は、医療系IT・SaaSが狙い目です。臨床経験が、そのまま「顧客理解」になります。
1. 看護師の異業種転職は、医療系IT・SaaSが狙い目
2. 臨床経験は、顧客理解としてそのまま武器になる
3. 夜勤手当がなくても、年収が上がる例がある
4. IT用語の学び直しは、入社後にキャッチアップできる
5. 資格以外に、自分の経験を言葉にする

■ 8. 選考で見られたポイント5つ
1. 現場を知っていることと、その具体的なエピソード
2. ITツールへの興味・学ぶ姿勢
3. なぜ看護師から移りたいのか
4. コミュニケーション力（説明の分かりやすさ）
5. 数字・成果への向き合い方

■ 9. 看護師の方が、医療系SaaSへの転職を考えるなら（PR）
看護師の経験は、医療系IT・SaaSで“顧客理解”としてそのまま武器になります。資格を捨てずにキャリアを変える道があることを、知っておいてください↓
【読まなくていい人】今の看護の仕事に満足している方／IT業界に興味がない方
【読んでほしい人】夜勤で体調を崩し、看護師以外の道を探している方
〈登録の流れ〉
① 「現場で困ったこと」を3つ書き出す
② 下のリンクから登録し、『医療系SaaS・カスタマーサクセス・未経験可』をそのまま伝える
③ 出てきた求人を、第8章の5つで確認する
登録・相談に費用はかかりません（詳細は各社の公式サイトで確認してください）。
電話が不安な方は、登録時の備考欄に「連絡はメール希望」など、希望の連絡方法を書いておくと安心です。
※sXarsは対象エリアがあるため、公式サイトで確認してください。
〈どちらから動く？〉
今週中に動きたい方 → 専門のエージェントに、条件をそのまま伝える
▶ 営業・ハイキャリア寄りの転職支援（Groovement Agent）
https://px.a8.net/svt/ejp?a8mat=4BC9F9+6V2WTU+4SXU+NUMHT&a8sns=note
▶ 営業・ITなど幅広い転職支援（sXars）
https://px.a8.net/svt/ejp?a8mat=4BC9F9+6HDZGI+5YHY+5YJRM&a8sns=note
まず条件を整理したい方 → LINE診断で2つに絞る（30秒）
▶ 自分に合う転職サービスを30秒で診断（LINE・無料）
https://career-line-bot.career-line-bot.workers.dev/l/note-g58

■ まとめ
・看護師の経験は、医療系SaaSのCSで武器になる
・夜勤手当がなくても、年収が上がる例がある
・ITの用語と、数字の追い方を、入社前に確認する
迷ったら、まず30秒の診断から。
▶ 自分に合う転職サービスを30秒で診断（LINE・無料）
https://career-line-bot.career-line-bot.workers.dev/l/note-g58

■ 出典・注記
この記事は想定事例です。時間割・エピソードを含め、相談事例をもとに設定した例で、実在の特定の方の話ではありません。実際の年収・条件は、会社・評価・経験によって変わります。

次回は、「住宅メーカー（新卒・個人営業）→IT企業（法人営業）」の話を書きます。マガジンをフォローしておくと届きます。",2362,"【PR】辞めたら、私に何ができる？

看護師の異業種転職は 医療系SaaSが狙い目
470万→500万。フルリモート週2

看護師（急性期病棟）→医療系SaaS（カスタマーサクセス）の話を、数字ごとnoteに書きました。
▼ コメント欄へ","noteはこちら → 【noteのURL】
（PR）30秒診断（LINE・無料）→ https://career-line-bot.career-line-bot.workers.dev/l/note-g58
（PR）営業・ハイキャリア寄りの転職支援（Groovement Agent）→ https://px.a8.net/svt/ejp?a8mat=4BC9F9+6V2WTU+4SXU+NUMHT&a8sns=note","・モデルケース：想定事例と明記
・医療系SaaSの求人数・年収は公開情報で確認
・看護師特化の提携先ではなく、総合型で案内",下書き
59,一般転職,モデルケース,【転職体験記No.59】住宅メーカー（新卒・個人営業）→IT企業（法人営業） ＜「1年も経たずに辞めたら、もう終わりですよね」23歳＞,入社8ヶ月で辞めた23歳。早期離職は不利にならなかった？第二新卒の選考のリアル【転職体験記No.59】,飛び込み営業・休日出勤から、土日休みのIT営業へ。短期離職の伝え方,1年も経たずに辞めたら終わり…？,"入社8ヶ月で辞めた23歳が
IT法人営業へ",年収330万→360万。土日休みに,"0. PR表記／導入／共感3つ／★CTA①（LINE診断）
こんな悩み、ありませんか？
1. プロフィールと、動いた理由
2. 条件を、並べてみる
3. 短期離職の理由を、前向きに伝えた
4. 選考の流れ（応募から内定まで・想定）
5. 入ってから「聞いていなかった」となりやすい3つ
6. 1年後のリアル
7. この事例から持ち帰れる5つ
8. 選考で見られたポイント5つ
9. 第二新卒の方が、転職を考えるなら（PR）
まとめ
出典・注記
（3と4の間に★CTA②／最後にCTA③）","※本記事にはアフィリエイト広告（PR）を含みます（第9章に明記）。
※この記事は、複数の相談事例をもとにした想定ケース（モデルケース）です。実在の特定の方の話ではありません。

「1年も経たずに辞めたら、もう終わりですよね」。新卒で住宅メーカーに入った23歳の男性でした。

■ こんな悩み、ありませんか？
✔新卒で入った会社が合わず、すぐ辞めたい
✔短期離職は経歴に傷がつくと思っている
✔次は長く働ける会社に行きたい

この記事でわかるのは、①第二新卒で短期離職を伝えるコツ、②入ってから「聞いていなかった」となりやすい3つ、③選考で見られたポイント5つ、の3点です。

▼ 先に結論だけ知りたい方へ（PR）
LINE診断（5問・30秒）で、職種・年代・年収・重視すること・時期から、条件に合うサービスを2つに絞れます。
▶ 自分に合う転職サービスを30秒で診断（無料）（LINE診断）
https://career-line-bot.career-line-bot.workers.dev/l/note-g59?job=sales

■ 1. プロフィールと、動いた理由
23歳の男性。新卒で入った住宅メーカーで、飛び込み営業と休日出勤が続き、入社8ヶ月で心が折れました。

■ 2. 条件を、並べてみる
・転職前：年収330万円（住宅メーカー・新卒）
・転職後：年収360万円（IT企業・法人営業）
・年収差：+30万円
・休日：休日出勤なし・土日休み
※正社員の平均年収は429万円です（doda平均年収ランキング2025）。20代はここ数年で上昇傾向にあり、未経験のIT営業でも入りやすい年代です。

■ 3. 短期離職の理由を、前向きに伝えた
第二新卒枠は、「若さ」と「ポテンシャル」がそのまま評価される市場です。短期離職の理由は、正直に伝えつつ、前向きに変換するのが基本でした。

▼ 同じ条件で、いま求人が出るか確かめたい方は、こちらから（PR）
▶ 第二新卒・既卒向けの転職支援（第二新卒エージェントneo）
https://px.a8.net/svt/ejp?a8mat=4BC9F9+6TW1MA+3Y6M+65ME9&a8sns=note
▶ 自分に合う転職サービスを30秒で診断（無料）（LINE診断）
https://career-line-bot.career-line-bot.workers.dev/l/note-g59?job=sales

■ 4. 選考の流れ（応募から内定まで・想定）
1週目：エージェントと面談。辞めた理由を「前向きな言葉」に整理
2週目：第二新卒歓迎のIT企業の営業に応募
3週目：面接。短期離職の理由と、次に何をしたいかを説明
4週目：複数社から内定
5週目：土日休み・研修が手厚い1社を承諾

■ 5. 入ってから「聞いていなかった」となりやすい3つ
1. 研修の充実度：未経験の法人営業の研修内容を確認します
2. ノルマの形：個人営業と違い、チームで数字を追います
3. 土日休みの実態：休日出勤の有無を確認します

■ 6. 1年後のリアル
【想定】飛び込み営業のストレスはなくなり、年収は前職とほぼ同水準です。「早期離職の経歴は、伝え方次第で不利にならなかった」と感じています。土日はしっかり休めています。

■ 7. この事例から持ち帰れる5つ
第二新卒は、「若さ」と「ポテンシャル」がそのまま評価されます。短期離職の理由は、正直に、前向きに伝えれば大丈夫です。
1. 1年未満の離職でも、第二新卒として動ける
2. 短期離職の理由は、正直に、前向きに伝える
3. 20代は、未経験のIT営業でも入りやすい
4. 年収は横ばいでも、休日の条件で変わる
5. 研修が手厚い会社を選ぶ

■ 8. 選考で見られたポイント5つ
1. 短期離職の理由を、前向きに説明できるか
2. 次に何をしたいか、キャリアの方向性
3. ポテンシャル（学ぶ姿勢・素直さ）
4. コミュニケーション力
5. 体力・メンタルの安定

■ 9. 第二新卒の方が、転職を考えるなら（PR）
第二新卒の転職は、思っているよりずっと選択肢があります。大事なのは“辞めた理由”の伝え方。一人で悩まず、第二新卒に強いエージェントに相談してみてください↓
【読まなくていい人】今の会社で続ける予定の方／すぐに辞めることを考えていない方
【読んでほしい人】入社1年以内で、辞めるべきか迷っている方
〈登録の流れ〉
① 「辞めたい理由」と「次で叶えたいこと」を書き分ける
② 下のリンクから登録し、『第二新卒・IT営業・土日休み』の希望をそのまま伝える
③ 出てきた求人を、第8章の5つで確認する
登録・相談に費用はかかりません（詳細は各社の公式サイトで確認してください）。
電話が不安な方は、登録時の備考欄に「連絡はメール希望」など、希望の連絡方法を書いておくと安心です。
〈どちらから動く？〉
今週中に動きたい方 → 専門のエージェントに、条件をそのまま伝える
▶ 第二新卒・既卒向けの転職支援（第二新卒エージェントneo）
https://px.a8.net/svt/ejp?a8mat=4BC9F9+6TW1MA+3Y6M+65ME9&a8sns=note
▶ 20代の未経験転職に強い支援（UZUZ（ウズウズ））
https://px.a8.net/svt/ejp?a8mat=4BCBRC+DQR8HE+33T0+60WN5&a8sns=note
まず条件を整理したい方 → LINE診断で2つに絞る（30秒）
▶ 自分に合う転職サービスを30秒で診断（LINE・無料）
https://career-line-bot.career-line-bot.workers.dev/l/note-g59?job=sales

■ まとめ
・早期離職でも、第二新卒として動ける
・理由は、正直に、前向きに伝える
・研修と休日の条件を、入社前に確認する
迷ったら、まず30秒の診断から。
▶ 自分に合う転職サービスを30秒で診断（LINE・無料）
https://career-line-bot.career-line-bot.workers.dev/l/note-g59?job=sales

■ 出典・注記
この記事は想定事例です。時間割・エピソードを含め、相談事例をもとに設定した例で、実在の特定の方の話ではありません。実際の年収・条件は、会社・評価・経験によって変わります。

次回は、「ソフトウェアテスター（QA）→自社開発企業（バックエンドエンジニア）」の話を書きます。マガジンをフォローしておくと届きます。",2288,"【PR】1年も経たずに辞めたら終わり…？

入社8ヶ月で辞めた23歳が IT法人営業へ
年収330万→360万。土日休みに

住宅メーカー（新卒・個人営業）→IT企業（法人営業）の話を、数字ごとnoteに書きました。
▼ コメント欄へ","noteはこちら → 【noteのURL】
（PR）30秒診断（LINE・無料）→ https://career-line-bot.career-line-bot.workers.dev/l/note-g59?job=sales
（PR）第二新卒・既卒向けの転職支援（第二新卒エージェントneo）→ https://px.a8.net/svt/ejp?a8mat=4BC9F9+6TW1MA+3Y6M+65ME9&a8sns=note","・モデルケース：想定事例と明記
・正社員の平均年収429万円（doda平均年収ランキング2025）は指示書メモの数字。出典確認
・早期離職の不利さを断定しない",下書き
60,一般転職,モデルケース,【転職体験記No.60】ソフトウェアテスター（QA）→自社開発企業（バックエンドエンジニア） ＜「バグを見つける側じゃなくて、作る側になりたいんです」28歳＞,独学のポートフォリオで、QAから開発職へ。年収380万→440万になった28歳の選考【転職体験記No.60】,「品質を意識できる開発者」として評価された、QA経験の活かし方,テストばかりで、作る側になれない…,"QAからバックエンドエンジニアへ
独学のポートフォリオが武器",年収380万→440万（+60万）,"0. PR表記／導入／共感3つ／★CTA①（LINE診断）
こんな悩み、ありませんか？
1. プロフィールと、動いた理由
2. 条件を、並べてみる
3. 個人開発のWebアプリをポートフォリオに
4. 選考の流れ（応募から内定まで・想定）
5. 入ってから「聞いていなかった」となりやすい3つ
6. 1年後のリアル
7. この事例から持ち帰れる5つ
8. 選考で見られたポイント5つ
9. QAの方が、開発職への転職を考えるなら（PR）
まとめ
出典・注記
（3と4の間に★CTA②／最後にCTA③）","※本記事にはアフィリエイト広告（PR）を含みます（第9章に明記）。
※この記事は、複数の相談事例をもとにした想定ケース（モデルケース）です。実在の特定の方の話ではありません。

「バグを見つける側じゃなくて、作る側になりたいんです」。テスターとして働く28歳の男性でした。

■ こんな悩み、ありませんか？
✔テスト業務ばかりで、開発に関われない
✔独学で勉強しているけど、実務経験がない
✔社内異動のチャンスがない

この記事でわかるのは、①QAから開発職への転職の進め方、②入ってから「聞いていなかった」となりやすい3つ、③選考で見られたポイント5つ、の3点です。

▼ 先に結論だけ知りたい方へ（PR）
LINE診断（5問・30秒）で、職種・年代・年収・重視すること・時期から、条件に合うサービスを2つに絞れます。
▶ 自分に合う転職サービスを30秒で診断（無料）（LINE診断）
https://career-line-bot.career-line-bot.workers.dev/l/note-g60?job=it

■ 1. プロフィールと、動いた理由
28歳の男性。テスターとして働いていましたが、テストばかりで、作る側に回れない。独学でプログラミングを学んでいましたが、社内では異動できませんでした。

■ 2. 条件を、並べてみる
・転職前：年収380万円（QA）
・転職後：年収440万円（自社開発企業・バックエンド）
・年収差：+60万円
※サーバーエンジニアの平均年収は469万円です（doda2025）。未経験開発職は、まずこの水準からのスタートが現実的です。2年目以降は、スキル次第でさらに上がります。

■ 3. 個人開発のWebアプリをポートフォリオに
個人開発したWebアプリをポートフォリオとして提示しました。QA経験は、「品質を意識できる開発者」として、プラスに評価されることが多くあります。

▼ 同じ条件で、いま求人が出るか確かめたい方は、こちらから（PR）
▶ ITエンジニア向けの転職支援（TECH CLIPSエージェント）
https://px.a8.net/svt/ejp?a8mat=4BC9F9+7IATF6+3SWM+601S1&a8sns=note
▶ 自分に合う転職サービスを30秒で診断（無料）（LINE診断）
https://career-line-bot.career-line-bot.workers.dev/l/note-g60?job=it

■ 4. 選考の流れ（応募から内定まで・想定）
転職前：独学でWebアプリを開発（数ヶ月）
1週目：エージェントと面談。ポートフォリオを整理
2〜3週目：自社開発企業のバックエンド職に応募
4週目：面接。コードレビューと技術の質問に対応
5週目：内定・承諾

■ 5. 入ってから「聞いていなかった」となりやすい3つ
1. 未経験開発職の年収：最初は、水準からのスタートです
2. 学び続ける負担：技術のキャッチアップが、入社後も続きます
3. 配属チームの違い：チームの文化で、成長のスピードが変わります

■ 6. 1年後のリアル
【想定】開発の実務を経験し、QAの視点を活かして、テストしやすいコードを書けるようになってきました。年収は上がり、2年目以降はさらに伸びる見込みです。

■ 7. この事例から持ち帰れる5つ
QA経験は、開発職でもプラスになります。独学の成果は、ポートフォリオで示すと伝わります。
1. QA経験は、「品質を意識できる開発者」として評価される
2. 独学の成果は、ポートフォリオで示す
3. 未経験開発職は、平均水準からのスタートが現実的
4. 2年目以降は、スキル次第で年収が伸びる
5. 学び続ける負担も、覚悟しておく

■ 8. 選考で見られたポイント5つ
1. ポートフォリオの完成度と、技術の選び方
2. QAで培った、品質を意識する視点
3. なぜ開発職に移りたいのか
4. 学び続ける姿勢
5. チームでの開発に必要なコミュニケーション

■ 9. QAの方が、開発職への転職を考えるなら（PR）
QAから開発への転職は、ポートフォリオと見せ方次第で十分狙えます。独学の努力をどう評価してもらうか、プロと一緒に作戦を立てましょう↓
【読まなくていい人】今のQAの仕事に満足している方／開発職に興味がない方
【読んでほしい人】作る側に回りたい、独学でプログラミングを学んでいる方
〈登録の流れ〉
① 「ポートフォリオで見せたいもの」を1つ決める
② 下のリンクから登録し、『未経験可の開発職・自社開発』の希望をそのまま伝える
③ 出てきた求人を、第8章の5つで確認する
登録・相談に費用はかかりません（詳細は各社の公式サイトで確認してください）。
電話が不安な方は、登録時の備考欄に「連絡はメール希望」など、希望の連絡方法を書いておくと安心です。
〈どちらから動く？〉
今週中に動きたい方 → 専門のエージェントに、条件をそのまま伝える
▶ ITエンジニア向けの転職支援（TECH CLIPSエージェント）
https://px.a8.net/svt/ejp?a8mat=4BC9F9+7IATF6+3SWM+601S1&a8sns=note
▶ SE・エンジニア向けの転職支援（SEナビ）
https://px.a8.net/svt/ejp?a8mat=4BC9F9+6M5ER6+3IZO+I3SI9&a8sns=note
まず条件を整理したい方 → LINE診断で2つに絞る（30秒）
▶ 自分に合う転職サービスを30秒で診断（LINE・無料）
https://career-line-bot.career-line-bot.workers.dev/l/note-g60?job=it

■ まとめ
・QA経験は、開発職でも評価される
・ポートフォリオで、独学の成果を示す
・未経験開発職の年収の水準と、配属チームを確認する
迷ったら、まず30秒の診断から。
▶ 自分に合う転職サービスを30秒で診断（LINE・無料）
https://career-line-bot.career-line-bot.workers.dev/l/note-g60?job=it

■ 出典・注記
この記事は想定事例です。時間割・エピソードを含め、相談事例をもとに設定した例で、実在の特定の方の話ではありません。実際の年収・条件は、会社・評価・経験によって変わります。

次回は、「事業会社（社内SE）→コンサルティングファーム（ITコンサル）」の話を書きます。マガジンをフォローしておくと届きます。",2299,"【PR】テストばかりで、作る側になれない…

QAからバックエンドエンジニアへ 独学のポートフォリオが武器
年収380万→440万（+60万）

ソフトウェアテスター（QA）→自社開発企業（バックエンドエンジニア）の話を、数字ごとnoteに書きました。
▼ コメント欄へ","noteはこちら → 【noteのURL】
（PR）30秒診断（LINE・無料）→ https://career-line-bot.career-line-bot.workers.dev/l/note-g60?job=it
（PR）ITエンジニア向けの転職支援（TECH CLIPSエージェント）→ https://px.a8.net/svt/ejp?a8mat=4BC9F9+7IATF6+3SWM+601S1&a8sns=note","・モデルケース：想定事例と明記
・サーバーエンジニアの平均年収469万円（doda2025）は指示書メモの数字。出典確認
・未経験開発職の年収は、水準からのスタートと書く",下書き
61,一般転職,モデルケース,【転職体験記No.61】事業会社（社内SE）→コンサルティングファーム（ITコンサル） ＜「安定はしてます。でも、このまま年収が変わらない10年を想像したら怖くなって」35歳＞,社内SEからITコンサルへ。年収600万→650万、でも労働時間は増えた35歳の本音【転職体験記No.61】,ユーザー側の視点が評価された。ケース面接の対策と、転職後1年のリアル,年収が変わらない10年が怖い…,"社内SEからITコンサルへ
年収+50万、労働時間も増加",600万→650万。ケース面接の対策も,"0. PR表記／導入／共感3つ／★CTA①（LINE診断）
こんな悩み、ありませんか？
1. プロフィールと、動いた理由
2. 条件を、並べてみる
3. ユーザー側の視点が評価された
4. 選考の流れ（応募から内定まで・想定）
5. 入ってから「聞いていなかった」となりやすい3つ
6. 1年後のリアル
7. この事例から持ち帰れる5つ
8. 選考で見られたポイント5つ
9. 社内SEの方が、ITコンサルへの転職を考えるなら（PR）
まとめ
出典・注記
（3と4の間に★CTA②／最後にCTA③）","※本記事にはアフィリエイト広告（PR）を含みます（第9章に明記）。
※この記事は、複数の相談事例をもとにした想定ケース（モデルケース）です。実在の特定の方の話ではありません。

「安定はしてます。でも、このまま年収が変わらない10年を想像したら怖くなって」。社内SEとして働く35歳の男性でした。

■ こんな悩み、ありませんか？
✔安定しているけど、年収が頭打ち
✔もっと大きなプロジェクトに関わりたい
✔30代半ばからのコンサル転職は無理だと思っている

この記事でわかるのは、①社内SEからITコンサルへの転職の進め方、②入ってから「聞いていなかった」となりやすい3つ、③選考で見られたポイント5つ、の3点です。

▼ 先に結論だけ知りたい方へ（PR）
LINE診断（5問・30秒）で、職種・年代・年収・重視すること・時期から、条件に合うサービスを2つに絞れます。
▶ 自分に合う転職サービスを30秒で診断（無料）（LINE診断）
https://career-line-bot.career-line-bot.workers.dev/l/note-g61?job=it

■ 1. プロフィールと、動いた理由
35歳の男性。社内SEとして安定はしているものの、年収は頭打ち。もっと大きなプロジェクトに関わりたいと考えていました。

■ 2. 条件を、並べてみる
・転職前：年収600万円（社内SE）
・転職後：年収650万円（ITコンサル）
・年収差：+50万円
※コンサルからの年収変動は、100〜200万円程度に収まるケースが多いとされます。初年度は緩やかな伸びで、評価次第で2年目以降に加速します。

■ 3. ユーザー側の視点が評価された
ITコンサルタントの平均年収は601万円です（doda2025）。社内SEの「ユーザー側の視点」は、要件定義から運用まで一貫して語れる経験として評価されやすくなります。ケース面接の対策をして臨みました。

▼ 同じ条件で、いま求人が出るか確かめたい方は、こちらから（PR）
▶ 若手ハイクラス向けの転職支援（ASSIGN）
https://px.a8.net/svt/ejp?a8mat=4BC36H+AP7H6A+49JS+BXIYP&a8sns=note
▶ 自分に合う転職サービスを30秒で診断（無料）（LINE診断）
https://career-line-bot.career-line-bot.workers.dev/l/note-g61?job=it

■ 4. 選考の流れ（応募から内定まで・想定）
1週目：エージェントと面談。要件定義から運用までの経験を整理
2〜5週目：ケース面接の対策（約1か月）
6週目：ITコンサルファームに応募
7〜8週目：面接（ケース面接・経験の説明）
9週目：内定・承諾

■ 5. 入ってから「聞いていなかった」となりやすい3つ
1. 労働時間：プロジェクトの規模が大きくなり、労働時間が増えます
2. 年収の伸び：初年度は緩やかで、評価次第で加速します
3. 評価の厳しさ：成果が問われる環境です

■ 6. 1年後のリアル
【想定】プロジェクトの規模が大きくなり、やりがいは増えましたが、労働時間も増えています。年収は想定より緩やかな伸びにとどまっていますが、経験の幅が広がっている実感があります。

■ 7. この事例から持ち帰れる5つ
社内SEの「ユーザー側の視点」は、ITコンサルで評価されます。ただ、プロジェクト規模が大きくなる分、労働時間も増えます。
1. 社内SEのユーザー側の視点は、ITコンサルで評価される
2. ケース面接は、対策して臨むのが一般的
3. コンサルからの年収変動は、100〜200万円程度が多い
4. 労働時間の増加は、覚悟しておく
5. 初年度は緩やかな伸びでも、2年目以降に加速する場合がある

■ 8. 選考で見られたポイント5つ
1. 要件定義〜運用まで一貫して語れる経験
2. ケース面接での論理的な考え方
3. なぜコンサルに移りたいのか
4. 大きなプロジェクトへの意欲
5. 労働時間・成果への向き合い方

■ 9. 社内SEの方が、ITコンサルへの転職を考えるなら（PR）
社内SEの経験は、ITコンサルで“ユーザー側がわかる人材”として求められています。年収の伸び幅は会社によって差があるので、複数社比較してみてください↓
【読まなくていい人】今の社内SEの働き方に満足している方／労働時間を増やしたくない方
【読んでほしい人】年収が頭打ちで、大きなプロジェクトに関わりたい方
〈登録の流れ〉
① 「これまでの経験で語れること」を3つ書き出す
② 下のリンクから登録し、『ITコンサル・ケース面接対策』の希望をそのまま伝える
③ 出てきた求人を、第8章の5つで確認する
登録・相談に費用はかかりません（詳細は各社の公式サイトで確認してください）。
電話が不安な方は、登録時の備考欄に「連絡はメール希望」など、希望の連絡方法を書いておくと安心です。
〈どちらから動く？〉
今週中に動きたい方 → 専門のエージェントに、条件をそのまま伝える
▶ 若手ハイクラス向けの転職支援（ASSIGN）
https://px.a8.net/svt/ejp?a8mat=4BC36H+AP7H6A+49JS+BXIYP&a8sns=note
▶ 営業・ハイキャリア寄りの転職支援（Groovement Agent）
https://px.a8.net/svt/ejp?a8mat=4BC9F9+6V2WTU+4SXU+NUMHT&a8sns=note
まず条件を整理したい方 → LINE診断で2つに絞る（30秒）
▶ 自分に合う転職サービスを30秒で診断（LINE・無料）
https://career-line-bot.career-line-bot.workers.dev/l/note-g61?job=it

■ まとめ
・社内SEの経験は、ITコンサルで評価される
・ケース面接の対策と、労働時間の増加を、先に知る
・年収の伸び方は、評価次第と確認する
迷ったら、まず30秒の診断から。
▶ 自分に合う転職サービスを30秒で診断（LINE・無料）
https://career-line-bot.career-line-bot.workers.dev/l/note-g61?job=it

■ 出典・注記
この記事は想定事例です。時間割・エピソードを含め、相談事例をもとに設定した例で、実在の特定の方の話ではありません。実際の年収・条件は、会社・評価・経験によって変わります。

次回は、「国内SaaS（インサイドセールス）→外資系SaaS（エンタープライズ営業）」の話を書きます。マガジンをフォローしておくと届きます。",2361,"【PR】年収が変わらない10年が怖い…

社内SEからITコンサルへ 年収+50万、労働時間も増加
600万→650万。ケース面接の対策も

事業会社（社内SE）→コンサルティングファーム（ITコンサル）の話を、数字ごとnoteに書きました。
▼ コメント欄へ","noteはこちら → 【noteのURL】
（PR）30秒診断（LINE・無料）→ https://career-line-bot.career-line-bot.workers.dev/l/note-g61?job=it
（PR）若手ハイクラス向けの転職支援（ASSIGN）→ https://px.a8.net/svt/ejp?a8mat=4BC36H+AP7H6A+49JS+BXIYP&a8sns=note","・モデルケース：想定事例と明記
・ITコンサルの平均年収601万円（doda2025）は指示書メモの数字。出典確認
・労働時間の増加、年収の伸びの緩やかさを隠さず書く",下書き
62,一般転職,モデルケース,【転職体験記No.62】国内SaaS（インサイドセールス）→外資系SaaS（エンタープライズ営業） ＜「商談を作っても、受注したら他の人の手柄なんですよね」27歳＞,ISからクロージングまで担当する営業へ。年収480万→620万、インセン比率が上がったリアル【転職体験記No.62】,安定と伸びしろはトレードオフ。外資SaaSの年収の見方,受注は、他の人の手柄…,"ISから外資SaaSの営業へ
年収480万→620万",インセン比率が上がった,"0. PR表記／導入／共感3つ／★CTA①（LINE診断）
こんな悩み、ありませんか？
1. プロフィールと、動いた理由
2. 条件を、並べてみる
3. 商談化率などの実績を、数字で語れた
4. 選考の流れ（応募から内定まで・想定）
5. 入ってから「聞いていなかった」となりやすい3つ
6. 1年後のリアル
7. この事例から持ち帰れる5つ
8. 選考で見られたポイント5つ
9. ISの方が、営業への転職を考えるなら（PR）
まとめ
出典・注記
（3と4の間に★CTA②／最後にCTA③）","※本記事にはアフィリエイト広告（PR）を含みます（第9章に明記）。
※この記事は、複数の相談事例をもとにした想定ケース（モデルケース）です。実在の特定の方の話ではありません。

「商談を作っても、受注したら他の人の手柄なんですよね」。国内SaaSでインサイドセールスをしていた27歳の男性でした。

■ こんな悩み、ありませんか？
✔ISで成果を出しても、評価や年収に反映されにくい
✔クロージングまで自分でやりたい
✔外資は英語ができないと無理だと思っている

この記事でわかるのは、①IS→外資エンタープライズ営業への転職の進め方、②入ってから「聞いていなかった」となりやすい3つ、③選考で見られたポイント5つ、の3点です。

▼ 先に結論だけ知りたい方へ（PR）
LINE診断（5問・30秒）で、職種・年代・年収・重視すること・時期から、条件に合うサービスを2つに絞れます。
▶ 自分に合う転職サービスを30秒で診断（無料）（LINE診断）
https://career-line-bot.career-line-bot.workers.dev/l/note-g62?job=sales

■ 1. プロフィールと、動いた理由
27歳の男性。国内SaaSでインサイドセールスをしていましたが、商談を作っても、受注は別チーム。自分でクロージングまでやりたいと考えていました。

■ 2. 条件を、並べてみる
・転職前：年収480万円（国内SaaS・IS）
・転職後：年収620万円（外資系SaaS・エンタープライズ営業）
・年収差：+140万円
・給与体系：ベース中心 → インセンティブ比率が高い体系
※外資系は、英語力が問われることが多いですが、入社後の学習でカバーするケースもあります。年収の伸びしろは大きい一方、インセンティブ比率も上がります。

■ 3. 商談化率などの実績を、数字で語れた
SaaS営業は、同じ職種でも会社・役割で年収のレンジが大きく変わります。ISでの商談化率などの実績を数字で語れることが、評価の鍵でした。

▼ 同じ条件で、いま求人が出るか確かめたい方は、こちらから（PR）
▶ 営業・ハイキャリア寄りの転職支援（Groovement Agent）
https://px.a8.net/svt/ejp?a8mat=4BC9F9+6V2WTU+4SXU+NUMHT&a8sns=note
▶ 自分に合う転職サービスを30秒で診断（無料）（LINE診断）
https://career-line-bot.career-line-bot.workers.dev/l/note-g62?job=sales

■ 4. 選考の流れ（応募から内定まで・想定）
1週目：エージェントと面談。ISでの商談化率・アポ数を数字で整理
2週目：外資SaaSのエンタープライズ営業に応募
3〜4週目：面接。数字と、クロージングへの意欲を説明
5週目：英語での面接（一部）
6週目：内定・承諾

■ 5. 入ってから「聞いていなかった」となりやすい3つ
1. インセンティブ比率：ベースが下がり、成果連動の割合が上がります
2. 英語の使用頻度：メール・会議で英語を使う場面があります
3. 受注までの期間：エンタープライズは、商談が長期化します

■ 6. 1年後のリアル
【想定】固定給は上がりましたが、インセンティブ次第で月々の波が出るようになりました。「安定と伸びしろはトレードオフだと実感した」と感じています。英語は、入社後の学習で少しずつ対応しています。

■ 7. この事例から持ち帰れる5つ
外資系SaaSは、年収の伸びしろが大きい一方、インセンティブ次第で月々の波が出ます。安定と伸びしろは、トレードオフです。
1. SaaS営業は、会社・役割で年収レンジが大きく変わる
2. ISでの商談化率などの数字が、評価の鍵になる
3. 外資は、インセンティブ比率が高い体系になる
4. 英語力は、求人ごとに要件が違う
5. 安定か伸びしろかを、自分の優先順位で選ぶ

■ 8. 選考で見られたポイント5つ
1. 商談化率・アポ数などの実績の数字
2. クロージングまで担当したい意欲
3. エンタープライズ営業の理解
4. 英語力（読み書き・会話）
5. 数字・成果への向き合い方

■ 9. ISの方が、営業への転職を考えるなら（PR）
SaaS営業は、会社と役割を変えるだけで年収が大きく変わる職種です。ISでの数字は立派な武器。どう見せるか、一度プロに相談してみてください↓
【読まなくていい人】今の国内SaaSの働き方に満足している方／収入の波を避けたい方
【読んでほしい人】受注まで自分で担当し、年収の伸びしろを広げたい方
〈登録の流れ〉
① 「ISでの数字を3つ」書き出す
② 下のリンクから登録し、『外資SaaS・エンタープライズ営業』の希望をそのまま伝える
③ 出てきた求人を、第8章の5つで確認する
登録・相談に費用はかかりません（詳細は各社の公式サイトで確認してください）。
電話が不安な方は、登録時の備考欄に「連絡はメール希望」など、希望の連絡方法を書いておくと安心です。
※sXarsは対象エリアがあるため、公式サイトで確認してください。
〈どちらから動く？〉
今週中に動きたい方 → 専門のエージェントに、条件をそのまま伝える
▶ 営業・ハイキャリア寄りの転職支援（Groovement Agent）
https://px.a8.net/svt/ejp?a8mat=4BC9F9+6V2WTU+4SXU+NUMHT&a8sns=note
▶ 営業・ITなど幅広い転職支援（sXars）
https://px.a8.net/svt/ejp?a8mat=4BC9F9+6HDZGI+5YHY+5YJRM&a8sns=note
まず条件を整理したい方 → LINE診断で2つに絞る（30秒）
▶ 自分に合う転職サービスを30秒で診断（LINE・無料）
https://career-line-bot.career-line-bot.workers.dev/l/note-g62?job=sales

■ まとめ
・外資SaaSは、年収の伸びしろが大きく、インセンティブの波もある
・ISの数字が、営業への転職の武器になる
・英語の要件とインセンティブの体系を、入社前に確認する
迷ったら、まず30秒の診断から。
▶ 自分に合う転職サービスを30秒で診断（LINE・無料）
https://career-line-bot.career-line-bot.workers.dev/l/note-g62?job=sales

■ 出典・注記
この記事は想定事例です。時間割・エピソードを含め、相談事例をもとに設定した例で、実在の特定の方の話ではありません。実際の年収・条件は、会社・評価・経験によって変わります。

次回は、「人材紹介（キャリアアドバイザー）→事業会社（人事・採用担当）」の話を書きます。マガジンをフォローしておくと届きます。",2451,"【PR】受注は、他の人の手柄…

ISから外資SaaSの営業へ 年収480万→620万
インセン比率が上がった

国内SaaS（インサイドセールス）→外資系SaaS（エンタープライズ営業）の話を、数字ごとnoteに書きました。
▼ コメント欄へ","noteはこちら → 【noteのURL】
（PR）30秒診断（LINE・無料）→ https://career-line-bot.career-line-bot.workers.dev/l/note-g62?job=sales
（PR）営業・ハイキャリア寄りの転職支援（Groovement Agent）→ https://px.a8.net/svt/ejp?a8mat=4BC9F9+6V2WTU+4SXU+NUMHT&a8sns=note","・モデルケース：想定事例と明記
・外資の英語要件は求人ごとに違う
・インセンティブ比率の上昇と月々の波を隠さず書く",下書き
63,一般転職,モデルケース,【転職体験記No.63】人材紹介（キャリアアドバイザー）→事業会社（人事・採用担当） ＜「目標のために、合わないと分かってる会社を勧めるのがつらいんです」32歳＞,人材紹介から事業会社の人事へ。インセンなしで年収は微増、目標のプレッシャーから解放された話【転職体験記No.63】,CAの“出口”の定番、事業会社の人事。年収の伸びが緩やかになる点も全部書く,合わない会社を勧めるのがつらい…,"人材紹介から事業会社の人事へ
目標から解放された",年収550万→560万。伸びは緩やか,"0. PR表記／導入／共感3つ／★CTA①（LINE診断）
こんな悩み、ありませんか？
1. プロフィールと、動いた理由
2. 条件を、並べてみる
3. 採用市場の知識と面接経験を評価された
4. 選考の流れ（応募から内定まで・想定）
5. 入ってから「聞いていなかった」となりやすい3つ
6. 1年後のリアル
7. この事例から持ち帰れる5つ
8. 選考で見られたポイント5つ
9. キャリアアドバイザーの方が、事業会社の人事を考えるなら（PR）
まとめ
出典・注記
（3と4の間に★CTA②／最後にCTA③）","※本記事にはアフィリエイト広告（PR）を含みます（第9章に明記）。
※この記事は、複数の相談事例をもとにした想定ケース（モデルケース）です。実在の特定の方の話ではありません。

「目標のために、合わないと分かってる会社を勧めるのがつらいんです」。人材紹介でCAをしていた32歳の女性でした。

■ こんな悩み、ありませんか？
✔売上目標に追われて、本当に求職者のためになっているか分からない
✔人材業界の次のキャリアが見えない
✔採用や人事の仕事に興味がある

この記事でわかるのは、①人材紹介から事業会社の人事への転職の進め方、②入ってから「聞いていなかった」となりやすい3つ、③選考で見られたポイント5つ、の3点です。

▼ 先に結論だけ知りたい方へ（PR）
LINE診断（5問・30秒）で、職種・年代・年収・重視すること・時期から、条件に合うサービスを2つに絞れます。
▶ 自分に合う転職サービスを30秒で診断（無料）（LINE診断）
https://career-line-bot.career-line-bot.workers.dev/l/note-g63

■ 1. プロフィールと、動いた理由
32歳の女性。人材紹介でキャリアアドバイザーをしていましたが、売上目標に追われ、求職者に本当に合う会社を勧めきれないジレンマがありました。

■ 2. 条件を、並べてみる
・転職前：年収550万円（人材紹介・インセンあり）
・転職後：年収560万円（事業会社・人事、固定給中心）
・年収差：+10万円
※売上目標から解放される一方、給与体系はインセンティブなしの固定中心に変わります。そのため、年収の伸び方は緩やかになりやすくなります。

■ 3. 採用市場の知識と面接経験を評価された
人事の平均年収は549万円です（doda2025）。人材紹介の出身者は、採用市場の知識と面接経験を評価されやすく、事業会社の人事は“出口”の定番です。

▼ 同じ条件で、いま求人が出るか確かめたい方は、こちらから（PR）
▶ 営業・ハイキャリア寄りの転職支援（Groovement Agent）
https://px.a8.net/svt/ejp?a8mat=4BC9F9+6V2WTU+4SXU+NUMHT&a8sns=note
▶ 自分に合う転職サービスを30秒で診断（無料）（LINE診断）
https://career-line-bot.career-line-bot.workers.dev/l/note-g63

■ 4. 選考の流れ（応募から内定まで・想定）
1週目：エージェントと面談。採用市場の知識と面接経験を整理
2週目：事業会社の人事・採用担当の求人に応募
3〜4週目：面接。採用の設計や、面接官の経験を説明
5週目：内定・承諾

■ 5. 入ってから「聞いていなかった」となりやすい3つ
1. インセンティブなし：固定給中心で、年収の伸びは緩やかです
2. 業務の範囲：採用だけでなく、労務や制度づくりに関わる場合もあります
3. 人事は社内の調整役：現場との調整が増えます

■ 6. 1年後のリアル
【想定】売上目標のプレッシャーから解放されましたが、年収の伸びは、インセンティブがあった頃よりゆるやかだと感じています。求職者の視点を活かして、採用の設計に関われていることに満足しています。

■ 7. この事例から持ち帰れる5つ
事業会社の人事は、CAの“出口”の定番です。売上目標から解放されますが、年収の伸びは緩やかになりやすい点を知っておきましょう。
1. 事業会社の人事は、CAの“出口”の定番
2. 採用市場の知識と面接経験は、評価される
3. 売上目標から解放される。年収の伸びは緩やかになりやすい
4. 業務範囲が、採用だけとは限らない
5. インセンティブなしの固定給を、先に受け入れる

■ 8. 選考で見られたポイント5つ
1. 採用市場の知識と、面接の経験
2. なぜ人材紹介から事業会社に移るのか
3. 採用の設計・改善への関心
4. 社内調整力
5. インセンティブなしの給与体系への納得

■ 9. キャリアアドバイザーの方が、事業会社の人事を考えるなら（PR）
人材業界で培った採用市場の知識は、事業会社の人事で強い武器になります。“支援する側”から“採る側”へ、キャリアの選択肢を広げてみませんか↓
【読まなくていい人】今の人材紹介の働き方に満足している方／インセンティブで稼ぎたい方
【読んでほしい人】売上目標から離れ、事業会社で腰を据えて採用に関わりたい方
〈登録の流れ〉
① 「固定でいくら欲しいか」と「業務範囲の希望」を決める
② 下のリンクから登録し、『事業会社の人事・採用担当』の希望をそのまま伝える
③ 出てきた求人を、第8章の5つで確認する
登録・相談に費用はかかりません（詳細は各社の公式サイトで確認してください）。
電話が不安な方は、登録時の備考欄に「連絡はメール希望」など、希望の連絡方法を書いておくと安心です。
※sXarsは対象エリアがあるため、公式サイトで確認してください。
〈どちらから動く？〉
今週中に動きたい方 → 専門のエージェントに、条件をそのまま伝える
▶ 営業・ハイキャリア寄りの転職支援（Groovement Agent）
https://px.a8.net/svt/ejp?a8mat=4BC9F9+6V2WTU+4SXU+NUMHT&a8sns=note
▶ 営業・ITなど幅広い転職支援（sXars）
https://px.a8.net/svt/ejp?a8mat=4BC9F9+6HDZGI+5YHY+5YJRM&a8sns=note
まず条件を整理したい方 → LINE診断で2つに絞る（30秒）
▶ 自分に合う転職サービスを30秒で診断（LINE・無料）
https://career-line-bot.career-line-bot.workers.dev/l/note-g63

■ まとめ
・事業会社の人事は、CAの“出口”の定番
・売上目標から解放される代わりに、年収の伸びは緩やかになる
・業務範囲と給与体系を、入社前に確認する
迷ったら、まず30秒の診断から。
▶ 自分に合う転職サービスを30秒で診断（LINE・無料）
https://career-line-bot.career-line-bot.workers.dev/l/note-g63

■ 出典・注記
この記事は想定事例です。時間割・エピソードを含め、相談事例をもとに設定した例で、実在の特定の方の話ではありません。実際の年収・条件は、会社・評価・経験によって変わります。

次回は、「自動車部品メーカー（機械設計）→電池・EV関連メーカー（設計）」の話を書きます。マガジンをフォローしておくと届きます。",2398,"【PR】合わない会社を勧めるのがつらい…

人材紹介から事業会社の人事へ 目標から解放された
年収550万→560万。伸びは緩やか

人材紹介（キャリアアドバイザー）→事業会社（人事・採用担当）の話を、数字ごとnoteに書きました。
▼ コメント欄へ","noteはこちら → 【noteのURL】
（PR）30秒診断（LINE・無料）→ https://career-line-bot.career-line-bot.workers.dev/l/note-g63
（PR）営業・ハイキャリア寄りの転職支援（Groovement Agent）→ https://px.a8.net/svt/ejp?a8mat=4BC9F9+6V2WTU+4SXU+NUMHT&a8sns=note","・モデルケース：想定事例と明記
・人事の平均年収549万円（doda2025）は指示書メモの数字。出典確認
・年収の伸びが緩やかになる点を隠さず書く",下書き
64,一般転職,モデルケース,【転職体験記No.64】自動車部品メーカー（機械設計）→電池・EV関連メーカー（設計） ＜「エンジンがなくなったら、僕の仕事もなくなるんでしょうか」29歳＞,EV化で不安になった設計エンジニアが、成長分野に移って年収520万→560万になった話【転職体験記No.64】,機械設計の基礎は分野を問わず評価される。でも新分野のキャッチアップは続く29歳のリアル,エンジンがなくなったら、仕事も…？,"エンジン設計→電池・EVへ
成長分野に移った29歳",年収520万→560万（+40万）,"0. PR表記／導入／共感3つ／★CTA①（LINE診断）
こんな悩み、ありませんか？
1. プロフィールと、動いた理由
2. 条件を、並べてみる
3. 成長分野への異動で、スキルの通用性を確保
4. 選考の流れ（応募から内定まで・想定）
5. 入ってから「聞いていなかった」となりやすい3つ
6. 1年後のリアル
7. この事例から持ち帰れる5つ
8. 選考で見られたポイント5つ
9. 機械設計のエンジニアの方が、成長分野への転職を考えるなら（PR）
まとめ
出典・注記
（3と4の間に★CTA②／最後にCTA③）","※本記事にはアフィリエイト広告（PR）を含みます（第9章に明記）。
※この記事は、複数の相談事例をもとにした想定ケース（モデルケース）です。実在の特定の方の話ではありません。

「エンジンがなくなったら、僕の仕事もなくなるんでしょうか」。自動車部品メーカーで設計をしていた29歳の男性でした。

■ こんな悩み、ありませんか？
✔業界の変化で、自分のスキルが将来通用するか不安
✔成長分野に移りたいけど、専門が違う気がする
✔年収も上げたい

この記事でわかるのは、①機械設計から、成長分野への転職の進め方、②入ってから「聞いていなかった」となりやすい3つ、③選考で見られたポイント5つ、の3点です。

▼ 先に結論だけ知りたい方へ（PR）
LINE診断（5問・30秒）で、職種・年代・年収・重視すること・時期から、条件に合うサービスを2つに絞れます。
▶ 自分に合う転職サービスを30秒で診断（無料）（LINE診断）
https://career-line-bot.career-line-bot.workers.dev/l/note-g64

■ 1. プロフィールと、動いた理由
29歳の男性。自動車部品メーカーでエンジン部品の設計を担当していました。EV化の流れで、自分のスキルが将来通用するのか不安になりました。

■ 2. 条件を、並べてみる
・転職前：年収520万円（自動車部品・機械設計）
・転職後：年収560万円（電池・EV関連メーカー・設計）
・年収差：+40万円
※機械設計の基礎スキルは分野を問わず評価されやすい一方、電池・EV特有の知識はキャッチアップが必要です。

■ 3. 成長分野への異動で、スキルの通用性を確保
生産管理の平均年収は505万円（doda2025）が目安です。製造業のエンジニアは、成長分野への異動で、スキルの通用性と年収の両方を確保しやすくなります。

▼ 同じ条件で、いま求人が出るか確かめたい方は、こちらから（PR）
▶ 若手ハイクラス向けの転職支援（ASSIGN）
https://px.a8.net/svt/ejp?a8mat=4BC36H+AP7H6A+49JS+BXIYP&a8sns=note
▶ 自分に合う転職サービスを30秒で診断（無料）（LINE診断）
https://career-line-bot.career-line-bot.workers.dev/l/note-g64

■ 4. 選考の流れ（応募から内定まで・想定）
1週目：エージェントと面談。エンジン設計の経験を、EV領域の言葉で整理
2週目：電池・EV関連メーカーの設計職に応募
3〜4週目：面接。設計の基礎力と、学ぶ姿勢を説明
5週目：内定・承諾

■ 5. 入ってから「聞いていなかった」となりやすい3つ
1. 新技術のキャッチアップ：電池・モーターなど、新しい知識が必要です
2. 年収の動き：初年度は、経験の評価に応じて決まります
3. 会社の将来性：成長分野でも、会社ごとの安定度は異なります

■ 6. 1年後のリアル
【想定】年収は微増しましたが、電池やモーターの新しい知識のキャッチアップに、時間を要しています。エンジン設計の基礎が活きる場面もあり、将来の不安は小さくなりました。

■ 7. この事例から持ち帰れる5つ
EV化で、機械設計のスキルの活かし先が変わります。成長分野に移ることで、スキルの通用性を保てます。
1. 機械設計の基礎スキルは、分野を問わず評価される
2. 成長分野に移ると、スキルの通用性と年収の両方を確保しやすい
3. 新技術のキャッチアップは、入社後も続く
4. 会社の将来性・安定度も、比べて選ぶ
5. 自分のスキルの「強み」を、新分野の言葉で説明する

■ 8. 選考で見られたポイント5つ
1. 設計の基礎力と、担当した部品・工程
2. なぜEV・電池領域に移りたいのか
3. 新しい技術を学ぶ姿勢
4. チームでの開発経験
5. 長期的なキャリアの方向性

■ 9. 機械設計のエンジニアの方が、成長分野への転職を考えるなら（PR）
ものづくりのエンジニアは、成長分野でこそ求められています。今のスキルがどこで活きるのか、一度プロに棚卸ししてもらうのがおすすめです↓
【読まなくていい人】今の分野で将来に不安がない方／技術の学び直しを避けたい方
【読んでほしい人】EV化で、自分の設計スキルの将来に不安がある方
〈登録の流れ〉
① 「自分の設計スキルの強み」を3つ書き出す
② 下のリンクから登録し、『EV・電池関連・設計職』の希望をそのまま伝える
③ 出てきた求人を、第8章の5つで確認する
登録・相談に費用はかかりません（詳細は各社の公式サイトで確認してください）。
電話が不安な方は、登録時の備考欄に「連絡はメール希望」など、希望の連絡方法を書いておくと安心です。
〈どちらから動く？〉
今週中に動きたい方 → 専門のエージェントに、条件をそのまま伝える
▶ 若手ハイクラス向けの転職支援（ASSIGN）
https://px.a8.net/svt/ejp?a8mat=4BC36H+AP7H6A+49JS+BXIYP&a8sns=note
▶ 営業・総合型の転職支援（Samurai Job）
https://px.a8.net/svt/ejp?a8mat=4BC9F9+81Y4DU+5VXG+5ZU29&a8sns=note
まず条件を整理したい方 → LINE診断で2つに絞る（30秒）
▶ 自分に合う転職サービスを30秒で診断（LINE・無料）
https://career-line-bot.career-line-bot.workers.dev/l/note-g64

■ まとめ
・機械設計の基礎は、成長分野でも評価される
・新技術のキャッチアップは、入社後も続く
・会社の将来性と、年収の水準を、入社前に確認する
迷ったら、まず30秒の診断から。
▶ 自分に合う転職サービスを30秒で診断（LINE・無料）
https://career-line-bot.career-line-bot.workers.dev/l/note-g64

■ 出典・注記
この記事は想定事例です。時間割・エピソードを含め、相談事例をもとに設定した例で、実在の特定の方の話ではありません。実際の年収・条件は、会社・評価・経験によって変わります。

次回は、「地方銀行（法人営業）→M&A仲介」の話を書きます。マガジンをフォローしておくと届きます。",2271,"【PR】エンジンがなくなったら、仕事も…？

エンジン設計→電池・EVへ 成長分野に移った29歳
年収520万→560万（+40万）

自動車部品メーカー（機械設計）→電池・EV関連メーカー（設計）の話を、数字ごとnoteに書きました。
▼ コメント欄へ","noteはこちら → 【noteのURL】
（PR）30秒診断（LINE・無料）→ https://career-line-bot.career-line-bot.workers.dev/l/note-g64
（PR）若手ハイクラス向けの転職支援（ASSIGN）→ https://px.a8.net/svt/ejp?a8mat=4BC36H+AP7H6A+49JS+BXIYP&a8sns=note","・モデルケース：想定事例と明記
・生産管理の平均年収505万円（doda2025）は指示書メモの数字（設計職の目安ではない点に注意）
・新分野のキャッチアップの負担も書く",下書き
65,一般転職,モデルケース,【転職体験記No.65】地方銀行（法人営業）→M&A仲介 ＜「銀行にいても、10年後の年収が見えちゃってるんです」26歳＞,地銀からM&A仲介へ。年収480万→620万、固定は下がったけどインセンで増えた26歳の話【転職体験記No.65】,経営者との信頼関係と財務分析力は、M&Aで高く評価される。ただし、波もハードワークも大きい,銀行にいても、10年後が見える…,"地銀からM&A仲介へ
年収480万→620万",固定は下がり、インセンで増えた,"0. PR表記／導入／共感3つ／★CTA①（LINE診断）
こんな悩み、ありませんか？
1. プロフィールと、動いた理由
2. 条件を、並べてみる
3. 経営者との信頼関係と、財務分析力が評価された
4. 選考の流れ（応募から内定まで・想定）
5. 入ってから「聞いていなかった」となりやすい3つ
6. 1年後のリアル
7. この事例から持ち帰れる5つ
8. 選考で見られたポイント5つ
9. 銀行員の方が、M&A仲介への転職を考えるなら（PR）
まとめ
出典・注記
（3と4の間に★CTA②／最後にCTA③）","※本記事にはアフィリエイト広告（PR）を含みます（第9章に明記）。
※この記事は、複数の相談事例をもとにした想定ケース（モデルケース）です。実在の特定の方の話ではありません。

「銀行にいても、10年後の年収が見えちゃってるんです」。地方銀行で法人営業をしていた26歳の男性でした。

■ こんな悩み、ありませんか？
✔年功序列で、若いうちは年収が上がらない
✔経営者と向き合う仕事は好き
✔M&A業界はハードすぎないか不安

この記事でわかるのは、①地銀からM&A仲介への転職の進め方、②入ってから「聞いていなかった」となりやすい3つ、③選考で見られたポイント5つ、の3点です。

▼ 先に結論だけ知りたい方へ（PR）
LINE診断（5問・30秒）で、職種・年代・年収・重視すること・時期から、条件に合うサービスを2つに絞れます。
▶ 自分に合う転職サービスを30秒で診断（無料）（LINE診断）
https://career-line-bot.career-line-bot.workers.dev/l/note-g65?job=sales

■ 1. プロフィールと、動いた理由
26歳の男性。地方銀行の法人営業で、融資の稟議に追われる毎日。年功序列で、30代になっても年収が上がる気がしないと感じていました。

■ 2. 条件を、並べてみる
・転職前：年収480万円（地方銀行・法人営業）
・転職後：年収620万円（M&A仲介）
・年収差：+140万円
・給与体系：固定は下がり、インセンティブで増加
※M&A仲介は、インセンティブ比率が高く、地銀時代より収入の変動幅が大きくなります。ハードワークな働き方が前提になる点は、注意が必要です。

■ 3. 経営者との信頼関係と、財務分析力が評価された
地銀の法人営業で培った「経営者との信頼関係構築」と「財務分析力」は、M&A業界で高く評価されます。選考では、具体的な担当経験や、数字以外の視点での事業理解が問われやすくなります。

▼ 同じ条件で、いま求人が出るか確かめたい方は、こちらから（PR）
▶ M&A業界の転職支援（M&A BEGINNERS）
https://px.a8.net/svt/ejp?a8mat=4BC9F9+56CP4I+5W6C+HV7V6&a8sns=note
▶ 自分に合う転職サービスを30秒で診断（無料）（LINE診断）
https://career-line-bot.career-line-bot.workers.dev/l/note-g65?job=sales

■ 4. 選考の流れ（応募から内定まで・想定）
1週目：エージェントと面談。融資・財務分析の担当経験を整理
2週目：M&A仲介の求人を絞って応募
3〜4週目：面接。経営者との関係構築の経験を具体例で説明
5週目：複数社から内定
6週目：インセンティブの仕組みを比べて、1社を承諾

■ 5. 入ってから「聞いていなかった」となりやすい3つ
1. 収入の波：固定給が下がり、インセンティブの割合が上がります
2. 働き方：ハードワークが前提になる点を確認します
3. 案件の獲得：営業として、案件を作る力が求められます

■ 6. 1年後のリアル
【想定】固定給は下がりましたが、インセンティブで収入は増えました。「銀行時代より波は大きいが、伸びしろは実感している」と感じています。ハードワークは、覚悟の上です。

■ 7. この事例から持ち帰れる5つ
M&A仲介は、地銀時代の経験が活きる転職先です。ただ、インセンティブの波と、ハードワークが前提になります。
1. 地銀の経験は、M&A業界で評価される
2. 経営者との信頼関係と財務分析力が、武器になる
3. 固定は下がり、インセンティブの比率が上がる
4. ハードワークが前提。覚悟して選ぶ
5. 案件を作る営業力も、問われる

■ 8. 選考で見られたポイント5つ
1. 経営者との信頼関係構築の経験と、具体例
2. 財務分析力と、数字以外の事業理解
3. なぜ銀行からM&Aに移るのか
4. ハードワークへの覚悟
5. 案件獲得への意欲

■ 9. 銀行員の方が、M&A仲介への転職を考えるなら（PR）
銀行員の財務知識と経営者との関係構築力は、M&A業界で強く求められています。会社によって働き方が大きく違うので、業界に詳しいエージェントと一緒に選ぶのがおすすめです↓
【読まなくていい人】今の銀行の働き方に満足している方／収入の波を避けたい方
【読んでほしい人】銀行の年功序列に限界を感じ、年収を上げたい方
〈登録の流れ〉
① 「固定でいくら」「ハードワークの許容」を決める
② 下のリンクから登録し、『M&A仲介・インセンティブ型』の条件をそのまま伝える
③ 出てきた求人を、第8章の5つで確認する
登録・相談に費用はかかりません（詳細は各社の公式サイトで確認してください）。
電話が不安な方は、登録時の備考欄に「連絡はメール希望」など、希望の連絡方法を書いておくと安心です。
〈どちらから動く？〉
今週中に動きたい方 → 専門のエージェントに、条件をそのまま伝える
▶ M&A業界の転職支援（M&A BEGINNERS）
https://px.a8.net/svt/ejp?a8mat=4BC9F9+56CP4I+5W6C+HV7V6&a8sns=note
▶ M&A業界特化の転職支援（NewMA）
https://px.a8.net/svt/ejp?a8mat=4BC9F9+6D7WOI+5YCE+5YJRM&a8sns=note
まず条件を整理したい方 → LINE診断で2つに絞る（30秒）
▶ 自分に合う転職サービスを30秒で診断（LINE・無料）
https://career-line-bot.career-line-bot.workers.dev/l/note-g65?job=sales

■ まとめ
・地銀の経験は、M&A仲介で高く評価される
・インセンティブの波と、ハードワークを、先に確認する
・選考では、具体的な担当経験が問われる
迷ったら、まず30秒の診断から。
▶ 自分に合う転職サービスを30秒で診断（LINE・無料）
https://career-line-bot.career-line-bot.workers.dev/l/note-g65?job=sales

■ 出典・注記
この記事は想定事例です。時間割・エピソードを含め、相談事例をもとに設定した例で、実在の特定の方の話ではありません。実際の年収・条件は、会社・評価・経験によって変わります。

次回は、「戦略コンサル→事業会社（事業企画）」の話を書きます。マガジンをフォローしておくと届きます。",2322,"【PR】銀行にいても、10年後が見える…

地銀からM&A仲介へ 年収480万→620万
固定は下がり、インセンで増えた

地方銀行（法人営業）→M&A仲介の話を、数字ごとnoteに書きました。
▼ コメント欄へ","noteはこちら → 【noteのURL】
（PR）30秒診断（LINE・無料）→ https://career-line-bot.career-line-bot.workers.dev/l/note-g65?job=sales
（PR）M&A業界の転職支援（M&A BEGINNERS）→ https://px.a8.net/svt/ejp?a8mat=4BC9F9+56CP4I+5W6C+HV7V6&a8sns=note","・モデルケース：想定事例と明記
・M&A仲介の給与体系・ハードワークを隠さず書く
・年収の保証ではないと明記",下書き
66,一般転職,モデルケース,【転職体験記No.66】戦略コンサル→事業会社（事業企画） ＜「提案書は何十本も書きました。でも、自分で事業を動かしたことは一度もないんです」33歳＞,戦略コンサルから事業会社へ。年収900万→780万、それでも「自分で意思決定できる」を選んだ33歳【転職体験記No.66】,コンサルからの転職は、年収が100〜200万円動くのが一般的。何を得て、何を手放したか,提案して終わる仕事に、物足りない…,"戦略コンサルから事業会社へ
年収900万→780万",自分で事業を動かす選択,"0. PR表記／導入／共感3つ／★CTA①（LINE診断）
こんな悩み、ありませんか？
1. プロフィールと、動いた理由
2. 条件を、並べてみる
3. 実行から完結まで関われることが転職理由
4. 選考の流れ（応募から内定まで・想定）
5. 入ってから「聞いていなかった」となりやすい3つ
6. 1年後のリアル
7. この事例から持ち帰れる5つ
8. 選考で見られたポイント5つ
9. コンサルの方が、事業会社への転職を考えるなら（PR）
まとめ
出典・注記
（3と4の間に★CTA②／最後にCTA③）","※本記事にはアフィリエイト広告（PR）を含みます（第9章に明記）。
※この記事は、複数の相談事例をもとにした想定ケース（モデルケース）です。実在の特定の方の話ではありません。

「提案書は何十本も書きました。でも、自分で事業を動かしたことは一度もないんです」。戦略コンサルで働く33歳の男性でした。

■ こんな悩み、ありませんか？
✔提案して終わりの仕事に物足りなさを感じている
✔当事者として事業を動かしたい
✔年収が下がるのが不安

この記事でわかるのは、①コンサルから事業会社への転職の進め方、②入ってから「聞いていなかった」となりやすい3つ、③選考で見られたポイント5つ、の3点です。

▼ 先に結論だけ知りたい方へ（PR）
LINE診断（5問・30秒）で、職種・年代・年収・重視すること・時期から、条件に合うサービスを2つに絞れます。
▶ 自分に合う転職サービスを30秒で診断（無料）（LINE診断）
https://career-line-bot.career-line-bot.workers.dev/l/note-g66

■ 1. プロフィールと、動いた理由
33歳の男性。戦略コンサルで働いていましたが、提案して終わるプロジェクトに物足りなさを感じていました。自分の手で事業を動かしたいと考えていました。

■ 2. 条件を、並べてみる
・転職前：年収900万円（戦略コンサル）
・転職後：年収780万円（事業会社・事業企画）
・年収差：−120万円
※年収は約120万円のダウンです。等級・企業によって差が大きくなります。

■ 3. 実行から完結まで関われることが転職理由
コンサルから事業会社への転職は、一般的に100〜200万円程度の変化に収まるケースが多いです。マネージャークラス以上では、コンサル時代に近い水準が提示されることもあります。

▼ 同じ条件で、いま求人が出るか確かめたい方は、こちらから（PR）
▶ 若手ハイクラス向けの転職支援（ASSIGN）
https://px.a8.net/svt/ejp?a8mat=4BC36H+AP7H6A+49JS+BXIYP&a8sns=note
▶ 自分に合う転職サービスを30秒で診断（無料）（LINE診断）
https://career-line-bot.career-line-bot.workers.dev/l/note-g66

■ 4. 選考の流れ（応募から内定まで・想定）
1週目：エージェントと面談。関わりたい事業・実行の役割を整理
2週目：事業会社の事業企画の求人に応募
3〜4週目：面接。実行力と、事業へのコミットを説明
5週目：内定
6週目：等級・年収を比べて、1社を承諾

■ 5. 入ってから「聞いていなかった」となりやすい3つ
1. 実行の泥臭さ：分析より、調整・実行の量が増えます
2. 年収の下がり幅：等級・企業によって差が大きくなります
3. 意思決定の責任：自分で判断し、結果に責任を持ちます

■ 6. 1年後のリアル
【想定】年収は下がりましたが、「自分で意思決定し、結果に責任を持てる」ことへの満足度が高いです。実行の泥臭さに苦労することもありますが、事業が動いている実感があります。

■ 7. この事例から持ち帰れる5つ
「実行から完結まで関われる」「同じ事業に関わり続けられる」ことが、転職の理由の中心になります。分析・提案中心の仕事からの転換に、手応えを感じる人が多くいます。
1. コンサルの経験は、事業会社の事業企画で評価される
2. 年収は100〜200万円動くのが一般的
3. 実行に関わる満足度を、年収と比べて考える
4. 泥臭い実行の量が増えることを、覚悟しておく
5. マネージャー以上なら、年収を保てる場合もある

■ 8. 選考で見られたポイント5つ
1. コンサルでの実績と、実行に関わりたい理由
2. 事業への関心と、貢献のイメージ
3. 意思決定・責任への向き合い方
4. 年収ダウンへの納得感
5. 社内調整力

■ 9. コンサルの方が、事業会社への転職を考えるなら（PR）
コンサルから事業会社への転職は、年収が100〜200万円程度下がるケースが多いとされています。それでも「当事者になりたい」人には根強い人気のルートです↓
【読まなくていい人】今のコンサルの働き方に満足している方／年収を最優先にしたい方
【読んでほしい人】提案だけでなく、実行まで関わりたい方
〈登録の流れ〉
① 「最低限必要な年収」と「関わりたい事業」を決める
② 下のリンクから登録し、『事業会社・事業企画』の希望をそのまま伝える
③ 出てきた求人を、第8章の5つで確認する
登録・相談に費用はかかりません（詳細は各社の公式サイトで確認してください）。
電話が不安な方は、登録時の備考欄に「連絡はメール希望」など、希望の連絡方法を書いておくと安心です。
〈どちらから動く？〉
今週中に動きたい方 → 専門のエージェントに、条件をそのまま伝える
▶ 若手ハイクラス向けの転職支援（ASSIGN）
https://px.a8.net/svt/ejp?a8mat=4BC36H+AP7H6A+49JS+BXIYP&a8sns=note
▶ 営業・ハイキャリア寄りの転職支援（Groovement Agent）
https://px.a8.net/svt/ejp?a8mat=4BC9F9+6V2WTU+4SXU+NUMHT&a8sns=note
まず条件を整理したい方 → LINE診断で2つに絞る（30秒）
▶ 自分に合う転職サービスを30秒で診断（LINE・無料）
https://career-line-bot.career-line-bot.workers.dev/l/note-g66

■ まとめ
・コンサルから事業会社は、年収が100〜200万円動くのが一般的
・実行に関わる満足度を、年収と比べて選ぶ
・等級・企業の年収の差を、入社前に確認する
迷ったら、まず30秒の診断から。
▶ 自分に合う転職サービスを30秒で診断（LINE・無料）
https://career-line-bot.career-line-bot.workers.dev/l/note-g66

■ 出典・注記
この記事は想定事例です。時間割・エピソードを含め、相談事例をもとに設定した例で、実在の特定の方の話ではありません。実際の年収・条件は、会社・評価・経験によって変わります。

次回は、「一般事務（メーカー）→ベンチャー企業（Webマーケター）」の話を書きます。マガジンをフォローしておくと届きます。",2316,"【PR】提案して終わる仕事に、物足りない…

戦略コンサルから事業会社へ 年収900万→780万
自分で事業を動かす選択

戦略コンサル→事業会社（事業企画）の話を、数字ごとnoteに書きました。
▼ コメント欄へ","noteはこちら → 【noteのURL】
（PR）30秒診断（LINE・無料）→ https://career-line-bot.career-line-bot.workers.dev/l/note-g66
（PR）若手ハイクラス向けの転職支援（ASSIGN）→ https://px.a8.net/svt/ejp?a8mat=4BC36H+AP7H6A+49JS+BXIYP&a8sns=note","・モデルケース：想定事例と明記
・コンサル→事業会社の年収変動（100〜200万円程度）は指示書メモ・ネタ帳の記載。出典確認
・年収ダウンを隠さず書く",下書き
67,一般転職,モデルケース,【転職体験記No.67】一般事務（メーカー）→ベンチャー企業（Webマーケター） ＜「このまま事務を続けて、40代になったとき何が残るんだろうって」31歳＞,独学のSNS運用の実績を、数字で語って未経験からWebマーケへ。年収350万→400万になった31歳【転職体験記No.67】,事務のデータ整理力も評価された。「数字で語れる実績」が未経験の壁を越える鍵,事務を続けて、何が残る…？,"事務から未経験でWebマーケへ
独学の実績を数字で語った",年収350万→400万（+50万）,"0. PR表記／導入／共感3つ／★CTA①（LINE診断）
こんな悩み、ありませんか？
1. プロフィールと、動いた理由
2. 条件を、並べてみる
3. 個人で運用したSNSの数字が評価された
4. 選考の流れ（応募から内定まで・想定）
5. 入ってから「聞いていなかった」となりやすい3つ
6. 1年後のリアル
7. この事例から持ち帰れる5つ
8. 選考で見られたポイント5つ
9. 事務の方が、Webマーケへの転職を考えるなら（PR）
まとめ
出典・注記
（3と4の間に★CTA②／最後にCTA③）","※本記事にはアフィリエイト広告（PR）を含みます（第9章に明記）。
※この記事は、複数の相談事例をもとにした想定ケース（モデルケース）です。実在の特定の方の話ではありません。

「このまま事務を続けて、40代になったとき何が残るんだろうって」。メーカーで一般事務をしていた31歳の女性でした。

■ こんな悩み、ありませんか？
✔事務の仕事に将来性を感じない
✔Webマーケに興味があって独学している
✔30代・未経験からの職種チェンジは無理だと思っている

この記事でわかるのは、①事務から未経験でWebマーケに転職する流れ、②入ってから「聞いていなかった」となりやすい3つ、③選考で見られたポイント5つ、の3点です。

▼ 先に結論だけ知りたい方へ（PR）
LINE診断（5問・30秒）で、職種・年代・年収・重視すること・時期から、条件に合うサービスを2つに絞れます。
▶ 自分に合う転職サービスを30秒で診断（無料）（LINE診断）
https://career-line-bot.career-line-bot.workers.dev/l/note-g67

■ 1. プロフィールと、動いた理由
31歳の女性。メーカーで一般事務をしていましたが、事務の仕事に先がない不安がありました。独学でWebマーケを勉強し、ブログやSNSを運用していました。

■ 2. 条件を、並べてみる
・転職前：年収350万円（メーカー・一般事務）
・転職後：年収400万円（ベンチャー・Webマーケター）
・年収差：+50万円
※年収は前職より上昇しました。2年目以降は、成果次第でさらに上がる可能性があります。

■ 3. 個人で運用したSNSの数字が評価された
Webマーケティングの平均年収は471万円です（doda2025）。未経験からの転職は、自分で運用した実績を「数字」として語れるかが分かれ目でした。個人で運用していたSNSの数字と、事務で培ったデータ整理力が評価されました。

▼ 同じ条件で、いま求人が出るか確かめたい方は、こちらから（PR）
▶ 20代向けの総合型エージェント（Yume Career）
https://px.a8.net/svt/ejp?a8mat=4BC9F9+77L0J6+5PWS+BXB8X&a8sns=note
▶ 自分に合う転職サービスを30秒で診断（無料）（LINE診断）
https://career-line-bot.career-line-bot.workers.dev/l/note-g67

■ 4. 選考の流れ（応募から内定まで・想定）
転職前：ブログ・SNSを運用し、数字を記録（数ヶ月）
1週目：エージェントと面談。運用の数字を整理
2〜3週目：未経験可のベンチャーに応募
4週目：面接。運用の数字と、事務でのデータ整理力を説明
5週目：内定・承諾

■ 5. 入ってから「聞いていなかった」となりやすい3つ
1. 業務の範囲：ベンチャーでは、マーケ以外の業務も担当します
2. 成果の目標：数字の目標が、明確に設定されます
3. ペースの速さ：事務と比べ、変化の速さに慣れが必要です

■ 6. 1年後のリアル
【想定】年収は上がり、事務のころよりも、数字で成果を語れることに手応えを感じています。ペースの速さに戸惑うこともありましたが、独学の実績が、自信の支えになっています。

■ 7. この事例から持ち帰れる5つ
未経験のWebマーケは、「数字で語れる実績」が突破口です。個人で運用した数字も、立派な実績になります。
1. 未経験のWebマーケは、数字で語れる実績が突破口
2. 個人で運用したSNSの数字も、実績になる
3. 事務のデータ整理力も、評価される
4. ベンチャーは、業務の範囲が広い
5. 2年目以降は、成果次第で年収が伸びる

■ 8. 選考で見られたポイント5つ
1. 個人で運用したSNS・ブログの数字
2. 事務で培った、データ整理力
3. なぜWebマーケに移りたいのか
4. 学び続ける姿勢
5. ベンチャーのスピード感への適性

■ 9. 事務の方が、Webマーケへの転職を考えるなら（PR）
未経験からマーケ職を目指すなら、「自分で動かした数字」が一番の武器になります。30代からでも遅くありません。見せ方を一緒に考えましょう↓
【読まなくていい人】今の事務の仕事に満足している方／変化の速い環境が苦手な方
【読んでほしい人】事務に先がない不安があり、Webマーケに挑戦したい方
〈登録の流れ〉
① 「運用した数字を3つ」書き出す
② 下のリンクから登録し、『未経験可のWebマーケ・ベンチャー』の希望をそのまま伝える
③ 出てきた求人を、第8章の5つで確認する
登録・相談に費用はかかりません（詳細は各社の公式サイトで確認してください）。
電話が不安な方は、登録時の備考欄に「連絡はメール希望」など、希望の連絡方法を書いておくと安心です。
〈どちらから動く？〉
今週中に動きたい方 → 専門のエージェントに、条件をそのまま伝える
▶ 20代向けの総合型エージェント（Yume Career）
https://px.a8.net/svt/ejp?a8mat=4BC9F9+77L0J6+5PWS+BXB8X&a8sns=note
▶ 営業・ハイキャリア寄りの転職支援（Groovement Agent）
https://px.a8.net/svt/ejp?a8mat=4BC9F9+6V2WTU+4SXU+NUMHT&a8sns=note
まず条件を整理したい方 → LINE診断で2つに絞る（30秒）
▶ 自分に合う転職サービスを30秒で診断（LINE・無料）
https://career-line-bot.career-line-bot.workers.dev/l/note-g67

■ まとめ
・未経験のWebマーケは、数字で語れる実績が突破口
・個人の運用の数字も、実績になる
・業務の範囲と、成果の目標の重さを、入社前に確認する
迷ったら、まず30秒の診断から。
▶ 自分に合う転職サービスを30秒で診断（LINE・無料）
https://career-line-bot.career-line-bot.workers.dev/l/note-g67

■ 出典・注記
この記事は想定事例です。時間割・エピソードを含め、相談事例をもとに設定した例で、実在の特定の方の話ではありません。実際の年収・条件は、会社・評価・経験によって変わります。

次回は、「メガバンク（支店の課長）→中堅企業（管理部長・CFO候補）」の話を書きます。マガジンをフォローしておくと届きます。",2340,"【PR】事務を続けて、何が残る…？

事務から未経験でWebマーケへ 独学の実績を数字で語った
年収350万→400万（+50万）

一般事務（メーカー）→ベンチャー企業（Webマーケター）の話を、数字ごとnoteに書きました。
▼ コメント欄へ","noteはこちら → 【noteのURL】
（PR）30秒診断（LINE・無料）→ https://career-line-bot.career-line-bot.workers.dev/l/note-g67
（PR）20代向けの総合型エージェント（Yume Career）→ https://px.a8.net/svt/ejp?a8mat=4BC9F9+77L0J6+5PWS+BXB8X&a8sns=note","・モデルケース：想定事例と明記
・Webマーケの平均年収471万円（doda2025）は指示書メモの数字。出典確認
・未経験からのスタートの水準として書く",下書き
68,一般転職,モデルケース,【転職体験記No.68】メガバンク（支店の課長）→中堅企業（管理部長・CFO候補） ＜「このまま銀行にいても、50歳で出向ですよね」42歳＞,42歳、銀行を辞めて中堅企業の幹部へ。年収900万→780万、それでも裁量を選んだ理由【転職体験記No.68】,40代の転職はスカウト型が主戦場。財務・融資の知識と管理職経験が、幹部ポジションにつながった,50歳で出向…その前に動きたい,"メガバンク課長→中堅企業の幹部へ
年収900万→780万",裁量と将来性を選んだ42歳,"0. PR表記／導入／共感3つ／★CTA①（LINE診断）
こんな悩み、ありませんか？
1. プロフィールと、動いた理由
2. 条件を、並べてみる
3. 財務・融資の知識と、管理職経験が評価された
4. 選考の流れ（応募から内定まで・想定）
5. 入ってから「聞いていなかった」となりやすい3つ
6. 1年後のリアル
7. この事例から持ち帰れる5つ
8. 選考で見られたポイント5つ
9. 銀行の管理職の方が、中堅企業の幹部を考えるなら（PR）
まとめ
出典・注記
（3と4の間に★CTA②／最後にCTA③）","※本記事にはアフィリエイト広告（PR）を含みます（第9章に明記）。
※この記事は、複数の相談事例をもとにした想定ケース（モデルケース）です。実在の特定の方の話ではありません。

「このまま銀行にいても、50歳で出向ですよね」。メガバンクの支店で課長をしていた42歳の男性でした。

■ こんな悩み、ありませんか？
✔役職定年や出向の話が気になり始めた
✔40代からの転職は厳しいと思っている
✔自分の力で会社を動かす仕事がしたい

この記事でわかるのは、①40代の銀行員が、中堅企業の幹部に転職する流れ、②入ってから「聞いていなかった」となりやすい3つ、③選考で見られたポイント5つ、の3点です。

▼ 先に結論だけ知りたい方へ（PR）
LINE診断（5問・30秒）で、職種・年代・年収・重視すること・時期から、条件に合うサービスを2つに絞れます。
▶ 自分に合う転職サービスを30秒で診断（無料）（LINE診断）
https://career-line-bot.career-line-bot.workers.dev/l/note-g68

■ 1. プロフィールと、動いた理由
42歳の男性。メガバンクの支店で課長をしていましたが、出向や役職定年の話がちらつき始め、40代のうちに自分の力で勝負できる場所に移りたいと考えていました。

■ 2. 条件を、並べてみる
・転職前：年収900万円（メガバンク・支店の課長）
・転職後：年収780万円（中堅企業・管理部長／CFO候補）
・年収差：−120万円
※経営企画・事業企画の平均年収は703万円です（doda2025）が目安です。年収は銀行時代の水準に届かないことも多いですが、裁量と将来性を優先する判断です。

■ 3. 財務・融資の知識と、管理職経験が評価された
40代の転職は、スカウト型のサービスが主戦場になりやすい傾向があります。財務・融資の知識と、管理職の経験があれば、中堅企業の幹部ポジションが視野に入ります。

▼ 同じ条件で、いま求人が出るか確かめたい方は、こちらから（PR）
▶ 営業・ハイキャリア寄りの転職支援（Groovement Agent）
https://px.a8.net/svt/ejp?a8mat=4BC9F9+6V2WTU+4SXU+NUMHT&a8sns=note
▶ 自分に合う転職サービスを30秒で診断（無料）（LINE診断）
https://career-line-bot.career-line-bot.workers.dev/l/note-g68

■ 4. 選考の流れ（応募から内定まで・想定）
1週目：スカウト型サービスに登録。財務・融資の経験を整理
2〜3週目：スカウトが届いた企業を絞り、面談
4〜5週目：面接。管理職経験と、経営者との相性を説明
6週目：複数社から内定
7週目：裁量・将来性を比べて、1社を承諾

■ 5. 入ってから「聞いていなかった」となりやすい3つ
1. 年収の下がり幅：銀行時代より下がることが多くなります
2. 経営者との相性：中堅企業は、経営者との距離が近く、相性が大切です
3. 役員登用：可能性はあっても、確約ではありません

■ 6. 1年後のリアル
【想定】年収はやや下がりましたが、裁量権の大きさに手応えを感じています。経営者と直接話せるので、意思決定が速く、経験が活きている実感があります。役員登用の可能性も、視野に入っています。

■ 7. この事例から持ち帰れる5つ
40代の転職は、年収より「裁量と将来性」を軸にすることがあります。役員登用の可能性がある企業を、選ぶ視点もあります。
1. 40代の転職は、スカウト型が主戦場になりやすい
2. 財務・融資の知識と、管理職の経験が武器になる
3. 年収は下がることが多い。裁量と将来性で選ぶ
4. 経営者との相性は、面談で確認する
5. 役員登用の可能性は、確約ではないと理解する

■ 8. 選考で見られたポイント5つ
1. 財務・融資の知識と、実績
2. 管理職としてのマネジメント経験
3. なぜ銀行から中堅企業に移るのか
4. 経営者との相性・コミュニケーション
5. 年収ダウンへの納得感

■ 9. 銀行の管理職の方が、中堅企業の幹部を考えるなら（PR）
40代の転職は、待っていればスカウトが届く“スカウト型”が主戦場です。登録しておくだけで、自分の市場価値が見えてきます↓
【読まなくていい人】今の銀行の働き方に満足している方／年収を最優先にしたい方
【読んでほしい人】出向や役職定年の前に、40代のうちに動きたい方
〈登録の流れ〉
① 「最低限必要な年収」と「重視する裁量・将来性」を決める
② 下のリンクから登録し、『中堅企業の管理部長・CFO候補』の希望をそのまま伝える
③ 出てきた求人を、第8章の5つで確認する
登録・相談に費用はかかりません（詳細は各社の公式サイトで確認してください）。
電話が不安な方は、登録時の備考欄に「連絡はメール希望」など、希望の連絡方法を書いておくと安心です。
※sXarsは対象エリアがあるため、公式サイトで確認してください。
〈どちらから動く？〉
今週中に動きたい方 → 専門のエージェントに、条件をそのまま伝える
▶ 営業・ハイキャリア寄りの転職支援（Groovement Agent）
https://px.a8.net/svt/ejp?a8mat=4BC9F9+6V2WTU+4SXU+NUMHT&a8sns=note
▶ 営業・ITなど幅広い転職支援（sXars）
https://px.a8.net/svt/ejp?a8mat=4BC9F9+6HDZGI+5YHY+5YJRM&a8sns=note
まず条件を整理したい方 → LINE診断で2つに絞る（30秒）
▶ 自分に合う転職サービスを30秒で診断（LINE・無料）
https://career-line-bot.career-line-bot.workers.dev/l/note-g68

■ まとめ
・40代の転職は、スカウト型が主戦場になりやすい
・年収は下がる。裁量と将来性で選ぶ
・経営者との相性と、役員登用の可能性を確認する
迷ったら、まず30秒の診断から。
▶ 自分に合う転職サービスを30秒で診断（LINE・無料）
https://career-line-bot.career-line-bot.workers.dev/l/note-g68

■ 出典・注記
この記事は想定事例です。時間割・エピソードを含め、相談事例をもとに設定した例で、実在の特定の方の話ではありません。実際の年収・条件は、会社・評価・経験によって変わります。

次回は、「人材会社（法人営業）→SaaS企業（カスタマーサクセス・時短）」の話を書きます。マガジンをフォローしておくと届きます。",2408,"【PR】50歳で出向…その前に動きたい

メガバンク課長→中堅企業の幹部へ 年収900万→780万
裁量と将来性を選んだ42歳

メガバンク（支店の課長）→中堅企業（管理部長・CFO候補）の話を、数字ごとnoteに書きました。
▼ コメント欄へ","noteはこちら → 【noteのURL】
（PR）30秒診断（LINE・無料）→ https://career-line-bot.career-line-bot.workers.dev/l/note-g68
（PR）営業・ハイキャリア寄りの転職支援（Groovement Agent）→ https://px.a8.net/svt/ejp?a8mat=4BC9F9+6V2WTU+4SXU+NUMHT&a8sns=note","・モデルケース：想定事例と明記
・経営企画・事業企画の平均年収703万円（doda2025）は指示書メモの数字。出典確認
・年収ダウンと、役員登用の可能性の不確実さを書く",下書き
69,一般転職,モデルケース,【転職体験記No.69】人材会社（法人営業）→SaaS企業（カスタマーサクセス・時短） ＜「夕方の商談が入るたびに、保育園に電話するのがつらくて」34歳＞,育休明けの営業職が、時短・リモート可のCSに移った。年収は下がるが、フルタイム換算では前職超えの話【転職体験記No.69】,営業目標と時短の両立に限界を感じた34歳ママの選択,夕方の商談が入るたび、罪悪感…,"育休明けの営業職が
時短・リモート可のCSへ",年収500万→470万。フルタイム換算では超え,"0. PR表記／導入／共感3つ／★CTA①（LINE診断）
こんな悩み、ありませんか？
1. プロフィールと、動いた理由
2. 条件を、並べてみる
3. 法人営業での顧客対応力が評価された
4. 選考の流れ（応募から内定まで・想定）
5. 入ってから「聞いていなかった」となりやすい3つ
6. 1年後のリアル
7. この事例から持ち帰れる5つ
8. 選考で見られたポイント5つ
9. 育休明けの営業職の方が、時短の働き方を探すなら（PR）
まとめ
出典・注記
（3と4の間に★CTA②／最後にCTA③）","※本記事にはアフィリエイト広告（PR）を含みます（第9章に明記）。
※この記事は、複数の相談事例をもとにした想定ケース（モデルケース）です。実在の特定の方の話ではありません。

「夕方の商談が入るたびに、保育園に電話するのがつらくて」。育休明けの34歳、営業職のママさんでした。

■ こんな悩み、ありませんか？
✔時短勤務と営業目標の両立がしんどい
✔子どもの急な発熱のたびに、職場に謝っている
✔キャリアは諦めたくない

この記事でわかるのは、①営業から、時短のカスタマーサクセスへの転職の進め方、②入ってから「聞いていなかった」となりやすい3つ、③選考で見られたポイント5つ、の3点です。

▼ 先に結論だけ知りたい方へ（PR）
LINE診断（5問・30秒）で、職種・年代・年収・重視すること・時期から、条件に合うサービスを2つに絞れます。
▶ 自分に合う転職サービスを30秒で診断（無料）（LINE診断）
https://career-line-bot.career-line-bot.workers.dev/l/note-g69

■ 1. プロフィールと、動いた理由
34歳の女性。育休から復帰しましたが、営業目標と時短勤務の両立がつらく、夕方の商談が入るたびに罪悪感を覚えていました。

■ 2. 条件を、並べてみる
・転職前：年収500万円（人材会社・法人営業）
・転職後：年収470万円（SaaS企業・CS・時短）
・年収差：−30万円
・フルタイム換算：前職を超える水準
※時短のため、実際の手取りは時短分だけ下がっています。フルタイムに換算すると、前職を超える水準です。

■ 3. 法人営業での顧客対応力が評価された
法人営業での顧客対応力が評価され、時短・リモート可のSaaS企業のカスタマーサクセスに決まりました。カスタマーサクセスは、会社によって年収レンジの差が大きい職種で、時短・リモート可の求人から絞り込むのが両立のコツでした。

▼ 同じ条件で、いま求人が出るか確かめたい方は、こちらから（PR）
▶ 営業・ハイキャリア寄りの転職支援（Groovement Agent）
https://px.a8.net/svt/ejp?a8mat=4BC9F9+6V2WTU+4SXU+NUMHT&a8sns=note
▶ 自分に合う転職サービスを30秒で診断（無料）（LINE診断）
https://career-line-bot.career-line-bot.workers.dev/l/note-g69

■ 4. 選考の流れ（応募から内定まで・想定）
1週目：エージェントと面談。時短の時間帯・リモートの条件を整理
2週目：時短・リモート可のSaaS企業のCS求人に応募
3〜4週目：面接。顧客対応力と、時短で成果を出す工夫を説明
5週目：内定・承諾

■ 5. 入ってから「聞いていなかった」となりやすい3つ
1. 時短の年収：実際の手取りは、時短の分だけ下がります
2. 会社ごとの年収レンジ：CSは、会社によって差が大きくなります
3. リモートの働き方：コミュニケーションの取り方に慣れが必要です

■ 6. 1年後のリアル
【想定】時短でも成果を出せる環境になり、夕方の罪悪感がなくなりました。フルタイム換算では前職を超える水準ですが、実際の手取りは時短分下がっている点は、家計で調整しています。

■ 7. この事例から持ち帰れる5つ
カスタマーサクセスは、会社によって年収レンジの差が大きい職種です。時短・リモート可の求人から絞ると、両立しやすくなります。
1. 営業の顧客対応力は、カスタマーサクセスで活きる
2. 時短・リモート可の求人から、絞り込む
3. 時短の年収は、フルタイム換算で見ると比べやすい
4. 会社ごとに、年収レンジの差が大きい
5. 子育ての時期に合わせて、働き方を選ぶ

■ 8. 選考で見られたポイント5つ
1. 法人営業での顧客対応力と、実績
2. 時短で成果を出すための工夫
3. なぜ営業からCSに移るのか
4. リモートでのコミュニケーション力
5. 数字（継続率など）への向き合い方

■ 9. 育休明けの営業職の方が、時短の働き方を探すなら（PR）
子育てとキャリア、どちらかを諦める必要はありません。「時短OK」「リモート可」で最初から絞って探すだけで、選択肢は大きく変わります↓
【読まなくていい人】今の営業の働き方に満足している方／時短やリモートを必要としない方
【読んでほしい人】育休明けで、営業目標と時短の両立に悩んでいる方
〈登録の流れ〉
① 「時短の時間帯」と「必要な手取り」を決める
② 下のリンクから登録し、『時短・リモート可・カスタマーサクセス』の条件をそのまま伝える
③ 出てきた求人を、第8章の5つで確認する
登録・相談に費用はかかりません（詳細は各社の公式サイトで確認してください）。
電話が不安な方は、登録時の備考欄に「連絡はメール希望」など、希望の連絡方法を書いておくと安心です。
※sXarsは対象エリアがあるため、公式サイトで確認してください。
〈どちらから動く？〉
今週中に動きたい方 → 専門のエージェントに、条件をそのまま伝える
▶ 営業・ハイキャリア寄りの転職支援（Groovement Agent）
https://px.a8.net/svt/ejp?a8mat=4BC9F9+6V2WTU+4SXU+NUMHT&a8sns=note
▶ 営業・ITなど幅広い転職支援（sXars）
https://px.a8.net/svt/ejp?a8mat=4BC9F9+6HDZGI+5YHY+5YJRM&a8sns=note
まず条件を整理したい方 → LINE診断で2つに絞る（30秒）
▶ 自分に合う転職サービスを30秒で診断（LINE・無料）
https://career-line-bot.career-line-bot.workers.dev/l/note-g69

■ まとめ
・営業の顧客対応力は、CSで活きる
・時短・リモート可の求人から絞り込む
・時短の年収は、フルタイム換算で比べる
迷ったら、まず30秒の診断から。
▶ 自分に合う転職サービスを30秒で診断（LINE・無料）
https://career-line-bot.career-line-bot.workers.dev/l/note-g69

■ 出典・注記
この記事は想定事例です。時間割・エピソードを含め、相談事例をもとに設定した例で、実在の特定の方の話ではありません。実際の年収・条件は、会社・評価・経験によって変わります。

次回は、「ゼネコン（施工管理）→建設テック系SaaS（カスタマーサクセス）」の話を書きます。マガジンをフォローしておくと届きます。",2387,"【PR】夕方の商談が入るたび、罪悪感…

育休明けの営業職が 時短・リモート可のCSへ
年収500万→470万。フルタイム換算では超え

人材会社（法人営業）→SaaS企業（カスタマーサクセス・時短）の話を、数字ごとnoteに書きました。
▼ コメント欄へ","noteはこちら → 【noteのURL】
（PR）30秒診断（LINE・無料）→ https://career-line-bot.career-line-bot.workers.dev/l/note-g69
（PR）営業・ハイキャリア寄りの転職支援（Groovement Agent）→ https://px.a8.net/svt/ejp?a8mat=4BC9F9+6V2WTU+4SXU+NUMHT&a8sns=note","・モデルケース：想定事例と明記
・時短の年収とフルタイム換算の違いを、丁寧に書く
・sXarsはエリア制限あり",下書き
70,一般転職,モデルケース,【転職体験記No.70】ゼネコン（施工管理）→建設テック系SaaS（カスタマーサクセス） ＜「現場は好きなんです。でも、月80時間の残業を一生は無理です」30歳＞,施工管理から建設テックのCSへ。残業は大幅に減ったけど、額面は少し下がった30歳の話【転職体験記No.70】,「現場がわかる人材」は貴重。年収を維持しながら働き方を変えた方法,月80時間の残業は、一生は無理…,"施工管理から建設テックのCSへ
残業が大幅に減った",年収550万→530万（−20万）,"0. PR表記／導入／共感3つ／★CTA①（LINE診断）
こんな悩み、ありませんか？
1. プロフィールと、動いた理由
2. 条件を、並べてみる
3. 現場を知っていることが強みになった
4. 選考の流れ（応募から内定まで・想定）
5. 入ってから「聞いていなかった」となりやすい3つ
6. 1年後のリアル
7. この事例から持ち帰れる5つ
8. 選考で見られたポイント5つ
9. 施工管理の方が、建設テックへの転職を考えるなら（PR）
まとめ
出典・注記
（3と4の間に★CTA②／最後にCTA③）","※本記事にはアフィリエイト広告（PR）を含みます（第9章に明記）。
※この記事は、複数の相談事例をもとにした想定ケース（モデルケース）です。実在の特定の方の話ではありません。

「現場は好きなんです。でも、月80時間の残業を一生は無理です」。ゼネコンで施工管理をしていた30歳の男性でした。

■ こんな悩み、ありませんか？
✔長時間労働と休日出勤が当たり前になっている
✔現場の仕事自体は嫌いじゃない
✔施工管理以外の仕事ができるか分からない

この記事でわかるのは、①施工管理から建設テックのCSへの転職の進め方、②入ってから「聞いていなかった」となりやすい3つ、③選考で見られたポイント5つ、の3点です。

▼ 先に結論だけ知りたい方へ（PR）
LINE診断（5問・30秒）で、職種・年代・年収・重視すること・時期から、条件に合うサービスを2つに絞れます。
▶ 自分に合う転職サービスを30秒で診断（無料）（LINE診断）
https://career-line-bot.career-line-bot.workers.dev/l/note-g70

■ 1. プロフィールと、動いた理由
30歳の男性。ゼネコンで施工管理をしていましたが、残業月80時間・休日出勤が当たり前。現場は好きだが、この働き方を一生は続けられないと感じていました。

■ 2. 条件を、並べてみる
・転職前：年収550万円（ゼネコン・施工管理・残業代込み）
・転職後：年収530万円（建設テック系SaaS・CS）
・年収差：−20万円
※残業代がなくなった分、額面はやや下がります。前職の残業代込みの水準には、わずかに届きません。

■ 3. 現場を知っていることが強みになった
現場を知っていることが強みになり、建設業界向けSaaSのカスタマーサクセスへ。導入現場の支援を担当します。施工管理の現場経験は、建設テックで「現場がわかる人材」として貴重です。

▼ 同じ条件で、いま求人が出るか確かめたい方は、こちらから（PR）
▶ 若手ハイクラス向けの転職支援（ASSIGN）
https://px.a8.net/svt/ejp?a8mat=4BC36H+AP7H6A+49JS+BXIYP&a8sns=note
▶ 自分に合う転職サービスを30秒で診断（無料）（LINE診断）
https://career-line-bot.career-line-bot.workers.dev/l/note-g70

■ 4. 選考の流れ（応募から内定まで・想定）
1週目：エージェントと面談。現場の経験・使ってきた施工管理ツールを整理
2週目：建設テック系SaaSのCS求人に応募
3〜4週目：面接。現場で困ったことと、導入支援への意欲を説明
5週目：内定・承諾

■ 5. 入ってから「聞いていなかった」となりやすい3つ
1. 額面の減少：残業代がなくなる分、額面は下がります
2. SaaSの業務：導入支援・オンボーディングなど、新しい業務です
3. 現場との関わり：現場に出る機会は、減る場合があります

■ 6. 1年後のリアル
【想定】残業が大幅に減り、生活のリズムが整いました。額面は前職の残業代込みの水準には届きませんが、現場を知っている強みが活き、導入先の現場から感謝される場面が増えています。

■ 7. この事例から持ち帰れる5つ
施工管理の現場経験は、建設テックで貴重です。年収を維持しながら、働き方を大きく変えられます。
1. 施工管理の現場経験は、建設テックで貴重
2. 年収を維持しながら、働き方を大きく変えられる
3. 残業代がなくなる分、額面は下がる
4. 現場で困ったことが、そのまま製品の改善のヒントになる
5. 現場に関わり続ける形で、働き方を変える

■ 8. 選考で見られたポイント5つ
1. 施工管理の現場経験と、使っていたツール
2. 現場で困ったことの具体的なエピソード
3. なぜ施工管理から移りたいのか
4. 導入支援への意欲
5. コミュニケーション力

■ 9. 施工管理の方が、建設テックへの転職を考えるなら（PR）
施工管理の現場経験は、建設業界向けのIT企業で強く求められています。業界の知識を活かしたまま、働き方だけ変える方法もあるんです↓
【読まなくていい人】今の施工管理の働き方に満足している方／現場に出たい方
【読んでほしい人】現場は好きだが、残業と休日出勤を減らしたい方
〈登録の流れ〉
① 「現場で困っていること」を3つ書き出す
② 下のリンクから登録し、『建設テック・カスタマーサクセス』の希望をそのまま伝える
③ 出てきた求人を、第8章の5つで確認する
登録・相談に費用はかかりません（詳細は各社の公式サイトで確認してください）。
電話が不安な方は、登録時の備考欄に「連絡はメール希望」など、希望の連絡方法を書いておくと安心です。
〈どちらから動く？〉
今週中に動きたい方 → 専門のエージェントに、条件をそのまま伝える
▶ 若手ハイクラス向けの転職支援（ASSIGN）
https://px.a8.net/svt/ejp?a8mat=4BC36H+AP7H6A+49JS+BXIYP&a8sns=note
▶ 営業・ハイキャリア寄りの転職支援（Groovement Agent）
https://px.a8.net/svt/ejp?a8mat=4BC9F9+6V2WTU+4SXU+NUMHT&a8sns=note
まず条件を整理したい方 → LINE診断で2つに絞る（30秒）
▶ 自分に合う転職サービスを30秒で診断（LINE・無料）
https://career-line-bot.career-line-bot.workers.dev/l/note-g70

■ まとめ
・施工管理の経験は、建設テックで貴重
・残業代がなくなる分、額面は下がる
・現場に関わり続けながら、働き方を変える
迷ったら、まず30秒の診断から。
▶ 自分に合う転職サービスを30秒で診断（LINE・無料）
https://career-line-bot.career-line-bot.workers.dev/l/note-g70

■ 出典・注記
この記事は想定事例です。時間割・エピソードを含め、相談事例をもとに設定した例で、実在の特定の方の話ではありません。実際の年収・条件は、会社・評価・経験によって変わります。

次回は、「アパレル販売（店長候補）→人材紹介（キャリアアドバイザー）」の話を書きます。マガジンをフォローしておくと届きます。",2294,"【PR】月80時間の残業は、一生は無理…

施工管理から建設テックのCSへ 残業が大幅に減った
年収550万→530万（−20万）

ゼネコン（施工管理）→建設テック系SaaS（カスタマーサクセス）の話を、数字ごとnoteに書きました。
▼ コメント欄へ","noteはこちら → 【noteのURL】
（PR）30秒診断（LINE・無料）→ https://career-line-bot.career-line-bot.workers.dev/l/note-g70
（PR）若手ハイクラス向けの転職支援（ASSIGN）→ https://px.a8.net/svt/ejp?a8mat=4BC36H+AP7H6A+49JS+BXIYP&a8sns=note","・モデルケース：想定事例と明記
・残業代がなくなり額面が下がる点を書く
・建設テックの求人数は公開情報で確認",下書き
71,一般転職,モデルケース,【転職体験記No.71】アパレル販売（店長候補）→人材紹介（キャリアアドバイザー） ＜「服を売るのは好きなんです。でも、30歳になってもこの給料なのかなって」26歳＞,アパレルから人材紹介へ。年収300万→380万、「人と話す仕事」を軸にインセンで伸ばした26歳の話【転職体験記No.71】,個人売上トップの傾聴力が評価された。3社応募→2社内定の転職,好きな仕事。でも、給料が上がらない…,"アパレルから人材紹介へ
年収300万→380万",3社応募→2社内定。インセンで伸びる,"0. PR表記／導入／共感3つ／★CTA①（LINE診断）
こんな悩み、ありませんか？
1. プロフィールと、動いた理由
2. 条件を、並べてみる
3. 傾聴力と、個人売上トップの実績が評価された
4. 選考の流れ（応募から内定まで・想定）
5. 入ってから「聞いていなかった」となりやすい3つ
6. 1年後のリアル
7. この事例から持ち帰れる5つ
8. 選考で見られたポイント5つ
9. アパレル販売の方が、人材紹介への転職を考えるなら（PR）
まとめ
出典・注記
（3と4の間に★CTA②／最後にCTA③）","※本記事にはアフィリエイト広告（PR）を含みます（第9章に明記）。
※この記事は、複数の相談事例をもとにした想定ケース（モデルケース）です。実在の特定の方の話ではありません。

「服を売るのは好きなんです。でも、30歳になってもこの給料なのかなって」。アパレルで店長候補をしていた26歳の女性でした。

■ こんな悩み、ありませんか？
✔土日出勤・立ち仕事がつらい
✔販売の仕事は好きだけど、給料が上がらない
✔人と話す仕事を続けたい

この記事でわかるのは、①接客から人材紹介への転職の進め方、②入ってから「聞いていなかった」となりやすい3つ、③選考で見られたポイント5つ、の3点です。

▼ 先に結論だけ知りたい方へ（PR）
LINE診断（5問・30秒）で、職種・年代・年収・重視すること・時期から、条件に合うサービスを2つに絞れます。
▶ 自分に合う転職サービスを30秒で診断（無料）（LINE診断）
https://career-line-bot.career-line-bot.workers.dev/l/note-g71

■ 1. プロフィールと、動いた理由
26歳の女性。アパレルで店長候補として働いていましたが、立ち仕事と土日出勤が続き、給料が上がらず、将来が見えませんでした。

■ 2. 条件を、並べてみる
・転職前：年収300万円（アパレル・店長候補）
・転職後：年収380万円（人材紹介・キャリアアドバイザー・インセン込み）
・年収差：+80万円
※インセンティブ込みで年収が上がりました。成果次第で、さらに伸びる余地があります。

■ 3. 傾聴力と、個人売上トップの実績が評価された
接客で培った傾聴力と、個人売上トップの実績が評価され、3社に応募して2社から内定が出ました。人材紹介は、インセンティブ比率が高く、未経験からの入職者も多い業界です。

▼ 同じ条件で、いま求人が出るか確かめたい方は、こちらから（PR）
▶ 20代向けの総合型エージェント（Yume Career）
https://px.a8.net/svt/ejp?a8mat=4BC9F9+77L0J6+5PWS+BXB8X&a8sns=note
▶ 自分に合う転職サービスを30秒で診断（無料）（LINE診断）
https://career-line-bot.career-line-bot.workers.dev/l/note-g71

■ 4. 選考の流れ（応募から内定まで・想定）
1週目：エージェントと面談。売上実績と傾聴力を整理
2週目：人材紹介の求人3社に応募
3週目：面接。個人売上トップの経験と、なぜ人と話す仕事か
4週目：2社から内定
5週目：インセンの仕組みを比べて、1社を承諾

■ 5. 入ってから「聞いていなかった」となりやすい3つ
1. 数字の目標：決定数・売上の目標があります
2. インセンティブの仕組み：達成の基準と、支払いの時期を確認します
3. 求職者との向き合い方：合わない人へのフィードバックも仕事です

■ 6. 1年後のリアル
【想定】「人と話す仕事」という軸を保ちながら、インセンティブで収入が伸びました。数字のプレッシャーはありますが、求職者の転職が決まる瞬間に、大きなやりがいを感じています。

■ 7. この事例から持ち帰れる5つ
人材紹介は、成果次第で年収の伸びしろが大きい仕事です。接客の傾聴力が、そのまま武器になります。
1. アパレルの傾聴力・接客経験は、人材紹介で武器になる
2. 人材紹介は、成果次第で年収の伸びしろが大きい
3. 未経験からの入職者も多い業界
4. インセンティブの仕組みは、入社前に確認する
5. 数字の目標の重さも、覚悟しておく

■ 8. 選考で見られたポイント5つ
1. 傾聴力と、接客の実績（個人売上など）
2. なぜ人と話す仕事を続けたいのか
3. 数字・目標への向き合い方
4. 求職者への共感力
5. 学び続ける姿勢

■ 9. アパレル販売の方が、人材紹介への転職を考えるなら（PR）
販売で培った「人の話を聞く力」は、人材業界のCAでそのまま活きます。人と関わる仕事が好きなら、選択肢はもっと広いですよ↓
【読まなくていい人】今の販売の仕事に満足している方／数字の目標が苦手な方
【読んでほしい人】販売の仕事は好きだが、給料と将来に不安がある方
〈登録の流れ〉
① 「接客での実績を3つ」書き出す
② 下のリンクから登録し、『人材紹介・未経験可・インセンティブ型』の希望をそのまま伝える
③ 出てきた求人を、第8章の5つで確認する
登録・相談に費用はかかりません（詳細は各社の公式サイトで確認してください）。
電話が不安な方は、登録時の備考欄に「連絡はメール希望」など、希望の連絡方法を書いておくと安心です。
〈どちらから動く？〉
今週中に動きたい方 → 専門のエージェントに、条件をそのまま伝える
▶ 20代向けの総合型エージェント（Yume Career）
https://px.a8.net/svt/ejp?a8mat=4BC9F9+77L0J6+5PWS+BXB8X&a8sns=note
▶ 20代の未経験転職に強い支援（UZUZ（ウズウズ））
https://px.a8.net/svt/ejp?a8mat=4BCBRC+DQR8HE+33T0+60WN5&a8sns=note
まず条件を整理したい方 → LINE診断で2つに絞る（30秒）
▶ 自分に合う転職サービスを30秒で診断（LINE・無料）
https://career-line-bot.career-line-bot.workers.dev/l/note-g71

■ まとめ
・アパレルの傾聴力は、人材紹介で評価される
・インセンティブ込みで、年収が伸びる可能性がある
・数字の目標とインセンの仕組みを、入社前に確認する
迷ったら、まず30秒の診断から。
▶ 自分に合う転職サービスを30秒で診断（LINE・無料）
https://career-line-bot.career-line-bot.workers.dev/l/note-g71

■ 出典・注記
この記事は想定事例です。時間割・エピソードを含め、相談事例をもとに設定した例で、実在の特定の方の話ではありません。実際の年収・条件は、会社・評価・経験によって変わります。

次回は、「ホテル（フロント）→SaaS企業（カスタマーサクセス）」の話を書きます。マガジンをフォローしておくと届きます。",2271,"【PR】好きな仕事。でも、給料が上がらない…

アパレルから人材紹介へ 年収300万→380万
3社応募→2社内定。インセンで伸びる

アパレル販売（店長候補）→人材紹介（キャリアアドバイザー）の話を、数字ごとnoteに書きました。
▼ コメント欄へ","noteはこちら → 【noteのURL】
（PR）30秒診断（LINE・無料）→ https://career-line-bot.career-line-bot.workers.dev/l/note-g71
（PR）20代向けの総合型エージェント（Yume Career）→ https://px.a8.net/svt/ejp?a8mat=4BC9F9+77L0J6+5PWS+BXB8X&a8sns=note","・モデルケース：想定事例と明記
・インセンティブ込みの年収は、成果次第と明記
・人材紹介の数字（目標）の重さも書く",下書き
72,一般転職,モデルケース,【転職体験記No.72】ホテル（フロント）→SaaS企業（カスタマーサクセス） ＜「夜勤明けに友達とランチして、そのまま寝落ちするのが日常でした」29歳＞,ホテルのフロントから未経験でSaaSのCSへ。夜勤手当なしでも年収330万→400万になった29歳の話【転職体験記No.72】,おもてなしとクレーム対応の経験は、SaaSのCSで強い武器になる,夜勤明けに、寝落ちする毎日…,"ホテルのフロントからSaaSのCSへ
年収330万→400万",シフト制でなくなったのが一番の変化,"0. PR表記／導入／共感3つ／★CTA①（LINE診断）
こんな悩み、ありませんか？
1. プロフィールと、動いた理由
2. 条件を、並べてみる
3. ホスピタリティと、クレーム対応の経験が評価された
4. 選考の流れ（応募から内定まで・想定）
5. 入ってから「聞いていなかった」となりやすい3つ
6. 1年後のリアル
7. この事例から持ち帰れる5つ
8. 選考で見られたポイント5つ
9. ホテル・接客業の方が、カスタマーサクセスを考えるなら（PR）
まとめ
出典・注記
（3と4の間に★CTA②／最後にCTA③）","※本記事にはアフィリエイト広告（PR）を含みます（第9章に明記）。
※この記事は、複数の相談事例をもとにした想定ケース（モデルケース）です。実在の特定の方の話ではありません。

「夜勤明けに友達とランチして、そのまま寝落ちするのが日常でした」。ホテルのフロントで働く29歳の女性でした。

■ こんな悩み、ありませんか？
✔シフト勤務で生活リズムが整わない
✔おもてなしの経験を活かせる仕事がしたい
✔ITは難しそうで自分には無理だと思っている

この記事でわかるのは、①接客業からカスタマーサクセスへの転職の進め方、②入ってから「聞いていなかった」となりやすい3つ、③選考で見られたポイント5つ、の3点です。

▼ 先に結論だけ知りたい方へ（PR）
LINE診断（5問・30秒）で、職種・年代・年収・重視すること・時期から、条件に合うサービスを2つに絞れます。
▶ 自分に合う転職サービスを30秒で診断（無料）（LINE診断）
https://career-line-bot.career-line-bot.workers.dev/l/note-g72

■ 1. プロフィールと、動いた理由
29歳の女性。ホテルのフロントで、夜勤ありのシフト勤務。生活リズムがバラバラで、おもてなしの経験を別の形で活かしたいと考えていました。

■ 2. 条件を、並べてみる
・転職前：年収330万円（ホテル・フロント・夜勤あり）
・転職後：年収400万円（SaaS企業・CS）
・年収差：+70万円
※夜勤手当がなくても、年収が上がった例です。土日休み・リモートも、狙いやすい職種です。

■ 3. ホスピタリティと、クレーム対応の経験が評価された
ホスピタリティと、クレーム対応の経験が評価され、未経験可のSaaS企業のカスタマーサクセスに決まりました。ホテル・接客業からCSへの転職は、増加傾向にあります。

▼ 同じ条件で、いま求人が出るか確かめたい方は、こちらから（PR）
▶ 20代向けの総合型エージェント（Yume Career）
https://px.a8.net/svt/ejp?a8mat=4BC9F9+77L0J6+5PWS+BXB8X&a8sns=note
▶ 自分に合う転職サービスを30秒で診断（無料）（LINE診断）
https://career-line-bot.career-line-bot.workers.dev/l/note-g72

■ 4. 選考の流れ（応募から内定まで・想定）
1週目：エージェントと面談。クレーム対応の具体例を整理
2週目：未経験可のSaaS企業のCS求人に応募
3週目：面接。ホスピタリティと、顧客の課題を聞く力を説明
4週目：複数社から内定
5週目：土日休み・研修が手厚い1社を承諾

■ 5. 入ってから「聞いていなかった」となりやすい3つ
1. ITツールの基礎：操作説明のため、製品知識の習得が必要です
2. 数字の追い方：解約率・継続率などの指標を追います
3. リモートの働き方：コミュニケーションの取り方に慣れが必要です

■ 6. 1年後のリアル
【想定】シフト制でなくなり、生活リズムが安定しました。ホテルで培ったクレーム対応の経験が、CSの現場でそのまま役立っています。年収も、前職より上がりました。

■ 7. この事例から持ち帰れる5つ
接客業からカスタマーサクセスへの転職は、顧客対応力がそのまま武器になります。土日休み・リモートも狙いやすくなります。
1. ホテル・接客業からCSへの転職は、増えている
2. ホスピタリティとクレーム対応は、CSで強い武器になる
3. 土日休み・リモートも、狙いやすい
4. 夜勤手当がなくても、年収が上がる場合がある
5. ITの製品知識は、入社後に身につけられる

■ 8. 選考で見られたポイント5つ
1. ホスピタリティ・クレーム対応の具体的な経験
2. 顧客の課題を聞き取る力
3. なぜホテルからCSに移りたいのか
4. ITツールへの興味・学ぶ姿勢
5. コミュニケーション力

■ 9. ホテル・接客業の方が、カスタマーサクセスを考えるなら（PR）
ホテルや接客で培ったホスピタリティは、IT企業のカスタマーサクセスで高く評価されます。土日休みの働き方、一度のぞいてみてください↓
【読まなくていい人】今のホテルの仕事に満足している方／IT業界に興味がない方
【読んでほしい人】夜勤・シフト制から抜け出し、おもてなしの経験を活かしたい方
〈登録の流れ〉
① 「クレーム対応の経験を3つ」書き出す
② 下のリンクから登録し、『未経験可のSaaS・カスタマーサクセス』の希望をそのまま伝える
③ 出てきた求人を、第8章の5つで確認する
登録・相談に費用はかかりません（詳細は各社の公式サイトで確認してください）。
電話が不安な方は、登録時の備考欄に「連絡はメール希望」など、希望の連絡方法を書いておくと安心です。
〈どちらから動く？〉
今週中に動きたい方 → 専門のエージェントに、条件をそのまま伝える
▶ 20代向けの総合型エージェント（Yume Career）
https://px.a8.net/svt/ejp?a8mat=4BC9F9+77L0J6+5PWS+BXB8X&a8sns=note
▶ 20代の未経験転職に強い支援（UZUZ（ウズウズ））
https://px.a8.net/svt/ejp?a8mat=4BCBRC+DQR8HE+33T0+60WN5&a8sns=note
まず条件を整理したい方 → LINE診断で2つに絞る（30秒）
▶ 自分に合う転職サービスを30秒で診断（LINE・無料）
https://career-line-bot.career-line-bot.workers.dev/l/note-g72

■ まとめ
・接客業の経験は、カスタマーサクセスで武器になる
・夜勤手当がなくても、年収が上がる場合がある
・製品知識と、数字の追い方を、入社前に確認する
迷ったら、まず30秒の診断から。
▶ 自分に合う転職サービスを30秒で診断（LINE・無料）
https://career-line-bot.career-line-bot.workers.dev/l/note-g72

■ 出典・注記
この記事は想定事例です。時間割・エピソードを含め、相談事例をもとに設定した例で、実在の特定の方の話ではありません。実際の年収・条件は、会社・評価・経験によって変わります。",2271,"【PR】夜勤明けに、寝落ちする毎日…

ホテルのフロントからSaaSのCSへ 年収330万→400万
シフト制でなくなったのが一番の変化

ホテル（フロント）→SaaS企業（カスタマーサクセス）の話を、数字ごとnoteに書きました。
▼ コメント欄へ","noteはこちら → 【noteのURL】
（PR）30秒診断（LINE・無料）→ https://career-line-bot.career-line-bot.workers.dev/l/note-g72
（PR）20代向けの総合型エージェント（Yume Career）→ https://px.a8.net/svt/ejp?a8mat=4BC9F9+77L0J6+5PWS+BXB8X&a8sns=note","・モデルケース：想定事例と明記
・未経験可のCS求人数は公開情報で確認
・シフト制でなくなる変化を丁寧に書く",下書き
