No,区分,種別,タイトル案1（推奨）,タイトル案2,タイトル案3,サムネ：悩み,サムネ：タイトル,サムネ：訴求,構成案（本文の見出しから自動生成）,"本文（約2,000〜2,500字・コピペ用）",文字数（URL除く）,Threads投稿案,Threads コメント欄,要確認・注意,ステータス
7,医療福祉,実例,【転職体験記No.7】准看護師（ブランク8年）→特養派遣 ＜「今さら現場に戻れると思いますか？」43歳ママの第一声＞,"ブランク8年の准看護師が、土日祝休み・時給2,200円で復職できた理由【転職体験記No.7】",「准看だから」「ブランクがあるから」で止まっていた43歳が、条件を伝えただけで見つけた働き方,ブランク8年・准看護師・子育て中…,"ブランク8年の准看ママが
土日祝休み×時給2,200円で復職",条件を先に決めると、求人は意外とある,"0. PR表記／導入／共感3つ／★CTA①（LINE診断）
こんな悩み、ありませんか？
1. プロフィールと、動いた理由
2. 条件を、並べてみる
3. 選んだのは「特養の派遣」。転職活動のリアル
4. 特養派遣の1日（想定）
5. 入ってから「聞いていなかった」となりやすい3つ
6. 1年後のリアル
7. この事例から持ち帰れる5つ
8. 面談・面接で、必ず聞く5つ
9. 准看護師・ブランクありの方が求人を見るなら（PR）
まとめ
出典・注記
（3と4の間に★CTA②／最後にCTA③）","※本記事にはアフィリエイト広告（PR）を含みます（第9章に明記）。

「ブランク8年の准看護師が、今さら現場に戻れると思いますか？」――面談の第一声がこれでした。43歳、子育てがひと段落したママさんです。

■ こんな悩み、ありませんか？
✔ブランクが長くて、手技を忘れている気がする
✔准看護師だから、求人が少ないと思い込んでいる
✔お迎えや習い事があって、フルタイムは無理

この記事でわかるのは、①月給の計算の仕方、②入ってから「聞いていなかった」となりやすい3つ、③面談・面接で聞く5つ、の3点です。

▼ 先に結論だけ知りたい方へ（PR）
LINE診断（5問・30秒）で、職種・年代・年収・重視すること・時期から、条件に合うサービスを2つに絞れます。
▶ 自分に合う転職サービスを30秒で診断（無料）（LINE診断）
https://career-line-bot.career-line-bot.workers.dev/l/note-m7?job=nurse

■ 1. プロフィールと、動いた理由
43歳の准看護師さん。子育てがひと段落したので、収入を増やしたいと相談に来られました。ただ、ブランクは8年。「手技を忘れているかもしれない」という不安に加えて、お迎えや習い事もあり、フルタイムは難しい状況でした。希望は「時短で、土日祝休み」です。

■ 2. 条件を、並べてみる
・働き方：特養（派遣）
・時給：2,200円
・月の労働時間：168時間（目安）
・月給：369,600円（賞与なし）
・年収：約443万円（369,600円×12）
・ブランク中の収入：0円
※時給制のため、資格手当などの内訳はありません。月給は「時給×時間」で先に計算しておくと、比べやすくなります。ブランク中は収入がなかったため、世帯でみると年収が約443万円増えた計算です。

■ 3. 選んだのは「特養の派遣」。転職活動のリアル
ブランクがある上に准看護師ということで、ご本人は「求人なんてほとんどない」と思い込んでいました。そこでまず、できること・できないことと、譲れない条件を一緒に整理しました。結果として選んだのは、特別養護老人ホームの派遣です。決め手は「土日祝休み」「時給2,200円」「医療行為なし」の3つ。手技に不安があっても、無理なく復帰できる条件でした。

▼ 同じ条件で、いま求人が出るか確かめたい方は、こちらから（PR）
▶ 看護師派遣（ブランク・准看OK求人）（MC－ナースネット）
https://px.a8.net/svt/ejp?a8mat=4BC9FE+BET46Q+28MI+5ZEMP&a8sns=note
▶ 自分に合う転職サービスを30秒で診断（無料）（LINE診断）
https://career-line-bot.career-line-bot.workers.dev/l/note-m7?job=nurse

■ 4. 特養派遣の1日（想定）
8:50 出勤・申し送り
9:00 バイタル測定（血圧・体温の観察）
10:30 水分補給・服薬の確認
11:30 昼食の見守り
12:30 休憩（60分）
13:30 記録・入浴後の皮膚の観察
15:00 おやつ・レクの見守り
16:30 申し送り・記録
17:00 退勤（残業はほぼなし）

■ 5. 入ってから「聞いていなかった」となりやすい3つ
1. 契約期間と更新の条件：期間が決まっており、更新のたびに条件を確認する必要があります
2. 賞与・退職金：基本的にありません。そのぶん時給で調整されています
3. 急変時の連絡体制：医療行為なしでも、連絡ルートは入職前に聞いておくと安心です

■ 6. 1年後のリアル
【想定】入職して数ヶ月。「手技を忘れていないか」という不安は、業務が観察と記録中心だったことで、少しずつ薄れました。お迎えのある日は勤務日を調整でき、家庭とのバランスも取れています。契約更新の時期には、条件をあらためて確認しています。

■ 7. この事例から持ち帰れる5つ
ブランクがある方の多くが「自分にできる仕事はない」と考えて、応募すらしません。でも実際は、条件を整理して伝えるだけで、出てくる求人がまったく変わります。特に、准看護師×ブランクの方は、医療行為が少ない施設や、時間の融通がきく派遣に、選択肢が広がります。
1. ブランクは、条件で越えられる
2. 「准看だから」は、探さない理由にならない
3. 先に条件を決めると、求人の見え方が変わる
4. 月給は「時給×時間」で先に計算する
5. 派遣は、復職の「入口」として使える

■ 8. 面談・面接で、必ず聞く5つ
1. 1日の業務範囲（医療行為の有無）
2. 契約期間と、更新の条件
3. 土日祝が確実に休みか、繁忙期の変動はあるか
4. 残業の実態
5. 急変時の連絡体制

■ 9. 准看護師・ブランクありの方が求人を見るなら（PR）
「ブランクがあるから」「准看だから」で止まっている方、本当に多いです。でも条件を伝えるだけで出てくる求人は意外とあります。まずは“自分の条件で働ける場所があるか”だけ、確かめてみてください↓
【読まなくていい人】すでに次の職場が決まっている方／今は転職を考えていない方
【読んでほしい人】条件を伝えれば求人が変わることを、試してみたい方
〈登録の流れ〉
① 希望条件（休み・時給・業務範囲）を3つ決める
② 下のリンクから登録し、その条件をそのまま担当者に伝える
③ 出てきた求人を、第8章の5つで確認する
登録・相談に費用はかかりません（詳細は各社の公式サイトで確認してください）。
電話が不安な方は、登録時の備考欄に「連絡はメール希望」など、希望の連絡方法を書いておくと安心です。
〈どちらから動く？〉
今週中に動きたい方 → 専門のエージェントに、条件をそのまま伝える
▶ 看護師派遣（ブランク・准看OK求人）（MC－ナースネット）
https://px.a8.net/svt/ejp?a8mat=4BC9FE+BET46Q+28MI+5ZEMP&a8sns=note
▶ 看護師の転職サイト（ナースJJ）
https://px.a8.net/svt/ejp?a8mat=4BC9F9+6J6A9U+2YJA+BX3J6&a8sns=note
まず条件を整理したい方 → LINE診断で2つに絞る（30秒）
▶ 自分に合う転職サービスを30秒で診断（LINE・無料）
https://career-line-bot.career-line-bot.workers.dev/l/note-m7?job=nurse

■ まとめ
・ブランク8年でも、条件を先に決めれば復職の道は開ける
・月給は「時給×時間」で計算し、賞与がない前提で比べる
・入職前に、契約期間・業務範囲・連絡体制の3つを必ず確認する
迷ったら、まず30秒の診断から。
▶ 自分に合う転職サービスを30秒で診断（LINE・無料）
https://career-line-bot.career-line-bot.workers.dev/l/note-m7?job=nurse

■ 出典・注記
面談記録をもとに、年齢・地域・施設名（会社名）を加工し、一部を再構成しています。時間割・エピソードは想定を含みます。数字は目安で、実際の条件・勤務時間で変わります。

次回は、「介護士（正社員）→有料老人ホーム派遣（日勤のみ）」の話を書きます。マガジンをフォローしておくと届きます。",2652,"【PR】ブランク8年・准看護師・子育て中…

ブランク8年の准看ママが 土日祝休み×時給2,200円で復職
条件を先に決めると、求人は意外とある

准看護師（ブランク8年）→特養派遣の話を、数字ごとnoteに書きました。
▼ コメント欄へ","noteはこちら → 【noteのURL】
（PR）30秒診断（LINE・無料）→ https://career-line-bot.career-line-bot.workers.dev/l/note-m7?job=nurse
（PR）看護師派遣（ブランク・准看OK求人）（MC－ナースネット）→ https://px.a8.net/svt/ejp?a8mat=4BC9FE+BET46Q+28MI+5ZEMP&a8sns=note","・実例：面談記録ベース。年齢は「40代前半」にぼかす／施設名・地域は出さない
・時給×168時間は目安。実際の勤務時間で差し替え
・看護師全体の平均年収524.7万円（厚労省 令和7年賃金構造基本統計調査）と比べる場合は、准看・時短・派遣の条件差を明記",下書き
8,医療福祉,実例,【転職体験記No.8】介護士（正社員）→有料老人ホーム派遣（日勤のみ） ＜「母の介護があるので、辞めるしかないですよね…」53歳＞,親の介護と両立するために、介護士が正社員を辞めて「日勤派遣」を選んだ話【転職体験記No.8】,夜勤月5回→0回。賞与はなくなったのに、月給は増えた53歳介護士の選択,親の介護と仕事、両立できない…,"介護士が正社員を辞めて
「日勤だけの派遣」を選んだ理由","夜勤0回・時給1,650円・月給は増えた","0. PR表記／導入／共感3つ／★CTA①（LINE診断）
こんな悩み、ありませんか？
1. プロフィールと、動いた理由
2. 条件を、並べてみる
3. 特養から有料老人ホームへ。転職活動のリアル
4. 日勤派遣の1日（想定）
5. 入ってから「聞いていなかった」となりやすい3つ
6. 1年後のリアル
7. この事例から持ち帰れる5つ
8. 面談・面接で、必ず聞く5つ
9. 介護と仕事の両立を考える介護士さんが、求人を見るなら（PR）
まとめ
出典・注記
（3と4の間に★CTA②／最後にCTA③）","※本記事にはアフィリエイト広告（PR）を含みます（第9章に明記）。

「母の介護があるので、夜勤ができなくなりました。正社員、辞めるしかないですよね…」。53歳の介護士さんは、申し訳なさそうにそう切り出しました。

■ こんな悩み、ありませんか？
✔仕事でも家でも介護をしていて、休まる時間がない
✔夜勤ができない＝正社員は無理だと思っている
✔派遣は不安定で給料が下がるイメージがある

この記事でわかるのは、①月給を年収に直して比べる方法、②入ってから「聞いていなかった」となりやすい3つ、③面談・面接で聞く5つ、の3点です。

▼ 先に結論だけ知りたい方へ（PR）
LINE診断（5問・30秒）で、職種・年代・年収・重視すること・時期から、条件に合うサービスを2つに絞れます。
▶ 自分に合う転職サービスを30秒で診断（無料）（LINE診断）
https://career-line-bot.career-line-bot.workers.dev/l/note-m8?job=care

■ 1. プロフィールと、動いた理由
53歳の介護士さん（実務者研修修了）。お母さまの介護が始まり、夜勤と遅出ができなくなりました。「正社員のままだと、もう無理です。辞めるしかないですよね…」と、申し訳なさそうに話してくれました。

■ 2. 条件を、並べてみる
・働き方：有料老人ホーム（派遣・日勤のみ）
・時給：1,650円
・月給：277,200円（1,650円×168時間）
・賞与：なし
・夜勤：月5回 → 0回
・入居者の要介護度（目安）：4.3 → 2.5
※賞与はなくなりましたが、月給は上がったケースです。夜勤・遅出をやめた分の手当と比べて、年収に直して確認することをおすすめします。

■ 3. 特養から有料老人ホームへ。転職活動のリアル
選んだのは、日勤のみ（8:30〜17:30）の有料老人ホームの派遣です。特別養護老人ホームから移ったことで、要介護度の平均が4.3から2.5に下がり、体の負担は軽くなりました。一方で、接遇が求められるようになり、いまは勉強中とのことです。給与への不安が最も大きかったのですが、時給1,650円と聞いて安心されました。

▼ 同じ条件で、いま求人が出るか確かめたい方は、こちらから（PR）
▶ 介護派遣（日勤のみ求人）（かいご畑）
https://px.a8.net/svt/ejp?a8mat=4BC9FE+BLCVUA+1W34+BWVTD&a8sns=note
▶ 自分に合う転職サービスを30秒で診断（無料）（LINE診断）
https://career-line-bot.career-line-bot.workers.dev/l/note-m8?job=care

■ 4. 日勤派遣の1日（想定）
8:30 出勤・申し送り
9:00 排泄・入浴の介助（午前）
11:30 昼食の準備・食事介助
12:30 休憩（60分）
13:30 レク・見守り・記録
15:00 おやつ・水分補助
16:30 申し送り・記録の確認
17:30 退勤（夜勤・遅出なし）

■ 5. 入ってから「聞いていなかった」となりやすい3つ
1. 接遇の求められ方：入居者さんの要介護度が下がる分、言葉づかいや身だしなみの水準が上がります
2. 契約更新と勤務日数：家族の介護状況が変わったときの調整の仕方を確認します
3. 賞与・退職金がない：月給で比べるときは、年収に直して考えます

■ 6. 1年後のリアル
【想定】接遇の勉強にも慣れ、体の負担は軽くなりました。お母さまの通院日は休みを入れやすく、介護と仕事の両立が回っています。賞与がない分、家計は月給ベースで管理しています。

■ 7. この事例から持ち帰れる5つ
正社員で働いている介護士さんが、家庭の事情で派遣に切り替えるケースは、年々増えています。介護サービスの料金が上がり、特養に空きがなくて自宅介護を選ぶ家庭も多いからです。現役の介護士さんが、自分の親を家で介護しながら、時短や日勤のみで働き方を調整する流れです。賞与がなくなる分、月給が上がるケースも珍しくありません。
1. 夜勤ができなくても、働き方の選択肢は残る
2. 月給は「時給×時間」で、年収に直して比べる
3. 要介護度が下がると、求められるスキルが変わる
4. 家庭の状況が変わる前提で、契約の柔軟さを確認する
5. 派遣は「期間限定の避難先」として使ってもいい

■ 8. 面談・面接で、必ず聞く5つ
1. 日勤のみで固定できるか（遅出・早出の有無）
2. 契約期間と更新の条件
3. 入居者さんの要介護度の平均と、身体介助の量
4. 休みの取りやすさ（家族の通院日など）
5. 残業の実態と、記録のやり方

■ 9. 介護と仕事の両立を考える介護士さんが、求人を見るなら（PR）
親の介護と仕事の両立で悩む介護士さん、年々増えています。「日勤だけ」「時短」でも、条件次第で月給はむしろ上がることも。まずは今の条件で探せる求人を見てみてください↓
【読まなくていい人】すでに次の働き方が決まっている方／家庭の事情がない方
【読んでほしい人】介護と仕事の両立で、夜勤や遅出が難しくなった方
〈登録の流れ〉
① 「日勤のみ」「時給」「休みの取りやすさ」を決める
② 下のリンクから登録し、『日勤のみ・時給・休みの取りやすさ』をそのまま伝える
③ 出てきた求人を、第8章の5つで確認する
登録・相談に費用はかかりません（詳細は各社の公式サイトで確認してください）。
電話が不安な方は、登録時の備考欄に「連絡はメール希望」など、希望の連絡方法を書いておくと安心です。
〈どちらから動く？〉
今週中に動きたい方 → 専門のエージェントに、条件をそのまま伝える
▶ 介護派遣（日勤のみ求人）（かいご畑）
https://px.a8.net/svt/ejp?a8mat=4BC9FE+BLCVUA+1W34+BWVTD&a8sns=note
▶ 介護の求人（正社員〜単発まで）（MC－介護のお仕事）
https://px.a8.net/svt/ejp?a8mat=4BC9FE+BMJR1U+28MI+NUMHT&a8sns=note
まず条件を整理したい方 → LINE診断で2つに絞る（30秒）
▶ 自分に合う転職サービスを30秒で診断（LINE・無料）
https://career-line-bot.career-line-bot.workers.dev/l/note-m8?job=care

■ まとめ
・夜勤ができなくなっても、働き続ける道はある
・月給は上がるケースもある。賞与がない前提で、年収に直して比べる
・日勤のみ固定・契約更新・休みの取りやすさを、入職前に確認する
迷ったら、まず30秒の診断から。
▶ 自分に合う転職サービスを30秒で診断（LINE・無料）
https://career-line-bot.career-line-bot.workers.dev/l/note-m8?job=care

■ 出典・注記
面談記録をもとに、年齢・地域・施設名（会社名）を加工し、一部を再構成しています。時間割・エピソードは想定を含みます。数字は目安で、実際の条件・勤務時間で変わります。

次回は、「介護福祉士（特養）→ナーシングホスピス」の話を書きます。マガジンをフォローしておくと届きます。",2610,"【PR】親の介護と仕事、両立できない…

介護士が正社員を辞めて 「日勤だけの派遣」を選んだ理由
夜勤0回・時給1,650円・月給は増えた

介護士（正社員）→有料老人ホーム派遣（日勤のみ）の話を、数字ごとnoteに書きました。
▼ コメント欄へ","noteはこちら → 【noteのURL】
（PR）30秒診断（LINE・無料）→ https://career-line-bot.career-line-bot.workers.dev/l/note-m8?job=care
（PR）介護派遣（日勤のみ求人）（かいご畑）→ https://px.a8.net/svt/ejp?a8mat=4BC9FE+BLCVUA+1W34+BWVTD&a8sns=note","・実例：面談記録ベース。年齢は「50代前半」にぼかす
・正社員時代の年収（前職）が未記入。実例メモで補ってから比較を書く
・介護福祉士の平均月給35万50円（厚労省 令和6年度介護従事者処遇状況等調査）は、実務者研修修了の本人には当てはめない",下書き
9,医療福祉,実例,【転職体験記No.9】介護福祉士（特養）→ナーシングホスピス ＜「介護福祉士を取って10年、年収420万から上がらない気がして」42歳＞,特養→ナーシングホスピスで年収420万→542万。介護福祉士が知らない『医療対応型』という選択肢【転職体験記No.9】,「介護は給料が上がらない」は半分だけ正解。年収を100万円変えた、施設の選び方,夜勤5回でも年収420万のまま…,"特養→ナーシングホスピスで
年収420万→542万",上がりやすい施設の種類、知っていますか？,"0. PR表記／導入／共感3つ／★CTA①（LINE診断）
こんな悩み、ありませんか？
1. プロフィールと、動いた理由
2. 条件を、並べてみる
3. 医療対応型ホスピスへ。転職活動のリアル
4. ナーシングホスピスの1日（想定）
5. 入ってから「聞いていなかった」となりやすい3つ
6. 1年後のリアル
7. この事例から持ち帰れる5つ
8. 面談・面接で、必ず聞く5つ
9. 介護福祉士が、次の職場を探すなら（PR）
まとめ
出典・注記
（3と4の間に★CTA②／最後にCTA③）","※本記事にはアフィリエイト広告（PR）を含みます（第9章に明記）。

「介護福祉士を取って10年。年収420万から、もう上がらない気がするんです」。42歳の彼女がそう話したとき、私はある求人を思い浮かべていました。

■ こんな悩み、ありませんか？
✔夜勤を月5回こなしても、年収が400万前半で止まっている
✔医療的ケアの経験がなくて、次のステップに踏み出せない
✔介護の仕事は好き。でも将来の給料が不安

この記事でわかるのは、①医療対応型ホスピスで年収が変わる仕組み、②入ってから「聞いていなかった」となりやすい3つ、③面談・面接で聞く5つ、の3点です。

▼ 先に結論だけ知りたい方へ（PR）
LINE診断（5問・30秒）で、職種・年代・年収・重視すること・時期から、条件に合うサービスを2つに絞れます。
▶ 自分に合う転職サービスを30秒で診断（無料）（LINE診断）
https://career-line-bot.career-line-bot.workers.dev/l/note-m9?job=care

■ 1. プロフィールと、動いた理由
42歳の介護福祉士さん。特養で夜勤を月5回こなしていましたが、年収は420万円のまま。「介護福祉士を取って10年。もう上がらない気がするんです」と話されました。介護の仕事自体は好きなのに、将来の給料が不安という状況でした。

■ 2. 条件を、並べてみる
・基本給：250,000円
・資格手当：15,000円
・処遇改善・職務手当：65,000円
・夜勤・時間外手当：40,000円
・住宅・扶養手当：15,000円
・月給：385,000円
・賞与：年800,000円
・年収：5,420,000円（前職：4,200,000円 → +1,220,000円）
※内訳は、年収から逆算した目安です（相場は厚労省の処遇状況調査などを参考）。実際の給与は、施設や勤務条件で変わります。

■ 3. 医療対応型ホスピスへ。転職活動のリアル
選んだのは、医療対応型のナーシングホスピス。特養しか経験がなく、医療的ケアが初めてだったため、最初は心配されていました。ところが、選考で重視されたのは手技のスキルよりも、想いやキャリア志向でした。経験3年以上の介護士を受け入れる施設が多く、誰でもチャレンジしやすい分野です。

▼ 同じ条件で、いま求人が出るか確かめたい方は、こちらから（PR）
▶ 介護特化（非公開求人）（MC－介護のお仕事）
https://px.a8.net/svt/ejp?a8mat=4BC9FE+BMJR1U+28MI+NUMHT&a8sns=note
▶ 自分に合う転職サービスを30秒で診断（無料）（LINE診断）
https://career-line-bot.career-line-bot.workers.dev/l/note-m9?job=care

■ 4. ナーシングホスピスの1日（想定）
8:30 申し送り・バイタル確認
9:30 排泄・入浴・体位変換の介助
11:00 看護師と一緒に、医療的ケアの補助・記録
12:00 昼食介助・休憩
14:00 ご家族への対応・面会の調整
15:30 看取り期の方の見守り・声かけ
17:00 申し送り・記録
17:30 日勤終了（夜勤の回数は事業所ごとに異なる）

■ 5. 入ってから「聞いていなかった」となりやすい3つ
1. 看取りの多さ：精神的な負担の質が変わります
2. 夜勤・オンコールの体制：手当の出し方も含めて確認します
3. 医療的ケアの範囲：介護職ができる範囲と、看護師との分担を確認します

■ 6. 1年後のリアル
【想定】看取りに立ち会う機会が増え、最初の数ヶ月は気持ちの整理に時間がかかりました。チームで話す時間があり、1年たつころには、この仕事に意味を感じられるようになっています。資格手当や処遇改善手当の確認も、続けています。

■ 7. この事例から持ち帰れる5つ
ナーシングホスピスのような医療対応型の施設は、まだ市場に出回る求人が少なく、エージェント経由で紹介されることが多い分野です。採用にかなりお金をかけている事業者が多く、その分、給与水準が上がりやすい傾向があります。「介護は給料が上がらない」と諦める前に、施設の種類による違いを知ってほしいです。
1. 「介護は上がらない」は、施設の種類で答えが変わる
2. 経験3年以上で受けられる求人が多い
3. 選考で見られるのは、手技より「想い」と「キャリアの向き」
4. 内訳は「月給＋賞与」に分けて見る
5. 非公開求人は、エージェント経由で出会うことが多い

■ 8. 面談・面接で、必ず聞く5つ
1. 医療的ケアの範囲と、看護師との分担
2. 夜勤・オンコールの回数と手当
3. 看取りの件数と、サポート体制
4. 研修・資格取得支援の有無
5. 月給・賞与・各種手当の内訳

■ 9. 介護福祉士が、次の職場を探すなら（PR）
「介護は給料が上がらない」は、半分正解で半分まちがいです。上がりやすい施設の種類を知っているかどうかで、年収は100万単位で変わります。非公開の求人も多いので、プロに一度聞いてみてください↓
【読まなくていい人】今の職場の給与に納得している方／医療的ケアに関わる予定がない方
【読んでほしい人】夜勤をこなしても年収が伸びず、次の一手を探している方
〈登録の流れ〉
① 希望の年収と、夜勤の回数を決める
② 下のリンクから登録し、『医療対応型・非公開求人も見たい』とそのまま伝える
③ 出てきた求人を、第8章の5つで確認する
登録・相談に費用はかかりません（詳細は各社の公式サイトで確認してください）。
電話が不安な方は、登録時の備考欄に「連絡はメール希望」など、希望の連絡方法を書いておくと安心です。
〈どちらから動く？〉
今週中に動きたい方 → 専門のエージェントに、条件をそのまま伝える
▶ 介護特化（非公開求人）（MC－介護のお仕事）
https://px.a8.net/svt/ejp?a8mat=4BC9FE+BMJR1U+28MI+NUMHT&a8sns=note
▶ 介護派遣・資格取得支援（かいご畑）
https://px.a8.net/svt/ejp?a8mat=4BC9FE+BLCVUA+1W34+BWVTD&a8sns=note
まず条件を整理したい方 → LINE診断で2つに絞る（30秒）
▶ 自分に合う転職サービスを30秒で診断（LINE・無料）
https://career-line-bot.career-line-bot.workers.dev/l/note-m9?job=care

■ まとめ
・同じ資格でも、施設の種類で年収が変わることがある
・選考で見られるのは、手技より想いとキャリアの向き
・内訳は月給と賞与に分けて、数字で比べる
迷ったら、まず30秒の診断から。
▶ 自分に合う転職サービスを30秒で診断（LINE・無料）
https://career-line-bot.career-line-bot.workers.dev/l/note-m9?job=care

■ 出典・注記
面談記録をもとに、年齢・地域・施設名（会社名）を加工し、一部を再構成しています。時間割・エピソードは想定を含みます。数字は目安で、実際の条件・勤務時間で変わります。

次回は、「理学療法士（訪問リハ）→回復期病院」の話を書きます。マガジンをフォローしておくと届きます。",2650,"【PR】夜勤5回でも年収420万のまま…

特養→ナーシングホスピスで 年収420万→542万
上がりやすい施設の種類、知っていますか？

介護福祉士（特養）→ナーシングホスピスの話を、数字ごとnoteに書きました。
▼ コメント欄へ","noteはこちら → 【noteのURL】
（PR）30秒診断（LINE・無料）→ https://career-line-bot.career-line-bot.workers.dev/l/note-m9?job=care
（PR）介護特化（非公開求人）（MC－介護のお仕事）→ https://px.a8.net/svt/ejp?a8mat=4BC9FE+BMJR1U+28MI+NUMHT&a8sns=note","・実例：面談記録ベース。年齢は「40代前半」にぼかす
・給与内訳は年収から逆算した目安。実例の給与明細に差し替え
・介護（施設別）の相場は指示書メモの出典（厚労省 令和6年度介護従事者処遇状況等調査）を参照。月給と賞与に分けて解説",下書き
10,医療福祉,実例,【転職体験記No.10】理学療法士（訪問リハ）→回復期病院 ＜「インセンティブのために1日7件回るのに疲れました」48歳＞,訪問リハ→回復期病院へ。年収50万下がっても、PTが『戻ってよかった』と言う理由【転職体験記No.10】,訪問リハは自由だけど、キャリアと帰属意識は？ 48歳の理学療法士が選んだ「固定給×チーム」,1日7件回る生活に疲れた…,"訪問リハ→回復期病院へ
年収50万下がっても後悔しなかった",インセンティブより、安心して働ける固定給,"0. PR表記／導入／共感3つ／★CTA①（LINE診断）
こんな悩み、ありませんか？
1. プロフィールと、動いた理由
2. 条件を、並べてみる
3. 居宅訪問から病院へ戻る。転職活動のリアル
4. 回復期病院の1日（想定）
5. 入ってから「聞いていなかった」となりやすい3つ
6. 1年後のリアル
7. この事例から持ち帰れる5つ
8. 面談・面接で、必ず聞く5つ
9. 理学療法士が、病院への転職を考えるなら（PR）
まとめ
出典・注記
（3と4の間に★CTA②／最後にCTA③）","※本記事にはアフィリエイト広告（PR）を含みます（第9章に明記）。

「インセンティブのために、1日7件回るのに疲れました」。訪問リハで長く働いてきた、48歳の理学療法士さんの言葉です。

■ こんな悩み、ありませんか？
✔訪問件数に追われて、利用者さんとゆっくり向き合えない
✔事業所が閉鎖・縮小しないか、ずっと不安
✔病院のチーム医療に、今さら戻れるのか自信がない

この記事でわかるのは、①固定給とインセンティブの違い、②入ってから「聞いていなかった」となりやすい3つ、③面談・面接で聞く5つ、の3点です。

▼ 先に結論だけ知りたい方へ（PR）
LINE診断（5問・30秒）で、職種・年代・年収・重視すること・時期から、条件に合うサービスを2つに絞れます。
▶ 自分に合う転職サービスを30秒で診断（無料）（LINE診断）
https://career-line-bot.career-line-bot.workers.dev/l/note-m10

■ 1. プロフィールと、動いた理由
48歳の理学療法士さん。居宅訪問のリハで長く働いてきましたが、毎日6〜7件を回る日々。「インセンティブのために、1日7件回るのに疲れました」と話されました。しかも、勤めている事業所が閉鎖される予定があり、給与を上げたい気持ちと、安心して働きたい気持ちの両方がありました。

■ 2. 条件を、並べてみる
・前職：正社員（居宅訪問）年収 580万円
・転職後：正社員（回復期病院）年収 530万円
・月給：355,000円
・賞与：年1,050,000円
・年収差：-490,000円（約50万円のダウン）
・勤務時間：8:30〜17:15。残業は基本なし
※年収は約50万円下がりましたが、定時で帰れて、残業がほぼない働き方に変わりました。回復期ならではの関わり方の変化にも、いま慣れている最中です。

■ 3. 居宅訪問から病院へ戻る。転職活動のリアル
いちばんの不安は、個人プレーが中心だった訪問リハから、病院のチームプレーに戻れるかどうかでした。訪問の事業所は閉業することも多く、これからは安心して働ける環境を選びたい。インセンティブに縛られず、固定給でしっかり稼ぎたい。その3点を軸に、回復期病院を選びました。

▼ 同じ条件で、いま求人が出るか確かめたい方は、こちらから（PR）
▶ 自分に合う転職サービスを30秒で診断（無料）（LINE診断）
https://career-line-bot.career-line-bot.workers.dev/l/note-m10

■ 4. 回復期病院の1日（想定）
8:30 朝礼・カンファレンス
9:00 リハビリ（午前）
11:30 記録
12:00 休憩
13:00 リハビリ（午後）
15:30 チームカンファ・ご家族への説明
16:30 記録・翌日の準備
17:15 退勤（残業は基本なし）

■ 5. 入ってから「聞いていなかった」となりやすい3つ
1. チーム医療の進め方：訪問と違い、他職種との調整が増えます
2. 訪問時代の自由度：スケジュールの裁量が減ります
3. 給与の組み立て：インセンティブがなくなり、固定給が中心になります

■ 6. 1年後のリアル
【想定】訪問のころより移動と件数のプレッシャーがなくなり、体は楽になりました。一方で、チームの動きに合わせる場面が増え、慣れるまでに数ヶ月かかっています。年収は約50万円下がりましたが、定時で帰れる生活に、いまは納得しています。

■ 7. この事例から持ち帰れる5つ
理学療法士の平均年収は約443.6万円です（令和7年調査。OTは374万円、STは432.5万円）。訪問リハは、自由でインセンティブも魅力ですが、キャリアや帰属意識に悩む方が本当に多いです。実は、病院に戻る方も少なくありません。「稼げるか」だけでなく「安心して長く働けるか」の視点でも、選んでほしいと思います。
1. インセンティブがなくても、固定給で安定する働き方がある
2. 訪問の事業所は、閉業のリスクも考えておく
3. 年収が下がっても、時間と安心で選ぶ人は多い
4. チーム医療に戻る不安は、選考で正直に伝えていい
5. 「稼げるか」と「長く働けるか」の両方で選ぶ

■ 8. 面談・面接で、必ず聞く5つ
1. リハビリの1日の担当人数と、記録の時間
2. 残業の実態と、土曜出勤の有無
3. チームカンファの頻度
4. 研修・教育体制
5. 賞与の支給実績

■ 9. 理学療法士が、病院への転職を考えるなら（PR）
訪問リハから病院に戻る方、実はかなり多いです。年収より「安心して長く働けること」を優先するのも立派な選択。今の自分に合う働き方を、一度整理してみませんか↓
【読まなくていい人】今の働き方に満足している方／転職を考えていない方
【読んでほしい人】件数に追われ、安心して長く働ける職場に移りたい方
〈登録の流れ〉
① 「固定給でいくら欲しいか」と「残業の許容」を決める
② 下のLINE診断で条件を整理し、求人サイトやエージェントには条件をそのまま伝える
③ 出てきた求人を、第8章の5つで確認する
登録・相談に費用はかかりません（詳細は各社の公式サイトで確認してください）。
電話が不安な方は、登録時の備考欄に「連絡はメール希望」など、希望の連絡方法を書いておくと安心です。
〈まずはここから〉
この職種に強い提携先は、診断で条件から絞り込みます。まず条件を整理したい方は、こちらから（30秒）
▶ 自分に合う転職サービスを30秒で診断（LINE・無料）
https://career-line-bot.career-line-bot.workers.dev/l/note-m10

■ まとめ
・訪問リハから病院へ戻る人は、実は少なくない
・年収より「安心して長く働けること」を優先するのも立派な選択
・固定給・残業・土曜出勤の3つを、入職前に確認する
迷ったら、まず30秒の診断から。
▶ 自分に合う転職サービスを30秒で診断（LINE・無料）
https://career-line-bot.career-line-bot.workers.dev/l/note-m10

■ 出典・注記
面談記録をもとに、年齢・地域・施設名（会社名）を加工し、一部を再構成しています。時間割・エピソードは想定を含みます。数字は目安で、実際の条件・勤務時間で変わります。

次回は、「看護師（急性期病棟・夜勤月8回）→訪問看護」の話を書きます。マガジンをフォローしておくと届きます。",2502,"【PR】1日7件回る生活に疲れた…

訪問リハ→回復期病院へ 年収50万下がっても後悔しなかった
インセンティブより、安心して働ける固定給

理学療法士（訪問リハ）→回復期病院の話を、数字ごとnoteに書きました。
▼ コメント欄へ","noteはこちら → 【noteのURL】
（PR）30秒診断（LINE・無料）→ https://career-line-bot.career-line-bot.workers.dev/l/note-m10","・実例：面談記録ベース。年齢は「40代後半」にぼかす
・PT/OT/ST特化の提携先がリンク一覧にありません。LINE診断の職種「リハビリ職」ルート（POSIWILL等）に誘導するか、提携先を追加して差し替え
・PT平均443.6万円（令和7年調査）は指示書メモの数字。出典の正式名称を確認",下書き
11,医療福祉,モデルケース,【転職体験記No.11】看護師（急性期病棟・夜勤月8回）→訪問看護 ＜「夜勤明けに、信号待ちで寝落ちしかけたんです」32歳＞,夜勤月8回の病棟ナースが訪問看護へ。夜勤ゼロでも年収が下がらなかった仕組み【転職体験記No.11】,「一人で判断するのが怖い」を、同行訪問1か月で越えた32歳。夜勤なしで年収526万円,夜勤明けの信号待ちで寝落ちしかけた…,"夜勤月8回の病棟ナースが
訪問看護へ、年収は下がらなかった",夜勤ゼロ・土日休みで年収526万円,"0. PR表記／導入／共感3つ／★CTA①（LINE診断）
こんな悩み、ありませんか？
1. プロフィールと、動いた理由
2. 条件を、並べてみる
3. 訪問看護へ。「一人が怖い」への答え
4. 訪問看護の1日（想定）
5. 入ってから「聞いていなかった」となりやすい3つ
6. 1年後のリアル
7. この事例から持ち帰れる5つ
8. 面談・面接で、必ず聞く5つ
9. 看護師が、夜勤なしの働き方を探すなら（PR）
まとめ
出典・注記
（3と4の間に★CTA②／最後にCTA③）","※本記事にはアフィリエイト広告（PR）を含みます（第9章に明記）。
※この記事は、複数の相談事例をもとにした想定ケース（モデルケース）です。実在の特定の方の話ではありません。

「夜勤明けに、信号待ちで寝落ちしかけたんです」。32歳の看護師さんが面談で話してくれた、転職を決めたきっかけです。

■ こんな悩み、ありませんか？
✔夜勤続きで、生理不順や不眠が続いている
✔夜勤をやめたら、給料が下がって生活できないと思っている
✔訪問看護に興味はあるけど、一人で判断するのが怖い

この記事でわかるのは、①夜勤をやめても年収を維持する考え方、②入ってから「聞いていなかった」となりやすい3つ、③面談・面接で聞く5つ、の3点です。

▼ 先に結論だけ知りたい方へ（PR）
LINE診断（5問・30秒）で、職種・年代・年収・重視すること・時期から、条件に合うサービスを2つに絞れます。
▶ 自分に合う転職サービスを30秒で診断（無料）（LINE診断）
https://career-line-bot.career-line-bot.workers.dev/l/note-m11?job=nurse

■ 1. プロフィールと、動いた理由
32歳の看護師さん。急性期病棟で7年、夜勤は月8回。体調を崩して、生理不順や不眠に悩まされていました。「このまま40代を迎えるのが怖くなった」と話されました。

■ 2. 条件を、並べてみる
・基本給：285,000円
・訪問・職務手当：40,000円
・オンコール手当：25,000円
・住宅・扶養手当など：30,000円
・月給：380,000円
・賞与：年700,000円
・年収：5,260,000円（前職：5,400,000円 → -140,000円）
※内訳は年収から逆算した目安です（訪問看護の平均年収494.8万円：厚労省 令和7年賃金構造基本統計調査／job-medley集計）。夜勤手当がなくなる分、基本給・職務手当で補うイメージです。

■ 3. 訪問看護へ。「一人が怖い」への答え
訪問看護に興味はあっても、「一人で判断するのが怖い」という迷いがありました。そこで、同行訪問を1か月受けられること、オンコールが月4回までの事業所であることを条件に選びました。病棟経験7年の看護師は、訪問看護の現場でどこも歓迎されやすい傾向があります。

▼ 同じ条件で、いま求人が出るか確かめたい方は、こちらから（PR）
▶ 看護師専門の転職サイト（訪問看護求人）（ナースJJ）
https://px.a8.net/svt/ejp?a8mat=4BC9F9+6J6A9U+2YJA+BX3J6&a8sns=note
▶ 自分に合う転職サービスを30秒で診断（無料）（LINE診断）
https://career-line-bot.career-line-bot.workers.dev/l/note-m11?job=nurse

■ 4. 訪問看護の1日（想定）
8:30 出勤・申し送り
9:00 1件目の訪問（バイタル・服薬確認）
10:30 2件目の訪問（創傷ケア）
12:00 事務所で昼休憩
13:00 3件目の訪問
14:30 4件目の訪問
16:00 記録・主治医への報告
17:30 退勤（オンコール当番の日は携帯を持つ）

■ 5. 入ってから「聞いていなかった」となりやすい3つ
1. オンコールの頻度と手当：月4回までか、出動時の手当はいくらかを確認します
2. 同行訪問の期間：1か月の同行があるかを確認します
3. 記録の量：訪問後の記録が、1日の終わりに集中しやすくなります

■ 6. 1年後のリアル
【想定】夜勤がなくなって睡眠が整い、体調は安定しました。一方、オンコールの呼び出しがある月は、気持ちの緊張が続きます。同行訪問のおかげで、3か月目には一人での判断にも慣れました。

■ 7. この事例から持ち帰れる5つ
看護師の全体平均は約524.7万円、病院は554.6万円、訪問看護は494.8万円です。夜勤をやめると年収が大きく下がる、と思われがちですが、条件次第で、ほぼ横ばいで維持できます。訪問看護は求人が増えている分野で、病棟経験者はどこでも歓迎されます。
1. 夜勤をやめても、年収は条件次第で横ばいにできる
2. 「一人が怖い」は、同行訪問の期間で解消できる
3. 基本給・職務手当・オンコール手当の内訳で比べる
4. 病棟経験者は、訪問看護で歓迎されやすい
5. オンコールの回数は、事業所ごとに大きく違う

■ 8. 面談・面接で、必ず聞く5つ
1. 同行訪問の期間と、独り立ちの基準
2. オンコールの回数・手当・出動頻度
3. 1日の訪問件数と、移動時間
4. 記録の量と、事務の分担
5. 賞与・各種手当の内訳

■ 9. 看護師が、夜勤なしの働き方を探すなら（PR）
「夜勤をやめる＝年収ダウン」とは限りません。オンコールの回数や同行研修の有無など、事業所ごとの差を知るだけで選択肢は広がります。まずは夜勤なしの求人がどれくらいあるか見てみてください↓
【読まなくていい人】今の夜勤の働き方で問題ない方／訪問看護に興味がない方
【読んでほしい人】夜勤で体調を崩している、または崩しそうな方
〈登録の流れ〉
① 希望の年収と、オンコールの許容回数を決める
② 下のリンクから登録し、『夜勤なし・オンコール月4回まで』などの条件をそのまま伝える
③ 出てきた求人を、第8章の5つで確認する
登録・相談に費用はかかりません（詳細は各社の公式サイトで確認してください）。
電話が不安な方は、登録時の備考欄に「連絡はメール希望」など、希望の連絡方法を書いておくと安心です。
〈どちらから動く？〉
今週中に動きたい方 → 専門のエージェントに、条件をそのまま伝える
▶ 看護師専門の転職サイト（訪問看護求人）（ナースJJ）
https://px.a8.net/svt/ejp?a8mat=4BC9F9+6J6A9U+2YJA+BX3J6&a8sns=note
▶ 看護師派遣・常勤の求人（MC－ナースネット）
https://px.a8.net/svt/ejp?a8mat=4BC9FE+BET46Q+28MI+5ZEMP&a8sns=note
まず条件を整理したい方 → LINE診断で2つに絞る（30秒）
▶ 自分に合う転職サービスを30秒で診断（LINE・無料）
https://career-line-bot.career-line-bot.workers.dev/l/note-m11?job=nurse

■ まとめ
・夜勤をやめる＝年収ダウン、とは限らない
・同行訪問とオンコールの条件が、働きやすさを決める
・内訳（基本給・手当・賞与）を数字で比べる
迷ったら、まず30秒の診断から。
▶ 自分に合う転職サービスを30秒で診断（LINE・無料）
https://career-line-bot.career-line-bot.workers.dev/l/note-m11?job=nurse

■ 出典・注記
この記事は想定事例です。時間割・エピソードを含め、相談事例をもとに設定した例で、実在の特定の方の話ではありません。実際の年収・条件は、会社・評価・経験によって変わります。

次回は、「看護師（大学病院・外科）→美容クリニック」の話を書きます。マガジンをフォローしておくと届きます。",2609,"【PR】夜勤明けの信号待ちで寝落ちしかけた…

夜勤月8回の病棟ナースが 訪問看護へ、年収は下がらなかった
夜勤ゼロ・土日休みで年収526万円

看護師（急性期病棟・夜勤月8回）→訪問看護の話を、数字ごとnoteに書きました。
▼ コメント欄へ","noteはこちら → 【noteのURL】
（PR）30秒診断（LINE・無料）→ https://career-line-bot.career-line-bot.workers.dev/l/note-m11?job=nurse
（PR）看護師専門の転職サイト（訪問看護求人）（ナースJJ）→ https://px.a8.net/svt/ejp?a8mat=4BC9F9+6J6A9U+2YJA+BX3J6&a8sns=note","・補充ネタ（モデルケース）。実際の担当例に差し替えるまで、記事内で「よくある相談をもとにしたモデルケース」と明記
・給与内訳は目安。実例に差し替え時は数字を修正
・看護師の平均年収は指示書メモ（厚労省 令和7年賃金構造基本統計調査／job-medley集計）",下書き
12,医療福祉,モデルケース,【転職体験記No.12】看護師（大学病院・外科）→美容クリニック ＜「毎朝、病院に向かう電車で胃が痛くなるんです」28歳＞,大学病院3年目で美容クリニックへ。月給+10万より大きかった『朝、胃が痛くない』という変化【転職体験記No.12】,美容ナースのリアル：ノルマ・カウンセリング・向いてる人、向いてない人,毎朝、出勤前に胃が痛い…,"大学病院3年目が美容クリニックへ
月給+10万より大きかった変化",残業ほぼなし・夜勤なし、でもノルマの確認は必須,"0. PR表記／導入／共感3つ／★CTA①（LINE診断）
こんな悩み、ありませんか？
1. プロフィールと、動いた理由
2. 条件を、並べてみる
3. 未経験で美容クリニックへ。転職活動のリアル
4. 美容クリニックの1日（想定）
5. 入ってから「聞いていなかった」となりやすい3つ
6. 1年後のリアル
7. この事例から持ち帰れる5つ
8. 面談・面接で、必ず聞く5つ
9. 病棟の看護師が、美容クリニックを考えるなら（PR）
まとめ
出典・注記
（3と4の間に★CTA②／最後にCTA③）","※本記事にはアフィリエイト広告（PR）を含みます（第9章に明記）。
※この記事は、複数の相談事例をもとにした想定ケース（モデルケース）です。実在の特定の方の話ではありません。

「毎朝、病院に向かう電車で胃が痛くなるんです」。大学病院3年目、28歳の看護師さんでした。

■ こんな悩み、ありませんか？
✔残業とインシデントの不安で、毎日心がすり減っている
✔美容クリニックに興味はあるけど、ノルマが怖い
✔看護師を辞めたいのか、今の職場を辞めたいのか分からない

この記事でわかるのは、①美容クリニックの給与の見方、②入ってから「聞いていなかった」となりやすい3つ、③面談・面接で聞く5つ、の3点です。

▼ 先に結論だけ知りたい方へ（PR）
LINE診断（5問・30秒）で、職種・年代・年収・重視すること・時期から、条件に合うサービスを2つに絞れます。
▶ 自分に合う転職サービスを30秒で診断（無料）（LINE診断）
https://career-line-bot.career-line-bot.workers.dev/l/note-m12?job=nurse

■ 1. プロフィールと、動いた理由
28歳、大学病院の外科病棟で3年目の看護師さん。「人の役に立ちたくて看護師になったのに、残業とインシデントの恐怖で、毎朝、胃が痛い」と話されました。

■ 2. 条件を、並べてみる
・月給（インセンティブ込み）：420,000円
・賞与：年300,000円
・年収：5,340,000円（前職：4,700,000円 → +640,000円）
・残業：ほぼなし
・夜勤：なし
※月給にはインセンティブを含みます。毎月変動する部分がある点に注意してください。

■ 3. 未経験で美容クリニックへ。転職活動のリアル
美容クリニックは未経験。面接で評価されたのは、患者さんに向き合う接遇と、採血・点滴の経験でした。病棟経験が2〜3年あれば、未経験でも転職しやすい分野です。ただし、インセンティブ（ノルマ）の有無はクリニックによって大きく違うため、事前の確認が欠かせません。

▼ 同じ条件で、いま求人が出るか確かめたい方は、こちらから（PR）
▶ 看護師専門の転職サイト（ナースJJ）
https://px.a8.net/svt/ejp?a8mat=4BC9F9+6J6A9U+2YJA+BX3J6&a8sns=note
▶ 自分に合う転職サービスを30秒で診断（無料）（LINE診断）
https://career-line-bot.career-line-bot.workers.dev/l/note-m12?job=nurse

■ 4. 美容クリニックの1日（想定）
9:00 出勤・朝礼（本日の予約の確認）
9:30 カウンセリング・施術の準備
10:00 施術の介助・採血・点滴
12:30 休憩
13:30 カウンセリング（新規のお客様）
15:30 術後フォロー・記録
17:30 日報・売上の共有
18:30 退勤（残業はほぼなし）

■ 5. 入ってから「聞いていなかった」となりやすい3つ
1. インセンティブの実態：月によって変わる部分があります
2. カウンセリングの比重：看護技術より「提案」が中心になることもあります
3. 自費診療の勧誘：ノルマの有無と、その伝え方を確認します

■ 6. 1年後のリアル
【想定】残業と夜勤がなくなり、朝の胃の痛みはなくなりました。一方で、インセンティブのある院では売上の数字を意識する日々が始まり、向き不向きがはっきり分かれる仕事だと感じています。

■ 7. この事例から持ち帰れる5つ
美容看護師は人気ですが、病棟とはまったく別の仕事です。年収の高さだけで選ぶと、ノルマや自費診療の勧誘にストレスを感じる方もいます。入職前に、インセンティブの有無・カウンセリングの割合・離職率を、エージェントに必ず確認してもらってください。
1. 月給に「インセンティブ」が含まれるかを、先に分けて見る
2. 看護技術より、カウンセリングが中心になることもある
3. 病棟経験2〜3年で、未経験でも狙える分野
4. 年収の高さだけで選ぶと、ノルマがストレスになることがある
5. 入職前に、離職率を聞いておく

■ 8. 面談・面接で、必ず聞く5つ
1. インセンティブの有無と、達成条件・最低額
2. カウンセリングと施術の割合
3. 離職率と、直近の退職の理由
4. 残業・休日の実態
5. 教育・研修の体制

■ 9. 病棟の看護師が、美容クリニックを考えるなら（PR）
美容クリニックは、ノルマやカウンセリングの有無が院によって全然違います。求人票だけでは見えない部分こそ、専門のサイトで確認するのがおすすめです↓
【読まなくていい人】今の病院の働き方に満足している方／美容に興味がない方
【読んでほしい人】病棟の残業や夜勤に疲れ、美容クリニックも選択肢に入れたい方
〈登録の流れ〉
① 「固定でいくら欲しいか」と「ノルマの許容」を決める
② 下のリンクから登録し、『ノルマなし・インセンティブの条件を知りたい』とそのまま伝える
③ 出てきた求人を、第8章の5つで確認する
登録・相談に費用はかかりません（詳細は各社の公式サイトで確認してください）。
電話が不安な方は、登録時の備考欄に「連絡はメール希望」など、希望の連絡方法を書いておくと安心です。
〈どちらから動く？〉
今週中に動きたい方 → 専門のエージェントに、条件をそのまま伝える
▶ 看護師専門の転職サイト（ナースJJ）
https://px.a8.net/svt/ejp?a8mat=4BC9F9+6J6A9U+2YJA+BX3J6&a8sns=note
▶ 看護師の求人（常勤〜派遣）（MC－ナースネット）
https://px.a8.net/svt/ejp?a8mat=4BC9FE+BET46Q+28MI+5ZEMP&a8sns=note
まず条件を整理したい方 → LINE診断で2つに絞る（30秒）
▶ 自分に合う転職サービスを30秒で診断（LINE・無料）
https://career-line-bot.career-line-bot.workers.dev/l/note-m12?job=nurse

■ まとめ
・月給にインセンティブが含まれるかを、先に確認する
・向き不向きが分かれる仕事。ノルマの有無で選ぶ
・離職率とカウンセリングの割合は、入職前に聞く
迷ったら、まず30秒の診断から。
▶ 自分に合う転職サービスを30秒で診断（LINE・無料）
https://career-line-bot.career-line-bot.workers.dev/l/note-m12?job=nurse

■ 出典・注記
この記事は想定事例です。時間割・エピソードを含め、相談事例をもとに設定した例で、実在の特定の方の話ではありません。実際の年収・条件は、会社・評価・経験によって変わります。

次回は、「看護師（療養病棟）→健診センター派遣」の話を書きます。マガジンをフォローしておくと届きます。",2483,"【PR】毎朝、出勤前に胃が痛い…

大学病院3年目が美容クリニックへ 月給+10万より大きかった変化
残業ほぼなし・夜勤なし、でもノルマの確認は必須

看護師（大学病院・外科）→美容クリニックの話を、数字ごとnoteに書きました。
▼ コメント欄へ","noteはこちら → 【noteのURL】
（PR）30秒診断（LINE・無料）→ https://career-line-bot.career-line-bot.workers.dev/l/note-m12?job=nurse
（PR）看護師専門の転職サイト（ナースJJ）→ https://px.a8.net/svt/ejp?a8mat=4BC9F9+6J6A9U+2YJA+BX3J6&a8sns=note","・補充ネタ（モデルケース）。記事内でモデルケースと明記
・美容看護師特化の提携先がリンク一覧にありません。看護師専門のナースJJで代替（要確認）
・インセンティブの金額・条件は事業所差が大きいので、一般論として書く",下書き
13,医療福祉,モデルケース,【転職体験記No.13】看護師（療養病棟）→健診センター派遣 ＜「子どもの受験の年だけ、定時で帰れる働き方がしたい」45歳＞,子どもの受験期だけ『健診派遣』へ。採血スキルだけで定時退勤できた看護師の話【転職体験記No.13】,9時〜16時・土日休み。採血できる看護師が狙える、期間限定の働き方,受験の年だけ、定時で帰りたい…,"受験期だけ『健診派遣』へ
採血スキルで定時退勤","時給2,000円・土日休み・繁忙期だけでもOK","0. PR表記／導入／共感3つ／★CTA①（LINE診断）
こんな悩み、ありませんか？
1. プロフィールと、動いた理由
2. 条件を、並べてみる
3. 健診センター派遣へ。転職活動のリアル
4. 健診センター派遣の1日（想定）
5. 入ってから「聞いていなかった」となりやすい3つ
6. 1年後のリアル
7. この事例から持ち帰れる5つ
8. 面談・面接で、必ず聞く5つ
9. 看護師が、期間限定で働き方を変えたいなら（PR）
まとめ
出典・注記
（3と4の間に★CTA②／最後にCTA③）","※本記事にはアフィリエイト広告（PR）を含みます（第9章に明記）。
※この記事は、複数の相談事例をもとにした想定ケース（モデルケース）です。実在の特定の方の話ではありません。

「子どもの受験の年だけでいいから、定時で帰れる働き方がしたい」。45歳の看護師さんの相談は、とても具体的でした。

■ こんな悩み、ありませんか？
✔家庭の大事な時期なのに、夜勤や残業で余裕がない
✔正社員を手放すのが不安
✔採血くらいしか自信のあるスキルがない

この記事でわかるのは、①期間限定で働くときの年収の見方、②入ってから「聞いていなかった」となりやすい3つ、③面談・面接で聞く5つ、の3点です。

▼ 先に結論だけ知りたい方へ（PR）
LINE診断（5問・30秒）で、職種・年代・年収・重視すること・時期から、条件に合うサービスを2つに絞れます。
▶ 自分に合う転職サービスを30秒で診断（無料）（LINE診断）
https://career-line-bot.career-line-bot.workers.dev/l/note-m13?job=nurse

■ 1. プロフィールと、動いた理由
45歳、療養病棟で働く看護師さん。「子どもの受験の年だけでいいから、夜勤や残業がなく、決まった時間に帰れる働き方がしたい」と、とても具体的な相談でした。

■ 2. 条件を、並べてみる
・時給：2,000円
・勤務時間：9時〜16時台・定時17時（目安）
・月給（目安）：336,000円（2,000円×168時間）
・年収（目安）：約403万円（前職：480万円 → 約-77万円）
※期間限定のため、年収は下がります。「今の一年」を優先した選択です。時給・勤務時間は求人ごとに異なる目安です。

■ 3. 健診センター派遣へ。転職活動のリアル
採血のスキルがあれば、健診の現場は即戦力になります。繁忙期（春〜秋）だけの期間限定派遣からスタートして、家庭の状況に合わせて調整する道を選びました。

▼ 同じ条件で、いま求人が出るか確かめたい方は、こちらから（PR）
▶ 看護師派遣（健診・単発）（MC－ナースネット）
https://px.a8.net/svt/ejp?a8mat=4BC9FE+BET46Q+28MI+5ZEMP&a8sns=note
▶ 自分に合う転職サービスを30秒で診断（無料）（LINE診断）
https://career-line-bot.career-line-bot.workers.dev/l/note-m13?job=nurse

■ 4. 健診センター派遣の1日（想定）
8:30 出勤・朝礼
9:00 採血（午前）
11:30 問診の補助・検査の介助
12:30 休憩
13:30 採血（午後）
15:00 記録・片付け
16:30 申し送り
17:00 退勤（定時）

■ 5. 入ってから「聞いていなかった」となりやすい3つ
1. 繁忙期と閑散期の差：働ける日数が変わります
2. 賞与がない：月給と年収を分けて考えます
3. 次の職場：期間が終わったあとの動き方を、先に決めておきます

■ 6. 1年後のリアル
【想定】受験期を乗り切り、家庭にも余裕が戻りました。繁忙期は週5日で働き、閑散期は日数が減りましたが、その間に次の職場の情報を集めています。元の病棟に戻るか、クリニックの常勤にするか、いま考えているところです。

■ 7. この事例から持ち帰れる5つ
健診派遣は「採血できる看護師」が常に求められる分野です。9時〜16時・土日休みの求人が多く、家庭優先の時期にぴったりです。子どもの受験や介護など、期間を区切って働き方を変えるのは、決して後退ではありません。
1. 家庭優先の時期は、働き方を変えていい
2. 「採血できる」だけで、選択肢は大きく広がる
3. 期間限定なら、年収が下がる前提で考える
4. 派遣は「いつまで」を先に決める
5. 戻る道（常勤）も、同時に調べておく

■ 8. 面談・面接で、必ず聞く5つ
1. 繁忙期・閑散期の勤務日数
2. 時給・交通費の条件
3. 契約期間と、更新の可否
4. 健診の件数と、1日の採血本数
5. 定時で帰れる日の割合

■ 9. 看護師が、期間限定で働き方を変えたいなら（PR）
「期間限定で働き方を変える」のも立派なキャリアの選び方です。採血ができれば、健診派遣の選択肢はぐっと広がります。定時・土日休みの求人、一度のぞいてみてください↓
【読まなくていい人】今のフルタイムを続ける予定の方／夜勤や残業に問題がない方
【読んでほしい人】期間を区切って、定時で帰れる働き方を探している方
〈登録の流れ〉
① 「いつまで」と「週何日」を決める
② 下のリンクから登録し、『健診・単発・定時』の条件をそのまま伝える
③ 出てきた求人を、第8章の5つで確認する
登録・相談に費用はかかりません（詳細は各社の公式サイトで確認してください）。
電話が不安な方は、登録時の備考欄に「連絡はメール希望」など、希望の連絡方法を書いておくと安心です。
〈どちらから動く？〉
今週中に動きたい方 → 専門のエージェントに、条件をそのまま伝える
▶ 看護師派遣（健診・単発）（MC－ナースネット）
https://px.a8.net/svt/ejp?a8mat=4BC9FE+BET46Q+28MI+5ZEMP&a8sns=note
▶ 看護師専門の転職サイト（ナースJJ）
https://px.a8.net/svt/ejp?a8mat=4BC9F9+6J6A9U+2YJA+BX3J6&a8sns=note
まず条件を整理したい方 → LINE診断で2つに絞る（30秒）
▶ 自分に合う転職サービスを30秒で診断（LINE・無料）
https://career-line-bot.career-line-bot.workers.dev/l/note-m13?job=nurse

■ まとめ
・期間限定で働き方を変えるのは、後退ではない
・採血ができれば、健診派遣の選択肢は広がる
・繁忙期・閑散期の勤務日数を、先に確認する
迷ったら、まず30秒の診断から。
▶ 自分に合う転職サービスを30秒で診断（LINE・無料）
https://career-line-bot.career-line-bot.workers.dev/l/note-m13?job=nurse

■ 出典・注記
この記事は想定事例です。時間割・エピソードを含め、相談事例をもとに設定した例で、実在の特定の方の話ではありません。実際の年収・条件は、会社・評価・経験によって変わります。

次回は、「フリーター（飲食店）→介護正社員」の話を書きます。マガジンをフォローしておくと届きます。",2334,"【PR】受験の年だけ、定時で帰りたい…

受験期だけ『健診派遣』へ 採血スキルで定時退勤
時給2,000円・土日休み・繁忙期だけでもOK

看護師（療養病棟）→健診センター派遣の話を、数字ごとnoteに書きました。
▼ コメント欄へ","noteはこちら → 【noteのURL】
（PR）30秒診断（LINE・無料）→ https://career-line-bot.career-line-bot.workers.dev/l/note-m13?job=nurse
（PR）看護師派遣（健診・単発）（MC－ナースネット）→ https://px.a8.net/svt/ejp?a8mat=4BC9FE+BET46Q+28MI+5ZEMP&a8sns=note","・補充ネタ（モデルケース）
・時給・勤務時間は求人ごとに異なる。一般論として書き、具体的な数字は「例」と明記
・年収差が-77万円（期間限定）。ネガティブな面もしっかり書く（指示書の方針どおり）",下書き
14,医療福祉,モデルケース,【転職体験記No.14】フリーター（飲食店）→介護正社員 ＜「職歴がバイトしかないんですけど、正社員って無理ですよね」24歳＞,職歴バイトだけの24歳が、未経験で介護の正社員になって年収340万になるまで【転職体験記No.14】,資格を取るたびに給料が上がる。24歳フリーターが選んだ、介護という入り口,職歴がバイトだけで、不安…,"24歳フリーターが
未経験で介護の正社員に",資格取得費用は会社負担・賞与あり,"0. PR表記／導入／共感3つ／★CTA①（LINE診断）
こんな悩み、ありませんか？
1. プロフィールと、動いた理由
2. 条件を、並べてみる
3. 無資格・未経験OKの施設へ。転職活動のリアル
4. 有料老人ホームの1日（想定）
5. 入ってから「聞いていなかった」となりやすい3つ
6. 1年後のリアル
7. この事例から持ち帰れる5つ
8. 面談・面接で、必ず聞く5つ
9. 未経験から、介護の正社員を目指すなら（PR）
まとめ
出典・注記
（3と4の間に★CTA②／最後にCTA③）","※本記事にはアフィリエイト広告（PR）を含みます（第9章に明記）。
※この記事は、複数の相談事例をもとにした想定ケース（モデルケース）です。実在の特定の方の話ではありません。

「職歴がバイトしかないんですけど、正社員って無理ですよね」。履歴書の職歴欄が1行で終わる、24歳の男性でした。

■ こんな悩み、ありませんか？
✔アルバイトやフリーターで、シフトも収入も不安定
✔資格も学歴もなく、正社員はあきらめかけている
✔人の役に立つ仕事がしたい気持ちはある

この記事でわかるのは、①無資格から正社員になる流れ、②入ってから「聞いていなかった」となりやすい3つ、③面談・面接で聞く5つ、の3点です。

▼ 先に結論だけ知りたい方へ（PR）
LINE診断（5問・30秒）で、職種・年代・年収・重視すること・時期から、条件に合うサービスを2つに絞れます。
▶ 自分に合う転職サービスを30秒で診断（無料）（LINE診断）
https://career-line-bot.career-line-bot.workers.dev/l/note-m14?job=care

■ 1. プロフィールと、動いた理由
24歳の男性。飲食店のアルバイトで生計を立てていましたが、シフトが不安定で、月収がブレる。「正社員になりたいけど、資格も職歴もない」と、履歴書の職歴欄が1行で終わる不安を話してくれました。

■ 2. 条件を、並べてみる
・基本給・手当など 月給：250,000円
・賞与：年400,000円
・年収：3,400,000円（前職：2,400,000円 → +1,000,000円）
・資格取得費用：会社負担
・将来：3年後に介護福祉士を目指す
※内訳は目安です。資格を取るたびに手当が増える仕組みが、わかりやすいのも特徴です。

■ 3. 無資格・未経験OKの施設へ。転職活動のリアル
選んだのは、無資格・未経験OK、資格取得支援ありの有料老人ホームです。働きながら、初任者研修、そして実務者研修を取る予定。介護は、未経験・無資格から正社員になりやすい数少ない業界です。

▼ 同じ条件で、いま求人が出るか確かめたい方は、こちらから（PR）
▶ 介護派遣・未経験OK・資格取得支援（かいご畑）
https://px.a8.net/svt/ejp?a8mat=4BC9FE+BLCVUA+1W34+BWVTD&a8sns=note
▶ 自分に合う転職サービスを30秒で診断（無料）（LINE診断）
https://career-line-bot.career-line-bot.workers.dev/l/note-m14?job=care

■ 4. 有料老人ホームの1日（想定）
9:00 出勤・申し送り
9:30 排泄介助・移乗のサポート（先輩と一緒）
11:30 昼食の配膳・食事介助
12:30 休憩
13:30 記録の入力・レクの準備
15:00 入浴のサポート
16:30 申し送り
18:00 退勤（夜勤は入社後しばらくしてから）

■ 5. 入ってから「聞いていなかった」となりやすい3つ
1. 体力面：身体介助は、慣れるまで数ヶ月かかります
2. 夜勤の開始時期：入社後いつから入るのかを確認します
3. 資格取得支援の条件：費用負担の範囲や、勤務年数の縛りを確認します

■ 6. 1年後のリアル
【想定】最初の3ヶ月は、腰と足がつらい日もありましたが、先輩の介助のコツを学びながら慣れていきました。初任者研修を修了し、実務者研修の申し込みを済ませたところです。手当が増える仕組みが見えるので、次の目標も立てやすくなりました。

■ 7. この事例から持ち帰れる5つ
介護は未経験・無資格から正社員を目指せる、数少ない業界です。資格を取るたびに手当が増える仕組みがはっきりしていて、キャリアの階段が見えやすいのも特徴です。職歴に自信がなくても、施設が求めるのは「続けられそうか」「人に向き合えるか」の部分です。
1. 職歴がバイトだけでも、正社員は目指せる
2. 資格を取るたびに、手当が増える仕組みを確認する
3. 無資格・未経験OKの求人は、探せばある
4. 資格取得支援は、「条件の確認」が大事
5. 3年後に介護福祉士、と先を決めておく

■ 8. 面談・面接で、必ず聞く5つ
1. 資格取得支援の内容と、勤務年数などの縛り
2. 夜勤の開始時期と、手当
3. 研修・OJTの期間
4. 1日の入居者数と、スタッフの人数
5. 昇給・賞与の実績

■ 9. 未経験から、介護の正社員を目指すなら（PR）
介護は、未経験・無資格から正社員になれる数少ない業界です。資格取得支援がある職場を選べば、働きながらキャリアも給料も積み上げられます。まずは「未経験OK」の求人を見てみてください↓
【読まなくていい人】今の仕事に満足している方／介護に興味がない方
【読んでほしい人】フリーターから、正社員でキャリアを作りたい方
〈登録の流れ〉
① 「資格取得支援」と「夜勤の許容」を決める
② 下のリンクから登録し、『無資格・未経験OK・資格取得支援あり』をそのまま伝える
③ 出てきた求人を、第8章の5つで確認する
登録・相談に費用はかかりません（詳細は各社の公式サイトで確認してください）。
電話が不安な方は、登録時の備考欄に「連絡はメール希望」など、希望の連絡方法を書いておくと安心です。
〈どちらから動く？〉
今週中に動きたい方 → 専門のエージェントに、条件をそのまま伝える
▶ 介護派遣・未経験OK・資格取得支援（かいご畑）
https://px.a8.net/svt/ejp?a8mat=4BC9FE+BLCVUA+1W34+BWVTD&a8sns=note
▶ 介護の求人（正社員〜単発まで）（MC－介護のお仕事）
https://px.a8.net/svt/ejp?a8mat=4BC9FE+BMJR1U+28MI+NUMHT&a8sns=note
まず条件を整理したい方 → LINE診断で2つに絞る（30秒）
▶ 自分に合う転職サービスを30秒で診断（LINE・無料）
https://career-line-bot.career-line-bot.workers.dev/l/note-m14?job=care

■ まとめ
・介護は、未経験・無資格から正社員になりやすい業界
・資格を取るたびに手当が増える仕組みを確認する
・資格取得支援の条件は、入社前に必ず確認する
迷ったら、まず30秒の診断から。
▶ 自分に合う転職サービスを30秒で診断（LINE・無料）
https://career-line-bot.career-line-bot.workers.dev/l/note-m14?job=care

■ 出典・注記
この記事は想定事例です。時間割・エピソードを含め、相談事例をもとに設定した例で、実在の特定の方の話ではありません。実際の年収・条件は、会社・評価・経験によって変わります。

次回は、「介護福祉士（デイサービス）→訪問介護のサ責」の話を書きます。マガジンをフォローしておくと届きます。",2493,"【PR】職歴がバイトだけで、不安…

24歳フリーターが 未経験で介護の正社員に
資格取得費用は会社負担・賞与あり

フリーター（飲食店）→介護正社員の話を、数字ごとnoteに書きました。
▼ コメント欄へ","noteはこちら → 【noteのURL】
（PR）30秒診断（LINE・無料）→ https://career-line-bot.career-line-bot.workers.dev/l/note-m14?job=care
（PR）介護派遣・未経験OK・資格取得支援（かいご畑）→ https://px.a8.net/svt/ejp?a8mat=4BC9FE+BLCVUA+1W34+BWVTD&a8sns=note","・補充ネタ（モデルケース）
・かいご畑は「派遣が中心」。正社員求人は MC－介護のお仕事側。記事内の説明を分ける
・資格取得支援の条件は施設・制度ごとに異なるため、断定しない",下書き
15,医療福祉,モデルケース,"【転職体験記No.15】介護福祉士（デイサービス）→訪問介護のサ責 ＜「今年の昇給、3,000円でした」38歳＞","デイサービス8年目、昇給3,000円に絶望した介護福祉士が『サ責』で月給30万になった話【転職体験記No.15】",介護福祉士の次の一手＝サ責。夜勤なしで役職手当、ケアマネへのステップにも,"昇給が年3,000円…","デイサービス8年目の介護福祉士が
『サ責』で月給30万円に",夜勤なし・役職手当・ケアマネへの道,"0. PR表記／導入／共感3つ／★CTA①（LINE診断）
こんな悩み、ありませんか？
1. プロフィールと、動いた理由
2. 条件を、並べてみる
3. サービス提供責任者へ。転職活動のリアル
4. 訪問介護のサ責の1日（想定）
5. 入ってから「聞いていなかった」となりやすい3つ
6. 1年後のリアル
7. この事例から持ち帰れる5つ
8. 面談・面接で、必ず聞く5つ
9. 介護福祉士が、役職のある求人を見るなら（PR）
まとめ
出典・注記
（3と4の間に★CTA②／最後にCTA③）","※本記事にはアフィリエイト広告（PR）を含みます（第9章に明記）。
※この記事は、複数の相談事例をもとにした想定ケース（モデルケース）です。実在の特定の方の話ではありません。

「今年の昇給、3,000円でした」。デイサービスで8年働く介護福祉士さんは、笑いながら、でも悔しそうにそう言いました。

■ こんな悩み、ありませんか？
✔何年働いても昇給がほとんどない
✔上のポストが空かず、キャリアが止まっている
✔介護福祉士を取ったのに、給料に反映されていない

この記事でわかるのは、①サ責になると何が変わるか、②入ってから「聞いていなかった」となりやすい3つ、③面談・面接で聞く5つ、の3点です。

▼ 先に結論だけ知りたい方へ（PR）
LINE診断（5問・30秒）で、職種・年代・年収・重視すること・時期から、条件に合うサービスを2つに絞れます。
▶ 自分に合う転職サービスを30秒で診断（無料）（LINE診断）
https://career-line-bot.career-line-bot.workers.dev/l/note-m15?job=care

■ 1. プロフィールと、動いた理由
38歳の介護福祉士さん。デイサービスで8年働いてきたものの、昇給は年3,000円。「役職が空く気配もなく、キャリアが止まっている感覚があります」と、笑いながら、でも悔しそうに話されました。

■ 2. 条件を、並べてみる
・月給：300,000円（夜勤なし）
・賞与：年600,000円
・年収：4,200,000円（前職：3,700,000円 → +500,000円）
・役職手当：サ責手当あり
・将来：ケアマネ受験の実務経験にも
※内訳は目安です。役職手当の金額は事業所によって大きく異なります。

■ 3. サービス提供責任者へ。転職活動のリアル
介護福祉士の資格があれば、訪問介護のサービス提供責任者（サ責）になれます。シフト管理や計画書の作成は未経験でしたが、入職後の研修で身につく形の求人を選びました。

▼ 同じ条件で、いま求人が出るか確かめたい方は、こちらから（PR）
▶ 介護特化（役職・サ責求人）（MC－介護のお仕事）
https://px.a8.net/svt/ejp?a8mat=4BC9FE+BMJR1U+28MI+NUMHT&a8sns=note
▶ 自分に合う転職サービスを30秒で診断（無料）（LINE診断）
https://career-line-bot.career-line-bot.workers.dev/l/note-m15?job=care

■ 4. 訪問介護のサ責の1日（想定）
8:30 出勤・当日のシフト確認
9:00 ヘルパーへの連絡・調整
10:00 利用者宅を訪問（アセスメント）
12:00 休憩
13:00 サービス提供計画書の作成
15:00 急なシフトの穴埋め（訪問介護の実務）
17:00 関係者との連絡・記録
18:00 退勤（夜勤なし）

■ 5. 入ってから「聞いていなかった」となりやすい3つ
1. 事務の量：計画書やシフト調整で、現場より事務が増えます
2. 急な穴埋め：ヘルパーの欠勤への対応が入ります
3. 平日の拘束時間：夜勤がない分、平日の拘束が長くなることもあります

■ 6. 1年後のリアル
【想定】現場の仕事に加えて、シフト調整や計画書の作成に追われた時期もありました。半年ほどで流れをつかみ、月給30万円で安定しています。ケアマネを目指すための実務経験にもなっているので、次のステップも見えています。

■ 7. この事例から持ち帰れる5つ
介護福祉士を持っているなら「サ責」という道があります。夜勤なしで役職手当がつき、ケアマネへのステップにもなります。昇給が止まっていると感じたら、施設の中で待つだけでなく、役職のある求人を見に行くのが近道です。
1. 介護福祉士があれば、「サ責」という道がある
2. 同じ資格でも、役割を変えると年収が変わる
3. 昇給が止まっていたら、役職のある求人を見にいく
4. 事務の量は、入職前に確認する
5. ケアマネへのステップとしても使える

■ 8. 面談・面接で、必ず聞く5つ
1. 1日の訪問件数と、事務の時間
2. 急なシフトの穴埋めの頻度
3. サ責手当の金額と、支給条件
4. 研修・引き継ぎの期間
5. ケアマネ受験に必要な実務経験の扱い

■ 9. 介護福祉士が、役職のある求人を見るなら（PR）
介護福祉士を持っているなら、「サ責」や「リーダー職」という道があります。同じ資格でも、職場と役割を変えるだけで年収は変わります。役職つきの求人、一度チェックしてみてください↓
【読まなくていい人】今の職場で、役職や昇給の見込みがある方／サ責に興味がない方
【読んでほしい人】昇給が止まっていて、役職のある求人を見てみたい方
〈登録の流れ〉
① 「月給の希望」と「事務の許容」を決める
② 下のリンクから登録し、『サ責・リーダー職の求人』をそのまま伝える
③ 出てきた求人を、第8章の5つで確認する
登録・相談に費用はかかりません（詳細は各社の公式サイトで確認してください）。
電話が不安な方は、登録時の備考欄に「連絡はメール希望」など、希望の連絡方法を書いておくと安心です。
〈どちらから動く？〉
今週中に動きたい方 → 専門のエージェントに、条件をそのまま伝える
▶ 介護特化（役職・サ責求人）（MC－介護のお仕事）
https://px.a8.net/svt/ejp?a8mat=4BC9FE+BMJR1U+28MI+NUMHT&a8sns=note
▶ 介護派遣・資格取得支援（かいご畑）
https://px.a8.net/svt/ejp?a8mat=4BC9FE+BLCVUA+1W34+BWVTD&a8sns=note
まず条件を整理したい方 → LINE診断で2つに絞る（30秒）
▶ 自分に合う転職サービスを30秒で診断（LINE・無料）
https://career-line-bot.career-line-bot.workers.dev/l/note-m15?job=care

■ まとめ
・介護福祉士なら、サ責やリーダー職という道がある
・昇給が止まったら、職場と役割を変えて考える
・事務の量と手当の金額を、入職前に確認する
迷ったら、まず30秒の診断から。
▶ 自分に合う転職サービスを30秒で診断（LINE・無料）
https://career-line-bot.career-line-bot.workers.dev/l/note-m15?job=care

■ 出典・注記
この記事は想定事例です。時間割・エピソードを含め、相談事例をもとに設定した例で、実在の特定の方の話ではありません。実際の年収・条件は、会社・評価・経験によって変わります。

次回は、「ケアマネ（特養・介護兼務）→居宅介護支援」の話を書きます。マガジンをフォローしておくと届きます。",2437,"【PR】昇給が年3,000円…

デイサービス8年目の介護福祉士が 『サ責』で月給30万円に
夜勤なし・役職手当・ケアマネへの道

介護福祉士（デイサービス）→訪問介護のサ責の話を、数字ごとnoteに書きました。
▼ コメント欄へ","noteはこちら → 【noteのURL】
（PR）30秒診断（LINE・無料）→ https://career-line-bot.career-line-bot.workers.dev/l/note-m15?job=care
（PR）介護特化（役職・サ責求人）（MC－介護のお仕事）→ https://px.a8.net/svt/ejp?a8mat=4BC9FE+BMJR1U+28MI+NUMHT&a8sns=note","・補充ネタ（モデルケース）
・サ責の役職手当・月給は事業所差が大きい。相場は「例」と明記
・介護福祉士の平均月給35万50円（厚労省 令和6年度介護従事者処遇状況等調査）との比較を入れると信頼度UP",下書き
16,医療福祉,モデルケース,【転職体験記No.16】ケアマネ（特養・介護兼務）→居宅介護支援 ＜「肩書きはケアマネなんですけど、実際はほぼ介護職です」50歳＞,「名ばかりケアマネ」を卒業。50歳で居宅に移って、土日休み・専任になれた話【転職体験記No.16】,施設ケアマネの『兼務地獄』から抜け出す。居宅に移って変わったこと,肩書きはケアマネ、実態は介護職…,"50歳の『名ばかりケアマネ』が
居宅で専任・土日休みに",50代でもケアマネの求人はある,"0. PR表記／導入／共感3つ／★CTA①（LINE診断）
こんな悩み、ありませんか？
1. プロフィールと、動いた理由
2. 条件を、並べてみる
3. 居宅介護支援事業所へ。転職活動のリアル
4. 居宅ケアマネの1日（想定）
5. 入ってから「聞いていなかった」となりやすい3つ
6. 1年後のリアル
7. この事例から持ち帰れる5つ
8. 面談・面接で、必ず聞く5つ
9. 施設ケアマネが、居宅への転職を考えるなら（PR）
まとめ
出典・注記
（3と4の間に★CTA②／最後にCTA③）","※本記事にはアフィリエイト広告（PR）を含みます（第9章に明記）。
※この記事は、複数の相談事例をもとにした想定ケース（モデルケース）です。実在の特定の方の話ではありません。

「肩書きはケアマネなんですけど、実際はほぼ介護職です」。施設で兼務を続けてきた、50歳のケアマネさんでした。

■ こんな悩み、ありませんか？
✔ケアマネなのに介護業務と兼務で、プラン作成は残業
✔50代からの転職は難しいと思っている
✔土日休みで、ケアマネの仕事に集中したい

この記事でわかるのは、①居宅ケアマネの働き方と、加算の見方、②入ってから「聞いていなかった」となりやすい3つ、③面談・面接で聞く5つ、の3点です。

▼ 先に結論だけ知りたい方へ（PR）
LINE診断（5問・30秒）で、職種・年代・年収・重視すること・時期から、条件に合うサービスを2つに絞れます。
▶ 自分に合う転職サービスを30秒で診断（無料）（LINE診断）
https://career-line-bot.career-line-bot.workers.dev/l/note-m16?job=care

■ 1. プロフィールと、動いた理由
50歳のケアマネジャーさん。特養で、ケアマネと介護職を兼務してきました。「肩書きはケアマネなんですけど、実際はほぼ介護職です」。ケアマネの仕事に集中したい、という相談でした。

■ 2. 条件を、並べてみる
・月給：320,000円
・賞与：年700,000円
・年収：4,540,000円（前職：4,300,000円 → +240,000円）
・働き方：ケアマネ専任・土日祝休み
・加算：特定事業所加算で給与水準が高め
※内訳は目安です。担当件数と加算の有無で、給与と負担が大きく変わります。

■ 3. 居宅介護支援事業所へ。転職活動のリアル
居宅介護支援事業所は、担当件数の管理がポイントです。「1人35件まで」や「特定事業所加算あり」の事業所を選びました。施設ケアマネの兼務疲れは多く、居宅は直行直帰・土日休みも多いため、50代でも十分に転職できます。

▼ 同じ条件で、いま求人が出るか確かめたい方は、こちらから（PR）
▶ 介護特化（ケアマネ求人）（MC－介護のお仕事）
https://px.a8.net/svt/ejp?a8mat=4BC9FE+BMJR1U+28MI+NUMHT&a8sns=note
▶ 自分に合う転職サービスを30秒で診断（無料）（LINE診断）
https://career-line-bot.career-line-bot.workers.dev/l/note-m16?job=care

■ 4. 居宅ケアマネの1日（想定）
8:30 出勤・その日の訪問予定を確認
9:00 利用者宅を訪問（モニタリング）
11:00 事業所に戻り、記録・ケアプランの作成
12:00 休憩
13:00 サービス事業所・主治医との調整
15:00 訪問（新規のご相談）
16:30 給付管理の書類作成
17:30 退勤（土日祝休み）

■ 5. 入ってから「聞いていなかった」となりやすい3つ
1. 担当件数：1人あたりの件数で、負担が大きく変わります
2. 書類の量：給付管理・記録など、事務が中心になります
3. 土日の緊急対応：休日の連絡体制を確認します

■ 6. 1年後のリアル
【想定】兼務がなくなり、ケアマネの仕事に集中できました。担当件数の管理と書類に追われる時期もありますが、土日が休みで、生活のリズムは整っています。

■ 7. この事例から持ち帰れる5つ
施設ケアマネの兼務疲れは、本当によく聞く悩みです。居宅は直行直帰、土日休みの求人も多く、50代でも十分に転職できる分野です。ただし、担当件数と加算の有無で働き方が大きく変わるので、必ず事前に確認してください。
1. 施設ケアマネの兼務疲れは、居宅で解消できることがある
2. 50代でも、ケアマネの求人はある
3. 担当件数と加算は、入職前に確認する
4. 直行直帰や土日休みの求人も多い
5. 専任になると、見通しが立てやすい

■ 8. 面談・面接で、必ず聞く5つ
1. 1人あたりの担当件数
2. 特定事業所加算の有無
3. 土日・休日の緊急連絡の体制
4. 書類作成の時間と、事務員の有無
5. 賞与・各種手当の内訳

■ 9. 施設ケアマネが、居宅への転職を考えるなら（PR）
ケアマネは50代でも求人が多い職種です。担当件数や加算の有無など、見るべきポイントを押さえれば働き方は大きく変わります。専任で働ける求人を探してみてください↓
【読まなくていい人】今の兼務の働き方に満足している方／ケアマネを続ける予定がない方
【読んでほしい人】ケアマネの仕事に集中したい方
〈登録の流れ〉
① 「担当件数の上限」と「土日休み」を決める
② 下のリンクから登録し、『ケアマネ専任・土日休み』をそのまま伝える
③ 出てきた求人を、第8章の5つで確認する
登録・相談に費用はかかりません（詳細は各社の公式サイトで確認してください）。
電話が不安な方は、登録時の備考欄に「連絡はメール希望」など、希望の連絡方法を書いておくと安心です。
〈どちらから動く？〉
今週中に動きたい方 → 専門のエージェントに、条件をそのまま伝える
▶ 介護特化（ケアマネ求人）（MC－介護のお仕事）
https://px.a8.net/svt/ejp?a8mat=4BC9FE+BMJR1U+28MI+NUMHT&a8sns=note
▶ 介護派遣・資格取得支援（かいご畑）
https://px.a8.net/svt/ejp?a8mat=4BC9FE+BLCVUA+1W34+BWVTD&a8sns=note
まず条件を整理したい方 → LINE診断で2つに絞る（30秒）
▶ 自分に合う転職サービスを30秒で診断（LINE・無料）
https://career-line-bot.career-line-bot.workers.dev/l/note-m16?job=care

■ まとめ
・兼務疲れは、居宅で解消できる場合がある
・担当件数と加算の有無で、働き方が変わる
・土日の緊急連絡の体制も、入職前に確認する
迷ったら、まず30秒の診断から。
▶ 自分に合う転職サービスを30秒で診断（LINE・無料）
https://career-line-bot.career-line-bot.workers.dev/l/note-m16?job=care

■ 出典・注記
この記事は想定事例です。時間割・エピソードを含め、相談事例をもとに設定した例で、実在の特定の方の話ではありません。実際の年収・条件は、会社・評価・経験によって変わります。

次回は、「認可保育園の担任→企業主導型保育園」の話を書きます。マガジンをフォローしておくと届きます。",2386,"【PR】肩書きはケアマネ、実態は介護職…

50歳の『名ばかりケアマネ』が 居宅で専任・土日休みに
50代でもケアマネの求人はある

ケアマネ（特養・介護兼務）→居宅介護支援の話を、数字ごとnoteに書きました。
▼ コメント欄へ","noteはこちら → 【noteのURL】
（PR）30秒診断（LINE・無料）→ https://career-line-bot.career-line-bot.workers.dev/l/note-m16?job=care
（PR）介護特化（ケアマネ求人）（MC－介護のお仕事）→ https://px.a8.net/svt/ejp?a8mat=4BC9FE+BMJR1U+28MI+NUMHT&a8sns=note","・補充ネタ（モデルケース）
・担当件数の上限・加算の要件は制度改定の影響あり。最新の情報を確認して記載
・年齢は「50歳前後」にぼかす",下書き
32,医療福祉,モデルケース,【転職体験記No.32】認可保育園の担任→企業主導型保育園 ＜「保育は好きなんです。でも、家に帰ってからも仕事してて、生活がないんです」27歳＞,保育士を辞めたいのは、保育が嫌いだからじゃない。持ち帰り仕事ゼロの園に移って年収+32万円【転職体験記No.32】,行事準備・連絡帳の持ち帰りから解放された27歳。借上げ社宅で家賃負担も減った話,家に帰っても、仕事してる…,"保育士辞めたい≠保育が嫌い
持ち帰り仕事ゼロの園へ",年収340万→372万。借上げ社宅も,"0. PR表記／導入／共感3つ／★CTA①（LINE診断）
こんな悩み、ありませんか？
1. プロフィールと、動いた理由
2. 条件を、並べてみる
3. 企業主導型へ。持ち帰り仕事ゼロの園の探し方
4. 企業主導型保育園の1日（想定）
5. 入ってから「聞いていなかった」となりやすい3つ
6. 1年後のリアル
7. この事例から持ち帰れる5つ
8. 面談・面接で、必ず聞く5つ
9. 保育士が、働きやすい園を探すなら（PR）
まとめ
出典・注記
（3と4の間に★CTA②／最後にCTA③）","※本記事にはアフィリエイト広告（PR）を含みます（第9章に明記）。
※この記事は、複数の相談事例をもとにした想定ケース（モデルケース）です。実在の特定の方の話ではありません。

「保育は好きなんです。でも、家に帰ってからも仕事してて、生活がないんです」。27歳の保育士さんでした。

■ こんな悩み、ありませんか？
✔行事準備や連絡帳の持ち帰り仕事が毎日ある
✔保育士を辞めたいのか、今の園を辞めたいのか分からない
✔家賃や生活費がきつい

この記事でわかるのは、①持ち帰り仕事ゼロの園の見分け方、②入ってから「聞いていなかった」となりやすい3つ、③面談・面接で聞く5つ、の3点です。

▼ 先に結論だけ知りたい方へ（PR）
LINE診断（5問・30秒）で、職種・年代・年収・重視すること・時期から、条件に合うサービスを2つに絞れます。
▶ 自分に合う転職サービスを30秒で診断（無料）（LINE診断）
https://career-line-bot.career-line-bot.workers.dev/l/note-m32?job=child

■ 1. プロフィールと、動いた理由
27歳の保育士さん。認可保育園の担任で、行事の準備と連絡帳の持ち帰りが毎日のように続き、「保育は好きなのに、家でも仕事で生活がない」と話されました。

■ 2. 条件を、並べてみる
・前職：認可保育園（担任）年収340万円
・転職後：企業主導型保育園 年収372万円
・基本給：190,000円
・資格手当：10,000円
・処遇改善・職務手当：40,000円
・時間外手当：5,000円
・住宅・扶養手当：15,000円
・月給：260,000円
・賞与：年600,000円
・年収差：+32万円
※内訳は目安です。借上げ社宅や家賃補助は、法人によって異なります。

■ 3. 企業主導型へ。持ち帰り仕事ゼロの園の探し方
選んだのは、小規模の企業主導型保育園です。連絡帳がアプリ化され、行事も最小限。借上げ社宅の制度もあり、持ち帰り仕事がなくなる条件がそろいました。処遇改善手当もそのままです。

▼ 同じ条件で、いま求人が出るか確かめたい方は、こちらから（PR）
▶ 保育士の転職支援（保育園・療育の求人）（ほいく畑）
https://px.a8.net/svt/ejp?a8mat=4BC2EP+526NW2+1W34+HWXLE&a8sns=note
▶ 自分に合う転職サービスを30秒で診断（無料）（LINE診断）
https://career-line-bot.career-line-bot.workers.dev/l/note-m32?job=child

■ 4. 企業主導型保育園の1日（想定）
7:45 出勤・園内の準備
8:30 登園の受け入れ
9:30 主活動（少人数のグループ）
11:00 昼食の準備・見守り
12:30 午睡・連絡帳をアプリで入力
14:30 おやつ・自由あそび
16:30 降園の準備・保護者への引き渡し
17:30 日誌を書いて退勤（持ち帰りなし）

■ 5. 入ってから「聞いていなかった」となりやすい3つ
1. 少人数ゆえの欠勤対応：急な休みの補い方を確認します
2. ICTの慣れ：連絡帳アプリなどの使い方の研修を確認します
3. 借上げ社宅の条件：対象・上限・自己負担を確認します

■ 6. 1年後のリアル
【想定】持ち帰り仕事がなくなり、平日の夜に自分の時間ができました。少人数の園で職員同士の距離が近く、急な欠勤の日は忙しくなりますが、連絡帳のアプリ化で事務は軽くなっています。

■ 7. この事例から持ち帰れる5つ
「保育士を辞めたい」の多くは、保育が嫌なのではなく“環境”が原因です。園の規模と行事の量で、働きやすさはまったく変わります。
1. 「保育士を辞めたい」は、園を変えれば解決することがある
2. 園の規模と行事量で、働きやすさは大きく変わる
3. 持ち帰り仕事の有無は、見学で必ず確認する
4. 借上げ社宅などの制度は、使わないと損
5. 処遇改善手当が移っても維持されるかを確認する

■ 8. 面談・面接で、必ず聞く5つ
1. 持ち帰り仕事の有無と、行事準備の時間
2. 連絡帳・日誌のICT化の状況
3. 借上げ社宅の対象と、自己負担
4. 1クラスの人数と、保育士の配置
5. 処遇改善手当の支給の仕組み

■ 9. 保育士が、働きやすい園を探すなら（PR）
「保育士を辞めたい」の多くは、保育じゃなく“園の環境”が原因です。持ち帰りゼロ・ICT化・借上げ社宅など、条件で絞るだけで働きやすさは激変します。まずは条件で探してみてください↓
【読まなくていい人】今の園の働き方に満足している方／保育の仕事から離れたい方
【読んでほしい人】保育は好きだけど、持ち帰り仕事や行事の負担に疲れている方
〈登録の流れ〉
① 「持ち帰り仕事ゼロ」「行事の量」「住宅の補助」を優先順位で並べる
② 下のリンクから登録し、『持ち帰りなし・ICT化・借上げ社宅あり』をそのまま伝える
③ 出てきた求人を、第8章の5つで確認する
登録・相談に費用はかかりません（詳細は各社の公式サイトで確認してください）。
電話が不安な方は、登録時の備考欄に「連絡はメール希望」など、希望の連絡方法を書いておくと安心です。
〈どちらから動く？〉
今週中に動きたい方 → 専門のエージェントに、条件をそのまま伝える
▶ 保育士の転職支援（保育園・療育の求人）（ほいく畑）
https://px.a8.net/svt/ejp?a8mat=4BC2EP+526NW2+1W34+HWXLE&a8sns=note
まず条件を整理したい方 → LINE診断で2つに絞る（30秒）
▶ 自分に合う転職サービスを30秒で診断（LINE・無料）
https://career-line-bot.career-line-bot.workers.dev/l/note-m32?job=child

■ まとめ
・保育士を辞めたい原因は、環境にあることが多い
・持ち帰り仕事と行事の量は、見学で確認する
・借上げ社宅・処遇改善の制度を、入職前に確認する
迷ったら、まず30秒の診断から。
▶ 自分に合う転職サービスを30秒で診断（LINE・無料）
https://career-line-bot.career-line-bot.workers.dev/l/note-m32?job=child

■ 出典・注記
この記事は想定事例です。時間割・エピソードを含め、相談事例をもとに設定した例で、実在の特定の方の話ではありません。実際の年収・条件は、会社・評価・経験によって変わります。

次回は、「専業主婦（ブランク7年）→保育補助（派遣）」の話を書きます。マガジンをフォローしておくと届きます。",2437,"【PR】家に帰っても、仕事してる…

保育士辞めたい≠保育が嫌い 持ち帰り仕事ゼロの園へ
年収340万→372万。借上げ社宅も

認可保育園の担任→企業主導型保育園の話を、数字ごとnoteに書きました。
▼ コメント欄へ","noteはこちら → 【noteのURL】
（PR）30秒診断（LINE・無料）→ https://career-line-bot.career-line-bot.workers.dev/l/note-m32?job=child
（PR）保育士の転職支援（保育園・療育の求人）（ほいく畑）→ https://px.a8.net/svt/ejp?a8mat=4BC2EP+526NW2+1W34+HWXLE&a8sns=note","・モデルケース：想定事例と明記
・借上げ社宅・処遇改善の条件は法人ごとに違う。断定しない",下書き
33,医療福祉,モデルケース,【転職体験記No.33】専業主婦（ブランク7年）→保育補助（派遣） ＜「7年も離れてて…私なんかが戻れますか？」35歳ママ＞,ブランク7年の保育士が、担任なし・9時〜15時の派遣で復職した話【転職体験記No.33】,扶養内でも働ける。担任の責任なしで保育の現場に戻る、いちばんラクな入り口,資格はあるけど、7年のブランク…,"ブランク7年の保育士が
担任なし・9〜15時で復職","時給1,500円・子どもの帰宅前に終わる","0. PR表記／導入／共感3つ／★CTA①（LINE診断）
こんな悩み、ありませんか？
1. プロフィールと、動いた理由
2. 条件を、並べてみる
3. 担任なしの保育補助から再スタート
4. 保育補助（派遣）の1日（想定）
5. 入ってから「聞いていなかった」となりやすい3つ
6. 1年後のリアル
7. この事例から持ち帰れる5つ
8. 面談・面接で、必ず聞く5つ
9. ブランクのある保育士が、復職を考えるなら（PR）
まとめ
出典・注記
（3と4の間に★CTA②／最後にCTA③）","※本記事にはアフィリエイト広告（PR）を含みます（第9章に明記）。
※この記事は、複数の相談事例をもとにした想定ケース（モデルケース）です。実在の特定の方の話ではありません。

「資格はあるんですけど、7年も離れてて…私なんかが戻れますか？」。末っ子が小学生になった、35歳のママさんでした。

■ こんな悩み、ありませんか？
✔保育士資格はあるけど、ブランクが長くて不安
✔担任を持つ自信がない
✔子どもが帰ってくる前には家にいたい

この記事でわかるのは、①ブランク後の復職の進め方、②入ってから「聞いていなかった」となりやすい3つ、③面談・面接で聞く5つ、の3点です。

▼ 先に結論だけ知りたい方へ（PR）
LINE診断（5問・30秒）で、職種・年代・年収・重視すること・時期から、条件に合うサービスを2つに絞れます。
▶ 自分に合う転職サービスを30秒で診断（無料）（LINE診断）
https://career-line-bot.career-line-bot.workers.dev/l/note-m33?job=child

■ 1. プロフィールと、動いた理由
35歳の元保育士さん。末っ子が小学生になり、「資格はあるけど、7年も離れて担任を持つ自信はない」と相談に来られました。

■ 2. 条件を、並べてみる
・前職：専業主婦（ブランク7年）
・転職後：保育園（保育補助・派遣）
・時給：1,500円
・月の労働時間：120時間（目安）
・月給：180,000円（賞与なし）
・年収：約216万円
※扶養の範囲は、世帯の状況や制度で変わります。月給は「時給×時間」で先に計算し、条件を確認してください。

■ 3. 担任なしの保育補助から再スタート
選んだのは、担任なし・保育補助・9時〜15時の派遣です。子どもの帰宅前に終わり、担任の責任もなく、ブランクを埋めるリハビリ期間にできます。慣れたら正社員も検討する、という順番にしました。

▼ 同じ条件で、いま求人が出るか確かめたい方は、こちらから（PR）
▶ 保育士の転職支援（保育園・療育の求人）（ほいく畑）
https://px.a8.net/svt/ejp?a8mat=4BC2EP+526NW2+1W34+HWXLE&a8sns=note
▶ 自分に合う転職サービスを30秒で診断（無料）（LINE診断）
https://career-line-bot.career-line-bot.workers.dev/l/note-m33?job=child

■ 4. 保育補助（派遣）の1日（想定）
8:50 出勤・その日の担任と打ち合わせ
9:00 登園の受け入れ・環境整備
10:00 主活動の補助（製作・散歩の付き添い）
11:00 給食の配膳・食事の見守り
12:00 午睡の見守り・休憩
13:30 掃除・洗濯・おやつの準備
14:30 降園前の見守り
15:00 退勤（子どもの帰宅前）

■ 5. 入ってから「聞いていなかった」となりやすい3つ
1. 派遣の契約：更新の条件と、勤務日数の調整を確認します
2. 補助の範囲：どこまで任されるか（担任補助の内容）を確認します
3. 正社員への道：将来、正社員へ切り替えられる制度があるかを確認します

■ 6. 1年後のリアル
【想定】最初の数週間は、子どもたちの名前を覚えるのに必死でした。担任の先生のサポートに入るだけの毎日ですが、保育の感覚が戻り、「また担任をやってみたい」と思えるようになってきています。

■ 7. この事例から持ち帰れる5つ
ブランクのある保育士は、「補助」から戻るのがいちばんラクです。短時間・扶養内の求人も多くあります。
1. ブランクは、補助から戻ると乗り越えやすい
2. 担任なしでも、保育の現場に戻れる
3. 9時〜15時なら、子どもの帰宅前に終われる
4. 扶養内で働きたい人も、条件を選べる
5. 慣れたら、正社員も選択肢に入れる

■ 8. 面談・面接で、必ず聞く5つ
1. 補助と担任の役割の分担
2. 契約期間と、更新の条件
3. 勤務時間と、勤務日数の調整のしやすさ
4. 研修・フォロー体制
5. 正社員登用や、社員への切り替えの制度

■ 9. ブランクのある保育士が、復職を考えるなら（PR）
ブランクのある保育士さんは、まず「補助」「短時間」から戻るのが一番ラクです。扶養内の求人もたくさんあります。“今の自分でできる働き方”から探してみてください↓
【読まなくていい人】今の生活スタイルを変えたくない方／保育の仕事に戻る予定がない方
【読んでほしい人】資格はあるが、ブランクで戻る自信がない方
〈登録の流れ〉
① 「何時から何時まで」「週何日」を決める
② 下のリンクから登録し、『担任なし・保育補助・短時間』の条件をそのまま伝える
③ 出てきた求人を、第8章の5つで確認する
登録・相談に費用はかかりません（詳細は各社の公式サイトで確認してください）。
電話が不安な方は、登録時の備考欄に「連絡はメール希望」など、希望の連絡方法を書いておくと安心です。
〈どちらから動く？〉
今週中に動きたい方 → 専門のエージェントに、条件をそのまま伝える
▶ 保育士の転職支援（保育園・療育の求人）（ほいく畑）
https://px.a8.net/svt/ejp?a8mat=4BC2EP+526NW2+1W34+HWXLE&a8sns=note
まず条件を整理したい方 → LINE診断で2つに絞る（30秒）
▶ 自分に合う転職サービスを30秒で診断（LINE・無料）
https://career-line-bot.career-line-bot.workers.dev/l/note-m33?job=child

■ まとめ
・ブランクがあっても、保育士資格は活かせる
・担任なしの保育補助は、復職のリハビリ期間になる
・時間・日数・契約の更新を、入職前に確認する
迷ったら、まず30秒の診断から。
▶ 自分に合う転職サービスを30秒で診断（LINE・無料）
https://career-line-bot.career-line-bot.workers.dev/l/note-m33?job=child

■ 出典・注記
この記事は想定事例です。時間割・エピソードを含め、相談事例をもとに設定した例で、実在の特定の方の話ではありません。実際の年収・条件は、会社・評価・経験によって変わります。

次回は、「保育園の担任→児童発達支援（療育）」の話を書きます。マガジンをフォローしておくと届きます。",2325,"【PR】資格はあるけど、7年のブランク…

ブランク7年の保育士が 担任なし・9〜15時で復職
時給1,500円・子どもの帰宅前に終わる

専業主婦（ブランク7年）→保育補助（派遣）の話を、数字ごとnoteに書きました。
▼ コメント欄へ","noteはこちら → 【noteのURL】
（PR）30秒診断（LINE・無料）→ https://career-line-bot.career-line-bot.workers.dev/l/note-m33?job=child
（PR）保育士の転職支援（保育園・療育の求人）（ほいく畑）→ https://px.a8.net/svt/ejp?a8mat=4BC2EP+526NW2+1W34+HWXLE&a8sns=note","・モデルケース：想定事例と明記
・扶養の判定は個人差が大きい。断定せず「確認してください」と書く",下書き
34,医療福祉,モデルケース,【転職体験記No.34】保育園の担任→児童発達支援（療育） ＜「気になるあの子に、もっと時間を使ってあげたいんです」30歳＞,保育士の転職先で「療育」が人気な理由。少人数で、日曜休み・残業少なめで、児発管を目指せる【転職体験記No.34】,担任7年目の30歳が、集団保育から療育に移って変わったこと,気になる子に、関われない…,"担任7年目の保育士が
療育（児童発達支援）へ",少人数・日曜休み・年収は変わらず,"0. PR表記／導入／共感3つ／★CTA①（LINE診断）
こんな悩み、ありませんか？
1. プロフィールと、動いた理由
2. 条件を、並べてみる
3. 療育（児童発達支援）へ。児童指導員として入職
4. 児童発達支援の1日（想定）
5. 入ってから「聞いていなかった」となりやすい3つ
6. 1年後のリアル
7. この事例から持ち帰れる5つ
8. 面談・面接で、必ず聞く5つ
9. 保育士が、療育への転職を考えるなら（PR）
まとめ
出典・注記
（3と4の間に★CTA②／最後にCTA③）","※本記事にはアフィリエイト広告（PR）を含みます（第9章に明記）。
※この記事は、複数の相談事例をもとにした想定ケース（モデルケース）です。実在の特定の方の話ではありません。

「気になるあの子に、もっと時間を使ってあげたいんです」。担任7年目、30歳の保育士さんの転職理由でした。

■ こんな悩み、ありませんか？
✔集団保育の中で、一人ひとりに十分関われないモヤモヤがある
✔発達に課題のある子の支援に興味がある
✔保育士資格を別の形で活かしたい

この記事でわかるのは、①保育士から療育へ、何が変わるか、②入ってから「聞いていなかった」となりやすい3つ、③面談・面接で聞く5つ、の3点です。

▼ 先に結論だけ知りたい方へ（PR）
LINE診断（5問・30秒）で、職種・年代・年収・重視すること・時期から、条件に合うサービスを2つに絞れます。
▶ 自分に合う転職サービスを30秒で診断（無料）（LINE診断）
https://career-line-bot.career-line-bot.workers.dev/l/note-m34?job=child

■ 1. プロフィールと、動いた理由
30歳の保育士さん。担任7年目で、集団保育の中で気になる子に十分関われないことに、モヤモヤを抱えていました。

■ 2. 条件を、並べてみる
・前職：保育園（担任）年収350万円
・転職後：児童発達支援 年収350万円
・基本給：190,000円
・資格手当：10,000円
・処遇改善・職務手当：30,000円
・時間外手当：10,000円
・住宅・扶養手当：10,000円
・月給：250,000円
・賞与：年500,000円
・年収差：±0円
※内訳は目安です。年収は同じでも、休みと残業の条件が変わります。

■ 3. 療育（児童発達支援）へ。児童指導員として入職
保育士資格で、児童指導員として児童発達支援に入職。少人数制で、個別支援計画にも関わります。将来は、児童発達支援管理責任者（児発管）を目指せるキャリアパスも決め手でした。

▼ 同じ条件で、いま求人が出るか確かめたい方は、こちらから（PR）
▶ 保育士の転職支援（保育園・療育の求人）（ほいく畑）
https://px.a8.net/svt/ejp?a8mat=4BC2EP+526NW2+1W34+HWXLE&a8sns=note
▶ 自分に合う転職サービスを30秒で診断（無料）（LINE診断）
https://career-line-bot.career-line-bot.workers.dev/l/note-m34?job=child

■ 4. 児童発達支援の1日（想定）
9:00 出勤・その日の支援内容の確認
9:30 送迎（一部の事業所）・受け入れ
10:00 個別プログラム（1対1）
11:30 グループ活動
12:30 昼食・休憩
14:00 個別支援計画の記録
15:30 お迎えの対応・保護者への報告
17:30 退勤（日曜休み・残業少なめ）

■ 5. 入ってから「聞いていなかった」となりやすい3つ
1. 支援の難しさ：一人ひとりへの関わり方を学び続ける必要があります
2. 送迎や記録の量：事務が増える事業所もあります
3. 児発管の要件：資格取得までに、実務経験と研修が必要です

■ 6. 1年後のリアル
【想定】少人数で関われるようになり、「もっと関わりたい」というモヤモヤは少しずつ薄れました。記録や保護者への報告は増えましたが、子どもの変化を近くで見られるやりがいが大きいと感じています。

■ 7. この事例から持ち帰れる5つ
保育士から療育は、需要が伸びているキャリアです。少人数で一人ひとりに関われ、日曜休みも多いのが特徴です。
1. 保育士から療育は、需要が伸びているキャリア
2. 少人数で、一人ひとりに丁寧に関われる
3. 日曜休み・残業少なめの事業所が多い
4. 児発管を目指せるキャリアパスがある
5. 年収は同じでも、働き方の満足度は変わる

■ 8. 面談・面接で、必ず聞く5つ
1. 1対1とグループの支援の割合
2. 個別支援計画の作成にかかる時間
3. 送迎の有無と、運転の頻度
4. 児発管を目指す研修・サポート
5. 残業・日曜出勤の実態

■ 9. 保育士が、療育への転職を考えるなら（PR）
保育士資格は、療育・児童発達支援の現場でも求められています。「子ども一人ひとりに向き合いたい」気持ちがある方にこそ、知ってほしい選択肢です↓
【読まなくていい人】集団保育のやりがいを感じている方／療育に興味がない方
【読んでほしい人】気になる子に、もっと丁寧に関わりたい方
〈登録の流れ〉
① 「関わりたい子ども像」と「働き方の条件」を書き出す
② 下のリンクから登録し、『児童発達支援・療育・児童指導員』の希望をそのまま伝える
③ 出てきた求人を、第8章の5つで確認する
登録・相談に費用はかかりません（詳細は各社の公式サイトで確認してください）。
電話が不安な方は、登録時の備考欄に「連絡はメール希望」など、希望の連絡方法を書いておくと安心です。
〈どちらから動く？〉
今週中に動きたい方 → 専門のエージェントに、条件をそのまま伝える
▶ 保育士の転職支援（保育園・療育の求人）（ほいく畑）
https://px.a8.net/svt/ejp?a8mat=4BC2EP+526NW2+1W34+HWXLE&a8sns=note
まず条件を整理したい方 → LINE診断で2つに絞る（30秒）
▶ 自分に合う転職サービスを30秒で診断（LINE・無料）
https://career-line-bot.career-line-bot.workers.dev/l/note-m34?job=child

■ まとめ
・保育士から療育は、需要が伸びている
・少人数で丁寧に関われ、日曜休みも多い
・児発管を目指す道筋を、入職前に確認する
迷ったら、まず30秒の診断から。
▶ 自分に合う転職サービスを30秒で診断（LINE・無料）
https://career-line-bot.career-line-bot.workers.dev/l/note-m34?job=child

■ 出典・注記
この記事は想定事例です。時間割・エピソードを含め、相談事例をもとに設定した例で、実在の特定の方の話ではありません。実際の年収・条件は、会社・評価・経験によって変わります。

次回は、「調剤薬局（門前）→ドラッグストア（調剤併設）」の話を書きます。マガジンをフォローしておくと届きます。",2340,"【PR】気になる子に、関われない…

担任7年目の保育士が 療育（児童発達支援）へ
少人数・日曜休み・年収は変わらず

保育園の担任→児童発達支援（療育）の話を、数字ごとnoteに書きました。
▼ コメント欄へ","noteはこちら → 【noteのURL】
（PR）30秒診断（LINE・無料）→ https://career-line-bot.career-line-bot.workers.dev/l/note-m34?job=child
（PR）保育士の転職支援（保育園・療育の求人）（ほいく畑）→ https://px.a8.net/svt/ejp?a8mat=4BC2EP+526NW2+1W34+HWXLE&a8sns=note","・モデルケース：想定事例と明記
・児発管の要件（実務経験・研修）は制度改定あり。最新を確認して記載",下書き
35,医療福祉,モデルケース,【転職体験記No.35】調剤薬局（門前）→ドラッグストア（調剤併設） ＜「同窓会で年収の話になったとき、黙るしかなかったんです」29歳＞,薬剤師の年収は、職場のタイプで100万変わる。調剤薬局→ドラッグストアで606万円になった話【転職体験記No.35】,1日200枚の処方箋に追われる29歳が、調剤併設ドラッグストアを選んだ理由,処方箋に追われて、年収も頭打ち…,"薬剤師の年収、職場で100万変わる
調剤→ドラストへ",506万→606万（+100万）,"0. PR表記／導入／共感3つ／★CTA①（LINE診断）
こんな悩み、ありませんか？
1. プロフィールと、動いた理由
2. 条件を、並べてみる
3. 調剤併設ドラッグストアへ。何が評価されたか
4. 調剤併設ドラッグストアの1日（想定）
5. 入ってから「聞いていなかった」となりやすい3つ
6. 1年後のリアル
7. この事例から持ち帰れる5つ
8. 面談・面接で、必ず聞く5つ
9. 調剤薬局の薬剤師が、年収アップを考えるなら（PR）
まとめ
出典・注記
（3と4の間に★CTA②／最後にCTA③）","※本記事にはアフィリエイト広告（PR）を含みます（第9章に明記）。
※この記事は、複数の相談事例をもとにした想定ケース（モデルケース）です。実在の特定の方の話ではありません。

「同窓会で年収の話になったとき、黙るしかなかったんです」。調剤薬局で働く29歳の薬剤師さんの本音でした。

■ こんな悩み、ありませんか？
✔処方箋をさばくだけの毎日で、成長している実感がない
✔同期や同級生と年収の差がついてきた
✔ドラッグストアは激務のイメージがある

この記事でわかるのは、①職場タイプで薬剤師の年収が変わる理由、②入ってから「聞いていなかった」となりやすい3つ、③面談・面接で聞く5つ、の3点です。

▼ 先に結論だけ知りたい方へ（PR）
LINE診断（5問・30秒）で、職種・年代・年収・重視すること・時期から、条件に合うサービスを2つに絞れます。
▶ 自分に合う転職サービスを30秒で診断（無料）（LINE診断）
https://career-line-bot.career-line-bot.workers.dev/l/note-m35?job=pharm

■ 1. プロフィールと、動いた理由
29歳の薬剤師さん。門前の調剤薬局で1日200枚の処方箋に追われ、年収も頭打ち。ドラッグストアに移った同級生と差がつき、同窓会で黙るしかなかったと話されました。

■ 2. 条件を、並べてみる
・前職：調剤薬局（門前）年収506万円
・転職後：ドラッグストア（調剤併設）年収606万円
・基本給：300,000円
・資格手当：50,000円
・処遇改善・職務手当：30,000円
・時間外手当：30,000円
・住宅・扶養手当：20,000円
・月給：430,000円
・賞与：年900,000円
・年収差：+100万円
※内訳は目安です。薬剤師の年収は、職場タイプ（薬局・病院・ドラッグストア・企業）で大きく変わります。

■ 3. 調剤併設ドラッグストアへ。何が評価されたか
選んだのは、調剤併設のドラッグストアです。OTC対応や健康相談も担当でき、調剤スキルもそのまま活かせます。将来は、店舗管理のキャリアも選べる点が決め手でした。

▼ 同じ条件で、いま求人が出るか確かめたい方は、こちらから（PR）
▶ 薬剤師の求人（MC－ファーマネット）
https://px.a8.net/svt/ejp?a8mat=4BC9F9+72TL8I+28MI+BYT9E&a8sns=note
▶ 自分に合う転職サービスを30秒で診断（無料）（LINE診断）
https://career-line-bot.career-line-bot.workers.dev/l/note-m35?job=pharm

■ 4. 調剤併設ドラッグストアの1日（想定）
9:00 出勤・朝礼
9:30 調剤（午前の処方箋対応）
11:30 OTC・健康相談のカウンター対応
13:00 休憩
14:00 調剤・服薬指導
16:00 発注・在庫確認・売場の補助
18:00 調剤（夕方の処方箋対応）
19:00 退勤（シフト制。遅番・早番あり）

■ 5. 入ってから「聞いていなかった」となりやすい3つ
1. シフト勤務：遅番・土日勤務の有無と頻度を確認します
2. 調剤以外の業務：レジ・品出しなど、店舗の業務範囲を確認します
3. 昇進の道筋：店長・エリアマネージャーへの登用の実績を確認します

■ 6. 1年後のリアル
【想定】調剤の件数は減りましたが、OTCの相談や店舗の運営にも関わるようになりました。シフト制で土日も出る日はありますが、年収が上がり、将来の選択肢が広がったと感じています。

■ 7. この事例から持ち帰れる5つ
薬剤師の年収は、職場タイプで大きく差がつきます。ドラッグストアは、20代でも600万円台を狙える例があります。
1. 薬剤師の年収は、職場のタイプで大きく変わる
2. ドラッグストアは、20代でも高い年収を狙える
3. 調剤スキルは、そのまま活かせる
4. 将来は、店舗管理のキャリアも選べる
5. 同級生との比較より、自分の条件で選ぶ

■ 8. 面談・面接で、必ず聞く5つ
1. 遅番・土日勤務の頻度と手当
2. 調剤とOTCの業務割合
3. 昇進・昇給の実績
4. 研修・薬局業務のサポート体制
5. 賞与・各種手当の内訳

■ 9. 調剤薬局の薬剤師が、年収アップを考えるなら（PR）
薬剤師の年収は、職場のタイプで100万単位で変わります。今の年収が相場より低いかどうか、一度確かめてみるだけでも価値があります↓
【読まなくていい人】今の職場の年収に満足している方／店舗運営に関わりたくない方
【読んでほしい人】年収の頭打ちに悩み、職場のタイプを変えたい方
〈登録の流れ〉
① 「希望の年収」と「休みの条件」を書き出す
② 下のリンクから登録し、『調剤併設ドラッグストア・年収600万円台』の希望をそのまま伝える
③ 出てきた求人を、第8章の5つで確認する
登録・相談に費用はかかりません（詳細は各社の公式サイトで確認してください）。
電話が不安な方は、登録時の備考欄に「連絡はメール希望」など、希望の連絡方法を書いておくと安心です。
〈どちらから動く？〉
今週中に動きたい方 → 専門のエージェントに、条件をそのまま伝える
▶ 薬剤師の求人（MC－ファーマネット）
https://px.a8.net/svt/ejp?a8mat=4BC9F9+72TL8I+28MI+BYT9E&a8sns=note
▶ 薬剤師の転職支援（ファゲット）
https://px.a8.net/svt/ejp?a8mat=4BC9F9+6DTDTU+2YJA+HVNAQ&a8sns=note
まず条件を整理したい方 → LINE診断で2つに絞る（30秒）
▶ 自分に合う転職サービスを30秒で診断（LINE・無料）
https://career-line-bot.career-line-bot.workers.dev/l/note-m35?job=pharm

■ まとめ
・薬剤師の年収は、職場タイプで100万円変わることがある
・調剤スキルを活かしながら、年収を上げる道がある
・シフト・業務範囲・昇進の実績を、入職前に確認する
迷ったら、まず30秒の診断から。
▶ 自分に合う転職サービスを30秒で診断（LINE・無料）
https://career-line-bot.career-line-bot.workers.dev/l/note-m35?job=pharm

■ 出典・注記
この記事は想定事例です。時間割・エピソードを含め、相談事例をもとに設定した例で、実在の特定の方の話ではありません。実際の年収・条件は、会社・評価・経験によって変わります。

次回は、「作業療法士（回復期病院）→児童発達支援・放課後等デイ」の話を書きます。マガジンをフォローしておくと届きます。",2416,"【PR】処方箋に追われて、年収も頭打ち…

薬剤師の年収、職場で100万変わる 調剤→ドラストへ
506万→606万（+100万）

調剤薬局（門前）→ドラッグストア（調剤併設）の話を、数字ごとnoteに書きました。
▼ コメント欄へ","noteはこちら → 【noteのURL】
（PR）30秒診断（LINE・無料）→ https://career-line-bot.career-line-bot.workers.dev/l/note-m35?job=pharm
（PR）薬剤師の求人（MC－ファーマネット）→ https://px.a8.net/svt/ejp?a8mat=4BC9F9+72TL8I+28MI+BYT9E&a8sns=note","・モデルケース：想定事例と明記
・薬剤師の職場別年収の相場は指示書メモ（調剤450〜550万円／ドラッグストア515〜600万円 など）を出典確認して記載",下書き
36,医療福祉,モデルケース,【転職体験記No.36】作業療法士（回復期病院）→児童発達支援・放課後等デイ ＜「本当にやりたかったのは、子どものリハなんです」31歳＞,OTが小児・発達に行くなら今。病院経験は小児でどう活きる？年収はほぼ維持【転職体験記No.36】,回復期7年の作業療法士が、感覚統合の専門性で小児領域へ移った話,やりたかったのは、子どものリハ…,"作業療法士が小児・発達へ
年収はほぼ維持",回復期→児童発達支援。日曜休み,"0. PR表記／導入／共感3つ／★CTA①（LINE診断）
こんな悩み、ありませんか？
1. プロフィールと、動いた理由
2. 条件を、並べてみる
3. 小児未経験でも入職できた理由
4. 児童発達支援・放課後等デイの1日（想定）
5. 入ってから「聞いていなかった」となりやすい3つ
6. 1年後のリアル
7. この事例から持ち帰れる5つ
8. 面談・面接で、必ず聞く5つ
9. 作業療法士が、小児・発達領域を考えるなら（PR）
まとめ
出典・注記
（3と4の間に★CTA②／最後にCTA③）","※本記事にはアフィリエイト広告（PR）を含みます（第9章に明記）。
※この記事は、複数の相談事例をもとにした想定ケース（モデルケース）です。実在の特定の方の話ではありません。

「本当にやりたかったのは、子どものリハなんです」。回復期で7年働いてきた作業療法士さんが、面談の終盤にぽろっと話してくれました。

■ こんな悩み、ありませんか？
✔学生時代にやりたかった領域と、今の仕事がずれている
✔小児・発達領域は未経験だから無理だと思っている
✔このまま同じ職場で年齢を重ねるのが不安

この記事でわかるのは、①OTが小児・発達領域に移る流れ、②入ってから「聞いていなかった」となりやすい3つ、③面談・面接で聞く5つ、の3点です。

▼ 先に結論だけ知りたい方へ（PR）
LINE診断（5問・30秒）で、職種・年代・年収・重視すること・時期から、条件に合うサービスを2つに絞れます。
▶ 自分に合う転職サービスを30秒で診断（無料）（LINE診断）
https://career-line-bot.career-line-bot.workers.dev/l/note-m36

■ 1. プロフィールと、動いた理由
31歳の作業療法士さん。回復期病院で7年働きましたが、面談の終盤に「本当にやりたかったのは、子どものリハなんです」と話されました。

■ 2. 条件を、並べてみる
・前職：回復期病院 年収420万円
・転職後：児童発達支援・放課後等デイ 年収420万円
・基本給：230,000円
・資格手当：30,000円
・処遇改善・職務手当：20,000円
・時間外手当：10,000円
・住宅・扶養手当：10,000円
・月給：300,000円
・賞与：年600,000円
・年収差：±0円
※内訳は目安です。事業所により、資格手当や賞与の額が変わります。

■ 3. 小児未経験でも入職できた理由
小児は未経験でしたが、OTの専門性（感覚統合など）が評価されて入職。児童発達支援管理責任者（児発管）の要件も満たせる見込みでした。日曜休みが多い点も決め手です。

▼ 同じ条件で、いま求人が出るか確かめたい方は、こちらから（PR）
▶ 自分に合う転職サービスを30秒で診断（無料）（LINE診断）
https://career-line-bot.career-line-bot.workers.dev/l/note-m36

■ 4. 児童発達支援・放課後等デイの1日（想定）
9:30 出勤・その日の支援内容の確認
10:00 個別療育（感覚統合あそび）
11:30 グループ活動の見守り
12:30 休憩
14:00 放課後等デイのお迎え・受け入れ
15:00 集団プログラム・個別の課題支援
17:00 記録・保護者への連絡
18:00 退勤（日曜休み）

■ 5. 入ってから「聞いていなかった」となりやすい3つ
1. 小児の経験値：病院とは違う視点で、学び直す必要があります
2. 夕方の忙しさ：放課後等デイは、夕方の対応が集中します
3. 児発管の要件：資格取得までに、実務経験と研修が必要です

■ 6. 1年後のリアル
【想定】最初の半年は、子どもたちへの関わり方を学び直す日々でした。病院でのOT経験が、身体の使い方や姿勢の視点で役に立ち、保護者からも信頼されるようになっています。

■ 7. この事例から持ち帰れる5つ
OTの小児領域は、求人が増えています。病院経験があれば、未経験でも入りやすい傾向があります。
1. OTの小児領域は、求人が増えている
2. 病院経験は、小児でも活かせる
3. 感覚統合などの専門性は、選考で評価される
4. 児発管という将来のキャリアがある
5. やりたいことを、年収を保ったまま選べる場合がある

■ 8. 面談・面接で、必ず聞く5つ
1. 小児の経験がなくても、研修があるか
2. 個別療育とグループの割合
3. 夕方の勤務のシフトと、残業の実態
4. 児発管を目指すサポート
5. 日曜休みの確実さ

■ 9. 作業療法士が、小児・発達領域を考えるなら（PR）
OTの小児・発達領域は、いま求人が増えている分野です。病院経験は「未経験」ではなく「強み」として見てもらえます。まずは求人を見て、イメージを膨らませてみてください↓
【読まなくていい人】今の病院の働き方に満足している方／小児に興味がない方
【読んでほしい人】本当にやりたかった発達領域に、挑戦したい方
〈登録の流れ〉
① 「やりたい領域」と「年収の下限」を決める
② 下のLINE診断で条件を整理し、求人サイトやエージェントには専門性（感覚統合など）をそのまま伝える
③ 出てきた求人を、第8章の5つで確認する
登録・相談に費用はかかりません（詳細は各社の公式サイトで確認してください）。
電話が不安な方は、登録時の備考欄に「連絡はメール希望」など、希望の連絡方法を書いておくと安心です。
〈まずはここから〉
この職種に強い提携先は、診断で条件から絞り込みます。まず条件を整理したい方は、こちらから（30秒）
▶ 自分に合う転職サービスを30秒で診断（LINE・無料）
https://career-line-bot.career-line-bot.workers.dev/l/note-m36

■ まとめ
・OTの小児領域は、いま求人が増えている
・病院経験と専門性は、小児でも評価される
・研修・児発管のサポートを、入職前に確認する
迷ったら、まず30秒の診断から。
▶ 自分に合う転職サービスを30秒で診断（LINE・無料）
https://career-line-bot.career-line-bot.workers.dev/l/note-m36

■ 出典・注記
この記事は想定事例です。時間割・エピソードを含め、相談事例をもとに設定した例で、実在の特定の方の話ではありません。実際の年収・条件は、会社・評価・経験によって変わります。

次回は、「作業療法士（老健）→訪問看護ステーション（リハ職）」の話を書きます。マガジンをフォローしておくと届きます。",2305,"【PR】やりたかったのは、子どものリハ…

作業療法士が小児・発達へ 年収はほぼ維持
回復期→児童発達支援。日曜休み

作業療法士（回復期病院）→児童発達支援・放課後等デイの話を、数字ごとnoteに書きました。
▼ コメント欄へ","noteはこちら → 【noteのURL】
（PR）30秒診断（LINE・無料）→ https://career-line-bot.career-line-bot.workers.dev/l/note-m36","・モデルケース：想定事例と明記
・OT/ST/PT特化の提携先がリンク一覧にない。LINE診断のみで誘導",下書き
37,医療福祉,モデルケース,【転職体験記No.37】作業療法士（老健）→訪問看護ステーション（リハ職） ＜「後輩の方が給料いいって知った日、コンビニで何も買えなかった」40歳＞,老健OTが訪問で年収+90万円。インセンティブの仕組みと、件数を追いすぎない働き方【転職体験記No.37】,40代で年収400万円台前半はきつい。1日5件のペースで稼ぐ、訪問リハという選択,昇給が止まった40歳…,"老健のOTが訪問リハへ
年収+90万円",430万→520万。1日5件ペース,"0. PR表記／導入／共感3つ／★CTA①（LINE診断）
こんな悩み、ありませんか？
1. プロフィールと、動いた理由
2. 条件を、並べてみる
3. 訪問リハへ。件数を追いすぎない働き方
4. 訪問リハの1日（想定）
5. 入ってから「聞いていなかった」となりやすい3つ
6. 1年後のリアル
7. この事例から持ち帰れる5つ
8. 面談・面接で、必ず聞く5つ
9. リハ職が、訪問リハでの年収アップを考えるなら（PR）
まとめ
出典・注記
（3と4の間に★CTA②／最後にCTA③）","※本記事にはアフィリエイト広告（PR）を含みます（第9章に明記）。
※この記事は、複数の相談事例をもとにした想定ケース（モデルケース）です。実在の特定の方の話ではありません。

「後輩の方が給料いいって知った日、コンビニで何も買えなかったんです」。老健で働く40歳の作業療法士さんでした。

■ こんな悩み、ありませんか？
✔昇給が止まって、年収400万前半から動かない
✔訪問リハに興味はあるけど、件数ノルマが怖い
✔40代からの転職に不安がある

この記事でわかるのは、①訪問リハのインセンティブの見方、②入ってから「聞いていなかった」となりやすい3つ、③面談・面接で聞く5つ、の3点です。

▼ 先に結論だけ知りたい方へ（PR）
LINE診断（5問・30秒）で、職種・年代・年収・重視すること・時期から、条件に合うサービスを2つに絞れます。
▶ 自分に合う転職サービスを30秒で診断（無料）（LINE診断）
https://career-line-bot.career-line-bot.workers.dev/l/note-m37

■ 1. プロフィールと、動いた理由
40歳の作業療法士さん。老健で働いてきましたが、昇給が止まり、後輩の方が給料がいいと知って、悔しさと不安を感じていました。

■ 2. 条件を、並べてみる
・前職：介護老人保健施設 年収430万円
・転職後：訪問看護ステーション（リハ職）年収520万円
・基本給：280,000円
・資格手当：20,000円
・処遇改善・職務手当：70,000円
・時間外手当：10,000円
・住宅・扶養手当：20,000円
・月給：400,000円
・賞与：年400,000円
・年収差：+90万円
※内訳は目安です。インセンティブの額は、訪問件数や事業所の制度で変わります。

■ 3. 訪問リハへ。件数を追いすぎない働き方
選んだのは、訪問看護ステーションのリハ職です。訪問件数に応じたインセンティブがあり、1日5件を目安に、無理のない範囲で稼ぐ働き方にしました。直行直帰も可能です。

▼ 同じ条件で、いま求人が出るか確かめたい方は、こちらから（PR）
▶ 自分に合う転職サービスを30秒で診断（無料）（LINE診断）
https://career-line-bot.career-line-bot.workers.dev/l/note-m37

■ 4. 訪問リハの1日（想定）
8:30 出勤・その日の訪問予定の確認
9:00 1件目（自宅で運動・動作の練習）
10:30 2件目
12:00 休憩・移動
13:00 3件目
14:30 4件目
16:00 5件目
17:30 事務所で記録（直行直帰の日もあり）

■ 5. 入ってから「聞いていなかった」となりやすい3つ
1. インセンティブの落とし穴：件数を追いすぎると、体と心が疲れます
2. 移動手段：車の運転・駐車場・悪天候時の対応を確認します
3. 減算のルール：2024年度の介護報酬改定で、リハ職の訪問看護に減算ルールが導入されています

■ 6. 1年後のリアル
【想定】最初の3ヶ月で1日5件のペースをつかみました。年収は上がりましたが、件数を追いすぎると疲れるので、「5件まで」と決めています。利用者さんの暮らしを間近で見られることにやりがいを感じています。

■ 7. この事例から持ち帰れる5つ
訪問リハは件数インセンティブがつき、年収を上げたいリハ職の定番ルートです。ただし、件数の上限と移動手段は確認が必要です。
1. 老健の昇給が止まったら、訪問リハは選択肢になる
2. インセンティブは、件数の上限とセットで考える
3. 直行直帰で、拘束時間を減らせる
4. 移動手段（車）は、事前に確認する
5. 年収だけでなく、体の負担も見て選ぶ

■ 8. 面談・面接で、必ず聞く5つ
1. 1日の訪問件数の目安と、上限
2. インセンティブの計算方法
3. 移動手段と、駐車場・悪天候時の対応
4. 直行直帰の可否
5. 2024年度改定の減算ルールへの対応

■ 9. リハ職が、訪問リハでの年収アップを考えるなら（PR）
訪問リハはインセンティブで年収を上げやすい一方、件数の上限や移動手段は事業所次第です。条件をしっかり比べて選ぶのが大事。プロに相談しながら探してみてください↓
【読まなくていい人】今の施設の年収に満足している方／運転が難しい方
【読んでほしい人】昇給が止まり、年収を上げる道を探しているリハ職の方
〈登録の流れ〉
① 「1日の件数の上限」と「希望の年収」を決める
② 下のLINE診断で条件を整理し、求人サイトやエージェントには条件をそのまま伝える
③ 出てきた求人を、第8章の5つで確認する
登録・相談に費用はかかりません（詳細は各社の公式サイトで確認してください）。
電話が不安な方は、登録時の備考欄に「連絡はメール希望」など、希望の連絡方法を書いておくと安心です。
〈まずはここから〉
この職種に強い提携先は、診断で条件から絞り込みます。まず条件を整理したい方は、こちらから（30秒）
▶ 自分に合う転職サービスを30秒で診断（LINE・無料）
https://career-line-bot.career-line-bot.workers.dev/l/note-m37

■ まとめ
・昇給が止まったら、訪問リハで年収を上げる道がある
・インセンティブは、件数の上限を決めて考える
・移動手段と減算ルールを、入職前に確認する
迷ったら、まず30秒の診断から。
▶ 自分に合う転職サービスを30秒で診断（LINE・無料）
https://career-line-bot.career-line-bot.workers.dev/l/note-m37

■ 出典・注記
この記事は想定事例です。時間割・エピソードを含め、相談事例をもとに設定した例で、実在の特定の方の話ではありません。実際の年収・条件は、会社・評価・経験によって変わります。

次回は、「言語聴覚士（急性期病院）→小児クリニック」の話を書きます。マガジンをフォローしておくと届きます。",2318,"【PR】昇給が止まった40歳…

老健のOTが訪問リハへ 年収+90万円
430万→520万。1日5件ペース

作業療法士（老健）→訪問看護ステーション（リハ職）の話を、数字ごとnoteに書きました。
▼ コメント欄へ","noteはこちら → 【noteのURL】
（PR）30秒診断（LINE・無料）→ https://career-line-bot.career-line-bot.workers.dev/l/note-m37","・モデルケース：想定事例と明記
・OT/ST/PT特化の提携先がリンク一覧にない。LINE診断のみで誘導
・訪問リハの減算ルール（2024年度改定）は、最新を確認して記載",下書き
38,医療福祉,モデルケース,【転職体験記No.38】言語聴覚士（急性期病院）→小児クリニック ＜「STが私ひとりなので、相談できる人がいないんです」33歳＞,STは売り手市場。急性期→小児のキャリアチェンジで、研修制度と先輩STの多さで選んだ話【転職体験記No.38】,嚥下評価中心の毎日から、ことばの発達に関わる仕事へ。33歳のSTが選んだ条件,相談できる人がいない…,"急性期のSTが小児クリニックへ
先輩が多い職場を選んだ",年収は微減。残業ほぼなし,"0. PR表記／導入／共感3つ／★CTA①（LINE診断）
こんな悩み、ありませんか？
1. プロフィールと、動いた理由
2. 条件を、並べてみる
3. 小児は未経験。研修と先輩STの多さで選んだ
4. 小児クリニックの1日（想定）
5. 入ってから「聞いていなかった」となりやすい3つ
6. 1年後のリアル
7. この事例から持ち帰れる5つ
8. 面談・面接で、必ず聞く5つ
9. 言語聴覚士が、小児領域への転職を考えるなら（PR）
まとめ
出典・注記
（3と4の間に★CTA②／最後にCTA③）","※本記事にはアフィリエイト広告（PR）を含みます（第9章に明記）。
※この記事は、複数の相談事例をもとにした想定ケース（モデルケース）です。実在の特定の方の話ではありません。

「STが私ひとりなので、相談できる人がいないんです」。急性期病院で働く33歳の言語聴覚士さんでした。

■ こんな悩み、ありませんか？
✔一人職場で、判断に自信が持てない
✔小児・言語発達の分野に興味がある
✔研修や教育体制がしっかりした職場で学び直したい

この記事でわかるのは、①STのキャリアチェンジの考え方、②入ってから「聞いていなかった」となりやすい3つ、③面談・面接で聞く5つ、の3点です。

▼ 先に結論だけ知りたい方へ（PR）
LINE診断（5問・30秒）で、職種・年代・年収・重視すること・時期から、条件に合うサービスを2つに絞れます。
▶ 自分に合う転職サービスを30秒で診断（無料）（LINE診断）
https://career-line-bot.career-line-bot.workers.dev/l/note-m38

■ 1. プロフィールと、動いた理由
33歳の言語聴覚士さん。急性期病院でSTが一人だけの環境で、嚥下評価が中心の毎日。相談できる人がおらず、ことばの発達に関わりたい気持ちが強くなっていました。

■ 2. 条件を、並べてみる
・前職：急性期病院 年収430万円
・転職後：小児クリニック 年収418万円
・基本給：230,000円
・資格手当：20,000円
・処遇改善・職務手当：10,000円
・時間外手当：15,000円
・住宅・扶養手当：15,000円
・月給：290,000円
・賞与：年700,000円
・年収差：−12万円
※内訳は目安です。STは母数が少なく、領域や地域で条件の差が大きくなります。

■ 3. 小児は未経験。研修と先輩STの多さで選んだ
小児の言語訓練は未経験でしたが、クリニックの研修制度と先輩STの多さを決め手に選びました。残業もほぼなく、相談しやすい環境が整っていました。

▼ 同じ条件で、いま求人が出るか確かめたい方は、こちらから（PR）
▶ 自分に合う転職サービスを30秒で診断（無料）（LINE診断）
https://career-line-bot.career-line-bot.workers.dev/l/note-m38

■ 4. 小児クリニックの1日（想定）
9:00 出勤・その日の訓練予定の確認
9:30 言語訓練（個別・1人40分）
11:00 保護者への説明・指導
12:30 休憩
13:30 言語訓練（午後）
15:30 先輩STとのケース検討
16:30 記録・報告書の作成
17:30 退勤（残業ほぼなし）

■ 5. 入ってから「聞いていなかった」となりやすい3つ
1. 小児の学び直し：成人の嚥下・失語とは、評価の視点が変わります
2. 保護者対応：指導・説明の時間が増えます
3. 年収の動き：領域や事業所によって、年収が下がることもあります

■ 6. 1年後のリアル
【想定】先輩STに相談できる環境で、小児の言語訓練を一から学んでいます。年収はわずかに下がりましたが、残業がなくなり、子どもの成長を保護者と一緒に見られることにやりがいを感じています。

■ 7. この事例から持ち帰れる5つ
STは母数が少なく、どの領域でも求人が豊富です。小児分野は特に人材が不足しています。
1. STは、どの領域でも求人が豊富な売り手市場
2. 急性期から小児へ、キャリアチェンジができる
3. 研修制度と先輩STの人数は、選ぶ基準になる
4. 相談できる環境は、続けやすさに直結する
5. 年収が少し下がっても、領域の希望を優先する人は多い

■ 8. 面談・面接で、必ず聞く5つ
1. 先輩STの人数と、相談できる体制
2. 小児未経験者向けの研修の内容
3. 1日の訓練件数と、記録の時間
4. 保護者対応の負担
5. 残業・休日の実態

■ 9. 言語聴覚士が、小児領域への転職を考えるなら（PR）
STは全国的に人手不足で、どの分野でも求められています。「先輩が多い」「研修がある」など、自分が成長できる条件で探すのがおすすめです↓
【読まなくていい人】今の領域に満足している方／小児に興味がない方
【読んでほしい人】STが一人職場で、相談できる環境を探している方
〈登録の流れ〉
① 「先輩STの人数」「研修制度」「年収の下限」を決める
② 下のLINE診断で条件を整理し、求人サイトやエージェントには条件をそのまま伝える
③ 出てきた求人を、第8章の5つで確認する
登録・相談に費用はかかりません（詳細は各社の公式サイトで確認してください）。
電話が不安な方は、登録時の備考欄に「連絡はメール希望」など、希望の連絡方法を書いておくと安心です。
〈まずはここから〉
この職種に強い提携先は、診断で条件から絞り込みます。まず条件を整理したい方は、こちらから（30秒）
▶ 自分に合う転職サービスを30秒で診断（LINE・無料）
https://career-line-bot.career-line-bot.workers.dev/l/note-m38

■ まとめ
・STは売り手市場。領域の選択肢が広い
・先輩STの人数と研修制度が、続けやすさを決める
・年収と領域の希望を、入職前に整理する
迷ったら、まず30秒の診断から。
▶ 自分に合う転職サービスを30秒で診断（LINE・無料）
https://career-line-bot.career-line-bot.workers.dev/l/note-m38

■ 出典・注記
この記事は想定事例です。時間割・エピソードを含め、相談事例をもとに設定した例で、実在の特定の方の話ではありません。実際の年収・条件は、会社・評価・経験によって変わります。

次回は、「病棟看護師（夜勤あり）→内科クリニック（外来）」の話を書きます。マガジンをフォローしておくと届きます。",2270,"【PR】相談できる人がいない…

急性期のSTが小児クリニックへ 先輩が多い職場を選んだ
年収は微減。残業ほぼなし

言語聴覚士（急性期病院）→小児クリニックの話を、数字ごとnoteに書きました。
▼ コメント欄へ","noteはこちら → 【noteのURL】
（PR）30秒診断（LINE・無料）→ https://career-line-bot.career-line-bot.workers.dev/l/note-m38","・モデルケース：想定事例と明記
・STの求人倍率・有資格者数の数字は、指示書メモ・出典を確認して記載
・OT/ST/PT特化の提携先がない。LINE診断のみで誘導",下書き
39,医療福祉,モデルケース,【転職体験記No.39】病棟看護師（夜勤あり）→内科クリニック（外来） ＜「夜勤の日、実家に子どもを預けるのが、もう申し訳なくて」38歳＞,夜勤をやめたら年収はいくら下がる？内科クリニック外来のリアルと、院長ガチャの避け方【転職体験記No.39】,日勤のみ・土日休み。小学生2人と毎日夕飯を食べられるようになった38歳ナースの選択,夜勤のたびに、子どもを預けて…,"夜勤をやめたら年収はいくら下がる？
内科クリニック外来のリアル",525万→430万。日勤のみ・土日休み,"0. PR表記／導入／共感3つ／★CTA①（LINE診断）
こんな悩み、ありませんか？
1. プロフィールと、動いた理由
2. 条件を、並べてみる
3. 選考で見られたのは「採血・点滴」と「急変時の初期対応」
4. 内科クリニック外来の1日（想定）
5. 入ってから「聞いていなかった」となりやすい3つ
6. 1年後のリアル
7. この事例から持ち帰れる5つ
8. 面談・面接で、必ず聞く5つ
9. 看護師が、夜勤なしの外来・クリニックを探すなら（PR）
まとめ
出典・注記
（3と4の間に★CTA②／最後にCTA③）","※本記事にはアフィリエイト広告（PR）を含みます（第9章に明記）。
※この記事は、複数の相談事例をもとにした想定ケース（モデルケース）です。実在の特定の方の話ではありません。

「夜勤の日、実家に子どもを預けるのが、もう申し訳なくて」。小学生の子を2人育てる、38歳の看護師さんでした。

■ こんな悩み、ありませんか？
✔夜勤のたびに家族や実家に負担をかけている
✔子どもとの時間が取れず、罪悪感がある
✔クリニックに興味はあるけど、年収が下がるのが不安

この記事でわかるのは、①夜勤をやめたときの年収の見方、②入ってから「聞いていなかった」となりやすい3つ、③面談・面接で聞く5つ、の3点です。

▼ 先に結論だけ知りたい方へ（PR）
LINE診断（5問・30秒）で、職種・年代・年収・重視すること・時期から、条件に合うサービスを2つに絞れます。
▶ 自分に合う転職サービスを30秒で診断（無料）（LINE診断）
https://career-line-bot.career-line-bot.workers.dev/l/note-m39?job=nurse

■ 1. プロフィールと、動いた理由
38歳の看護師さん。小学生の子ども2人を育てながら病棟で夜勤をしていましたが、夜勤のたびに実家に預けるのが心苦しく、親の体力的にも限界でした。

■ 2. 条件を、並べてみる
・前職：総合病院 病棟（夜勤あり）年収525万円
・転職後：内科クリニック（外来）年収430万円
・基本給：250,000円
・資格手当：15,000円
・処遇改善・職務手当：10,000円
・時間外手当：10,000円
・住宅・扶養手当：15,000円
・月給：300,000円
・賞与：年700,000円
・年収差：−95万円
※看護師の平均年収は524.7万円、診療所勤務は519.5万円（厚労省 令和7年賃金構造基本統計調査）。平均ではほぼ同じでも、夜勤手当が抜ける分、個人差が出やすくなります。

■ 3. 選考で見られたのは「採血・点滴」と「急変時の初期対応」
選考では「採血・点滴の経験年数」と「急変時の初期対応ができるか」が重視されました。日勤のみ・土日休みの内科クリニックに決定。クリニックは院長の方針差が大きいため、入る前の職場見学は必須でした。

▼ 同じ条件で、いま求人が出るか確かめたい方は、こちらから（PR）
▶ 看護師の求人（常勤〜派遣）（MC－ナースネット）
https://px.a8.net/svt/ejp?a8mat=4BC9FE+BET46Q+28MI+5ZEMP&a8sns=note
▶ 自分に合う転職サービスを30秒で診断（無料）（LINE診断）
https://career-line-bot.career-line-bot.workers.dev/l/note-m39?job=nurse

■ 4. 内科クリニック外来の1日（想定）
8:15 出勤・診察室の準備
8:30 診察開始・問診・バイタル測定
10:00 採血・点滴・注射（処置）
12:30 午前の診療終了・休憩
14:30 午後の診療開始（予防接種・健診）
16:30 診察終了・記録・片付け
17:30 退勤（日勤のみ・土日休み）

■ 5. 入ってから「聞いていなかった」となりやすい3つ
1. 院長の方針差：診察の進め方・職場の雰囲気は、クリニックごとに大きく違います
2. 夜勤手当の差：年収の下げ幅は、前職の夜勤の回数で変わります
3. 職員数の少なさ：急な欠勤時の補い方を確認します

■ 6. 1年後のリアル
【想定】夜勤がなくなり、子どもと毎日夕飯を食べられるようになりました。年収は下がりましたが、生活の見通しが立ち、実家に頼る回数も減っています。院長との相性は、見学で確認して正解だったと感じています。

■ 7. この事例から持ち帰れる5つ
夜勤をやめると年収は下がります。ただ、「いくら下がるか」を数字で先に知っておけば、家計と働き方のバランスは取りやすくなります。
1. 夜勤をやめると、年収は下がる。先に数字で確認する
2. クリニックは院長の方針で、職場の雰囲気が大きく変わる
3. 職場見学は、必ず行く
4. 夜勤手当の分を、生活費から逆算して考える
5. 子どもと過ごす時間は、年収以外の価値になる

■ 8. 面談・面接で、必ず聞く5つ
1. 採血・点滴の件数と、急変時の対応の流れ
2. スタッフの人数と、欠勤時の補い方
3. 院長の診察方針と、スタッフへの指示の出し方
4. 昇給・賞与の実績
5. 残業・休日の実態

■ 9. 看護師が、夜勤なしの外来・クリニックを探すなら（PR）
夜勤をやめると年収は下がりますが、下げ幅は職場次第でかなり変わります。院長の方針や体制まで見て選ぶのがおすすめです↓
【読まなくていい人】今の夜勤の働き方で問題ない方／年収ダウンを避けたい方
【読んでほしい人】夜勤が難しくなり、日勤のみの働き方を探している方
〈登録の流れ〉
① 「最低限必要な月収」を家計から計算する
② 下のリンクから登録し、『日勤のみ・土日休み・クリニック外来』をそのまま伝える
③ 出てきた求人を、第8章の5つで確認する
登録・相談に費用はかかりません（詳細は各社の公式サイトで確認してください）。
電話が不安な方は、登録時の備考欄に「連絡はメール希望」など、希望の連絡方法を書いておくと安心です。
〈どちらから動く？〉
今週中に動きたい方 → 専門のエージェントに、条件をそのまま伝える
▶ 看護師の求人（常勤〜派遣）（MC－ナースネット）
https://px.a8.net/svt/ejp?a8mat=4BC9FE+BET46Q+28MI+5ZEMP&a8sns=note
▶ 看護師の転職サイト（ナースJJ）
https://px.a8.net/svt/ejp?a8mat=4BC9F9+6J6A9U+2YJA+BX3J6&a8sns=note
まず条件を整理したい方 → LINE診断で2つに絞る（30秒）
▶ 自分に合う転職サービスを30秒で診断（LINE・無料）
https://career-line-bot.career-line-bot.workers.dev/l/note-m39?job=nurse

■ まとめ
・夜勤をやめると年収は下がる。先に数字で確認する
・クリニックは院長の方針差が大きい。見学は必須
・採血・点滴・急変時対応の経験は、選考で評価される
迷ったら、まず30秒の診断から。
▶ 自分に合う転職サービスを30秒で診断（LINE・無料）
https://career-line-bot.career-line-bot.workers.dev/l/note-m39?job=nurse

■ 出典・注記
この記事は想定事例です。時間割・エピソードを含め、相談事例をもとに設定した例で、実在の特定の方の話ではありません。実際の年収・条件は、会社・評価・経験によって変わります。

次回は、「急性期病棟（2年目）→夜勤専従（派遣・月10回）」の話を書きます。マガジンをフォローしておくと届きます。",2502,"【PR】夜勤のたびに、子どもを預けて…

夜勤をやめたら年収はいくら下がる？ 内科クリニック外来のリアル
525万→430万。日勤のみ・土日休み

病棟看護師（夜勤あり）→内科クリニック（外来）の話を、数字ごとnoteに書きました。
▼ コメント欄へ","noteはこちら → 【noteのURL】
（PR）30秒診断（LINE・無料）→ https://career-line-bot.career-line-bot.workers.dev/l/note-m39?job=nurse
（PR）看護師の求人（常勤〜派遣）（MC－ナースネット）→ https://px.a8.net/svt/ejp?a8mat=4BC9FE+BET46Q+28MI+5ZEMP&a8sns=note","・モデルケース：想定事例と明記
・看護師の平均年収は指示書メモ（厚労省 令和7年賃金構造基本統計調査／job-medley集計）を出典確認
・夜勤手当なしの年収ダウンは、数字を隠さず書く",下書き
40,医療福祉,モデルケース,【転職体験記No.40】急性期病棟（2年目）→夜勤専従（派遣・月10回） ＜「辞めたいけど、次に何がしたいか分からないんです」26歳＞,看護師2年目で辞めたい人へ。夜勤専従という“つなぎ方”で、収入を切らさず立ち止まった半年間【転職体験記No.40】,焦って次を決めない。月10回で月収30万円台、日中は職場見学に使った26歳の話,辞めたい。でも次が決まらない…,"看護師2年目で辞めたい人へ
夜勤専従という“つなぎ方”",月10回で月収32万円。日中は自由,"0. PR表記／導入／共感3つ／★CTA①（LINE診断）
こんな悩み、ありませんか？
1. プロフィールと、動いた理由
2. 条件を、並べてみる
3. 夜勤専従（派遣）という“つなぎ”を選んだ理由
4. 夜勤専従（月10回）の1週間（想定）
5. 入ってから「聞いていなかった」となりやすい3つ
6. 1年後のリアル
7. この事例から持ち帰れる5つ
8. 面談・面接で、必ず聞く5つ
9. 看護師が、辞めたいけど次が決まらないなら（PR）
まとめ
出典・注記
（3と4の間に★CTA②／最後にCTA③）","※本記事にはアフィリエイト広告（PR）を含みます（第9章に明記）。
※この記事は、複数の相談事例をもとにした想定ケース（モデルケース）です。実在の特定の方の話ではありません。

「辞めたいけど、次に何がしたいか分からないんです」。看護師2年目、26歳の彼女は泣きそうな顔でした。

■ こんな悩み、ありませんか？
✔職場の人間関係がつらくて、今すぐ辞めたい
✔次にやりたいことが決まっていない
✔辞めたあとの収入が不安

この記事でわかるのは、①夜勤専従を“つなぎ”に使う考え方、②入ってから「聞いていなかった」となりやすい3つ、③面談・面接で聞く5つ、の3点です。

▼ 先に結論だけ知りたい方へ（PR）
LINE診断（5問・30秒）で、職種・年代・年収・重視すること・時期から、条件に合うサービスを2つに絞れます。
▶ 自分に合う転職サービスを30秒で診断（無料）（LINE診断）
https://career-line-bot.career-line-bot.workers.dev/l/note-m40?job=nurse

■ 1. プロフィールと、動いた理由
26歳の看護師さん。急性期病棟の2年目で、職場の人間関係で限界。ただ、次にやりたいことが決まらず、辞めたあとの収入が不安で、泣きそうな顔で相談に来られました。

■ 2. 条件を、並べてみる
・前職：急性期病棟（正社員）年収420万円
・転職後：夜勤専従（派遣・月10回）年収384万円
・時給：2,000円
・月の労働時間：160時間（目安）
・月給：320,000円（賞与なし）
・年収差：−36万円
※夜勤専従は、二交代1回あたりの手当が約1.1万円が目安です（日本看護協会の調査）。賞与がない前提で、年収に直して比べてください。

■ 3. 夜勤専従（派遣）という“つなぎ”を選んだ理由
派遣の夜勤専従は二交代制で、1回あたり1.1万円前後の手当が相場です。月10回の勤務なら月収30万円台を維持しながら、日中は次のキャリアを考える時間に使えます。半年間、職場見学と自己分析を重ねました。

▼ 同じ条件で、いま求人が出るか確かめたい方は、こちらから（PR）
▶ 看護師の求人（常勤〜派遣）（MC－ナースネット）
https://px.a8.net/svt/ejp?a8mat=4BC9FE+BET46Q+28MI+5ZEMP&a8sns=note
▶ 自分に合う転職サービスを30秒で診断（無料）（LINE診断）
https://career-line-bot.career-line-bot.workers.dev/l/note-m40?job=nurse

■ 4. 夜勤専従（月10回）の1週間（想定）
月〜金：夜勤の日は17:00に出勤、翌朝9:00に退勤（二交代・休憩あり）
夜勤明けの日は、午前に睡眠、午後は自由時間
休みの日：職場見学や、自己分析のノートづくり
夜勤のない週：訪問看護・クリニックの見学を1件ずつ
月の勤務：10回（月収32万円前後）
半年後：訪問看護の正社員の内定を承諾

■ 5. 入ってから「聞いていなかった」となりやすい3つ
1. 生活リズムの乱れ：夜勤専従は、睡眠のコントロールが必要です
2. 賞与・退職金なし：年収は、賞与のない前提で見ます
3. 契約更新：派遣の期間と、更新の条件を確認します

■ 6. 1年後のリアル
【想定】半年間、日中の時間で職場見学と自己分析を重ね、訪問看護の正社員に決まりました。夜勤専従の期間は、「収入を切らさずに立ち止まれた時間」だったと振り返っています。

■ 7. この事例から持ち帰れる5つ
夜勤専従は、「辞めたいけど次が決まらない」人の“つなぎ”として、実際によく使われる働き方です。
1. 辞めたいけど次が決まらない人は、“つなぎ”を使っていい
2. 夜勤専従は、収入を保ちながら日中の時間を作れる
3. 焦って次を決めるより、半年かけて選ぶ
4. 賞与がない前提で、年収を計算する
5. 体調管理を最優先にする

■ 8. 面談・面接で、必ず聞く5つ
1. 夜勤の回数と、1回あたりの手当
2. 契約期間と、更新の条件
3. 仮眠・休憩の取り方
4. 夜勤の人員体制（何人で回すか）
5. 日中の見学・面接に使える時間の余裕

■ 9. 看護師が、辞めたいけど次が決まらないなら（PR）
次が決まらないまま辞めるのは怖いですよね。でも“つなぎ”の働き方を知っておけば、焦って次を決めずに済みます。まずはどんな選択肢があるかだけ見ておいてください↓
【読まなくていい人】体調に不安がある方／夜勤の生活リズムが合わない方
【読んでほしい人】辞めたいが、次が決まらず、収入も切らしたくない方
〈登録の流れ〉
① 「月に何回まで夜勤できるか」と「必要な月収」を決める
② 下のリンクから登録し、『夜勤専従・派遣・月10回まで』の条件をそのまま伝える
③ 出てきた求人を、第8章の5つで確認する
登録・相談に費用はかかりません（詳細は各社の公式サイトで確認してください）。
電話が不安な方は、登録時の備考欄に「連絡はメール希望」など、希望の連絡方法を書いておくと安心です。
〈どちらから動く？〉
今週中に動きたい方 → 専門のエージェントに、条件をそのまま伝える
▶ 看護師の求人（常勤〜派遣）（MC－ナースネット）
https://px.a8.net/svt/ejp?a8mat=4BC9FE+BET46Q+28MI+5ZEMP&a8sns=note
▶ 看護師の転職サイト（ナースJJ）
https://px.a8.net/svt/ejp?a8mat=4BC9F9+6J6A9U+2YJA+BX3J6&a8sns=note
まず条件を整理したい方 → LINE診断で2つに絞る（30秒）
▶ 自分に合う転職サービスを30秒で診断（LINE・無料）
https://career-line-bot.career-line-bot.workers.dev/l/note-m40?job=nurse

■ まとめ
・夜勤専従は、次を決めるまでの“つなぎ”になる
・収入を保ちながら、日中に見学と自己分析ができる
・生活リズムと契約更新の条件を、先に確認する
迷ったら、まず30秒の診断から。
▶ 自分に合う転職サービスを30秒で診断（LINE・無料）
https://career-line-bot.career-line-bot.workers.dev/l/note-m40?job=nurse

■ 出典・注記
この記事は想定事例です。時間割・エピソードを含め、相談事例をもとに設定した例で、実在の特定の方の話ではありません。実際の年収・条件は、会社・評価・経験によって変わります。

次回は、「外科病棟の看護師→SMO（治験コーディネーター）」の話を書きます。マガジンをフォローしておくと届きます。",2393,"【PR】辞めたい。でも次が決まらない…

看護師2年目で辞めたい人へ 夜勤専従という“つなぎ方”
月10回で月収32万円。日中は自由

急性期病棟（2年目）→夜勤専従（派遣・月10回）の話を、数字ごとnoteに書きました。
▼ コメント欄へ","noteはこちら → 【noteのURL】
（PR）30秒診断（LINE・無料）→ https://career-line-bot.career-line-bot.workers.dev/l/note-m40?job=nurse
（PR）看護師の求人（常勤〜派遣）（MC－ナースネット）→ https://px.a8.net/svt/ejp?a8mat=4BC9FE+BET46Q+28MI+5ZEMP&a8sns=note","・モデルケース：想定事例と明記
・夜勤手当の相場は指示書メモ（日本看護協会 2023年実態調査）を出典確認
・生活リズム・体力面の負担も書く",下書き
41,医療福祉,モデルケース,【転職体験記No.41】外科病棟の看護師→SMO（治験コーディネーター） ＜「夜勤しながら40代を迎えるイメージが、どうしても持てないんです」33歳＞,看護師からCRCへ。1年目は年収ダウン、でも夜勤なし・土日休みが手に入った理由【転職体験記No.41】,CRC（治験コーディネーター）は、向いてる人・向いてない人がはっきり分かれる。33歳の選択,夜勤で40代を迎えるイメージが持てない…,"看護師からCRCへ
1年目は年収ダウン、でも…",夜勤なし・土日休み。3年目に回復見込み,"0. PR表記／導入／共感3つ／★CTA①（LINE診断）
こんな悩み、ありませんか？
1. プロフィールと、動いた理由
2. 条件を、並べてみる
3. 選考では臨床経験年数と、対人スキルが見られた
4. CRC（SMO）の1日（想定）
5. 入ってから「聞いていなかった」となりやすい3つ
6. 1年後のリアル
7. この事例から持ち帰れる5つ
8. 面談・面接で、必ず聞く5つ
9. 看護師が、CRCなど別の道を考えるなら（PR）
まとめ
出典・注記
（3と4の間に★CTA②／最後にCTA③）","※本記事にはアフィリエイト広告（PR）を含みます（第9章に明記）。
※この記事は、複数の相談事例をもとにした想定ケース（モデルケース）です。実在の特定の方の話ではありません。

「夜勤しながら40代を迎えるイメージが、どうしても持てないんです」。外科病棟で働く33歳の看護師さんでした。

■ こんな悩み、ありませんか？
✔夜勤と体力勝負の働き方に限界を感じている
✔看護の知識を、病院以外で活かしたい
✔異業種に行くと、看護師に戻れなくなりそうで怖い

この記事でわかるのは、①CRCで1年目に年収が下がる理由と、回復のしかた、②入ってから「聞いていなかった」となりやすい3つ、③面談・面接で聞く5つ、の3点です。

▼ 先に結論だけ知りたい方へ（PR）
LINE診断（5問・30秒）で、職種・年代・年収・重視すること・時期から、条件に合うサービスを2つに絞れます。
▶ 自分に合う転職サービスを30秒で診断（無料）（LINE診断）
https://career-line-bot.career-line-bot.workers.dev/l/note-m41?job=nurse

■ 1. プロフィールと、動いた理由
33歳の看護師さん。外科病棟で働いていましたが、夜勤と体力勝負の働き方を、40代以降も続けられる気がしませんでした。看護の知識を別の形で活かしたいと考えました。

■ 2. 条件を、並べてみる
・前職：外科病棟 年収510万円
・転職後1年目：SMO（CRC）年収424万円
・基本給：250,000円
・処遇改善・職務手当：15,000円
・時間外手当：20,000円
・住宅・扶養手当：10,000円
・月給：295,000円
・賞与：年700,000円
・年収差：−86万円
※CRC未経験1年目の平均年収は約407万円、大手4社平均は409万円です。看護師からの転職は、20代の場合は特に、いったん年収が下がりやすい傾向があります。CRC認定資格の取得後（3年目以降）は、480万円前後まで戻る見込みです。

■ 3. 選考では臨床経験年数と、対人スキルが見られた
選考では、臨床経験の年数と、医師や製薬会社との調整に必要な対人スキルが見られました。入社後の3ヶ月は、同行研修と座学が中心で、覚えることが多い期間です。

▼ 同じ条件で、いま求人が出るか確かめたい方は、こちらから（PR）
▶ 看護師の転職サイト（ナースJJ）
https://px.a8.net/svt/ejp?a8mat=4BC9F9+6J6A9U+2YJA+BX3J6&a8sns=note
▶ 自分に合う転職サービスを30秒で診断（無料）（LINE診断）
https://career-line-bot.career-line-bot.workers.dev/l/note-m41?job=nurse

■ 4. CRC（SMO）の1日（想定）
9:00 出勤・その日の予定確認
9:30 病院の診察室で、治験の被験者を対応
11:00 医師との調整・データの確認
12:30 休憩
13:30 製薬会社のモニタリング対応
15:00 被験者への説明・同意の確認
17:00 記録・データ入力
18:00 退勤（土日休み・夜勤なし）

■ 5. 入ってから「聞いていなかった」となりやすい3つ
1. 入社後の研修：最初の3ヶ月は、座学と同行が中心です
2. 年収の動き：1年目は下がり、3年目以降に戻る見込みです
3. 業務の性質：調整・書類の量が多く、看護技術を使う場面は減ります

■ 6. 1年後のリアル
【想定】最初の1年は、年収が下がり不安もありました。夜勤がなくなり、土日に休める生活に切り替わったことで、体調は安定しています。認定資格の取得を目標に、勉強を続けています。

■ 7. この事例から持ち帰れる5つ
1年目は年収が下がりますが、夜勤なし・土日休みが手に入ります。3年目以降に前職の水準へ近づくルートも、数字で確認できます。
1. 看護師からCRCは、1年目は年収が下がりやすい
2. 夜勤なし・土日休みが手に入る
3. 3年目以降、前職水準に戻る見込みを数字で確認する
4. 臨床経験と対人スキルは、選考で評価される
5. 看護技術より、調整力・書類力が求められる

■ 8. 面談・面接で、必ず聞く5つ
1. 臨床経験の年数と、担当した診療科
2. 医師・製薬会社と調整した経験
3. なぜCRCに移りたいのか
4. 書類・データの正確さへの向き合い方
5. 学び続ける姿勢（認定資格の取得意欲）

■ 9. 看護師が、CRCなど別の道を考えるなら（PR）
治験コーディネーターは、看護師の知識をそのまま活かせる異業種の代表格です。1年目の年収ダウンは事実として伝えたうえで、3年目以降の伸びしろも一緒に見てください↓
【読まなくていい人】今の看護の仕事に満足している方／看護技術を使い続けたい方
【読んでほしい人】夜勤を続ける自信がなく、看護の知識を別の形で活かしたい方
〈登録の流れ〉
① 「1年目の年収の下限」と「3年後に目指す年収」を書き出す
② 下のリンクから登録し、『夜勤なし・土日休み・臨床経験を活かせる仕事』をそのまま伝える
③ 出てきた求人を、第8章の5つで確認する
登録・相談に費用はかかりません（詳細は各社の公式サイトで確認してください）。
電話が不安な方は、登録時の備考欄に「連絡はメール希望」など、希望の連絡方法を書いておくと安心です。
〈どちらから動く？〉
今週中に動きたい方 → 専門のエージェントに、条件をそのまま伝える
▶ 看護師の転職サイト（ナースJJ）
https://px.a8.net/svt/ejp?a8mat=4BC9F9+6J6A9U+2YJA+BX3J6&a8sns=note
まず条件を整理したい方 → LINE診断で2つに絞る（30秒）
▶ 自分に合う転職サービスを30秒で診断（LINE・無料）
https://career-line-bot.career-line-bot.workers.dev/l/note-m41?job=nurse

■ まとめ
・CRCは、1年目に年収が下がるが、夜勤なし・土日休みが手に入る
・認定資格の取得後、年収が戻る見込みを確認する
・調整力・書類力が求められる仕事かを、見極める
迷ったら、まず30秒の診断から。
▶ 自分に合う転職サービスを30秒で診断（LINE・無料）
https://career-line-bot.career-line-bot.workers.dev/l/note-m41?job=nurse

■ 出典・注記
この記事は想定事例です。時間割・エピソードを含め、相談事例をもとに設定した例で、実在の特定の方の話ではありません。実際の年収・条件は、会社・評価・経験によって変わります。

次回は、「特養（一般職）→介護付き有料老人ホーム（ユニットリーダー候補）」の話を書きます。マガジンをフォローしておくと届きます。",2511,"【PR】夜勤で40代を迎えるイメージが持てない…

看護師からCRCへ 1年目は年収ダウン、でも…
夜勤なし・土日休み。3年目に回復見込み

外科病棟の看護師→SMO（治験コーディネーター）の話を、数字ごとnoteに書きました。
▼ コメント欄へ","noteはこちら → 【noteのURL】
（PR）30秒診断（LINE・無料）→ https://career-line-bot.career-line-bot.workers.dev/l/note-m41?job=nurse
（PR）看護師の転職サイト（ナースJJ）→ https://px.a8.net/svt/ejp?a8mat=4BC9F9+6J6A9U+2YJA+BX3J6&a8sns=note","・モデルケース：想定事例と明記
・CRC未経験1年目の平均年収407万円・大手4社409万円は指示書メモの数字。出典を確認
・CRC特化の提携先がリンク一覧にない。ナースJJは「看護師の転職サイト」と紹介するに留める",下書き
42,医療福祉,モデルケース,【転職体験記No.42】特養（一般職）→介護付き有料老人ホーム（ユニットリーダー候補） ＜「介護の給料じゃ、結婚できないって言われるんです」29歳＞,男性介護士は結婚できない？年収390万→461万。2026年の報酬改定と、処遇改善の配分チェック【転職体験記No.42】,半年でユニットリーダーに昇格した29歳が見ていた、法人選びのポイント,介護の給料じゃ結婚できない…,"男性介護士は結婚できない？
年収390万→461万",半年でユニットリーダーに昇格,"0. PR表記／導入／共感3つ／★CTA①（LINE診断）
こんな悩み、ありませんか？
1. プロフィールと、動いた理由
2. 条件を、並べてみる
3. 役職候補の選考で見られる「マネジメント意欲」と「夜勤対応力」
4. ユニットリーダー候補の1日（想定）
5. 入ってから「聞いていなかった」となりやすい3つ
6. 1年後のリアル
7. この事例から持ち帰れる5つ
8. 面談・面接で、必ず聞く5つ
9. 介護士が、役職つきで年収を上げたいなら（PR）
まとめ
出典・注記
（3と4の間に★CTA②／最後にCTA③）","※本記事にはアフィリエイト広告（PR）を含みます（第9章に明記）。
※この記事は、複数の相談事例をもとにした想定ケース（モデルケース）です。実在の特定の方の話ではありません。

「介護の給料じゃ、結婚できないって言われるんです」。彼女との結婚を考えている、29歳の男性介護士でした。

■ こんな悩み、ありませんか？
✔今の年収では、結婚や家族を持つ自信がない
✔介護の仕事は好きだけど、将来の給料が不安
✔同じ資格なのに、施設によって給料が違う理由が分からない

この記事でわかるのは、①処遇改善の配分と、役職手当の見方、②入ってから「聞いていなかった」となりやすい3つ、③面談・面接で聞く5つ、の3点です。

▼ 先に結論だけ知りたい方へ（PR）
LINE診断（5問・30秒）で、職種・年代・年収・重視すること・時期から、条件に合うサービスを2つに絞れます。
▶ 自分に合う転職サービスを30秒で診断（無料）（LINE診断）
https://career-line-bot.career-line-bot.workers.dev/l/note-m42?job=care

■ 1. プロフィールと、動いた理由
29歳の男性介護士さん。結婚を考えている彼女がいますが、今の年収では家族を養える自信がなく、相談に来られました。

■ 2. 条件を、並べてみる
・前職：特養（一般職）年収390万円
・転職後：介護付き有料老人ホーム（ユニットリーダー候補）年収461万円
・基本給：215,000円
・資格手当：15,000円
・処遇改善・職務手当：65,000円
・夜勤・時間外手当：25,000円
・住宅・扶養手当：10,000円
・月給：330,000円
・賞与：年650,000円
・年収差：+71万円
※2026年6月の介護報酬改定で、介護職員の月額賃上げは最大1.9万円（ベース1万円＋上乗せ0.5万円＋昇給0.2万円）の3段構造です。役職手当と合わせると、さらに上積みできる可能性があります。

■ 3. 役職候補の選考で見られる「マネジメント意欲」と「夜勤対応力」
介護福祉士の平均給与は月35万50円（令和6年度介護従事者処遇状況等調査）。役職候補は、選考で「マネジメント意欲」と「夜勤対応力」を見られます。半年後にユニットリーダーへ昇格しました。

▼ 同じ条件で、いま求人が出るか確かめたい方は、こちらから（PR）
▶ 介護派遣・資格取得支援（かいご畑）
https://px.a8.net/svt/ejp?a8mat=4BC9FE+BLCVUA+1W34+BWVTD&a8sns=note
▶ 自分に合う転職サービスを30秒で診断（無料）（LINE診断）
https://career-line-bot.career-line-bot.workers.dev/l/note-m42?job=care

■ 4. ユニットリーダー候補の1日（想定）
7:00 早番出勤・夜勤者から申し送り
7:30 朝食介助・排泄介助
9:30 入浴介助（ユニット内）
11:30 昼食介助・ユニットの職員への指示
13:00 休憩
14:00 ケアプランの確認・家族への連絡
16:00 記録・シフト調整の相談
16:30 退勤（早番の日）

■ 5. 入ってから「聞いていなかった」となりやすい3つ
1. 役職の責任：職員の指導・シフト調整・家族対応が加わります
2. 夜勤の頻度：役職につくと夜勤の回数が変わることがあります
3. 手当の仕組み：役職手当と処遇改善手当の内訳を確認します

■ 6. 1年後のリアル
【想定】半年でユニットリーダーになり、責任は重くなりましたが、月給は上がりました。結婚の話も具体的に進められるようになり、将来の見通しが立ったと感じています。

■ 7. この事例から持ち帰れる5つ
処遇改善加算の配分が手厚い法人を選ぶと、年収は着実に増えます。法人ごとの配分の差を、選考前に確認するのがコツです。
1. 介護の年収は、法人の処遇改善の配分で変わる
2. 役職候補は、マネジメント意欲と夜勤対応力が見られる
3. 2026年の改定で、賃上げの3段構造が導入される
4. 役職手当と処遇改善を合わせて確認する
5. 結婚や家族を見据えて、年収を数字で比べる

■ 8. 面談・面接で、必ず聞く5つ
1. 処遇改善加算の配分の仕組み
2. ユニットリーダーの手当の金額
3. 夜勤の回数と、手当
4. 管理職に必要な研修・サポート
5. 昇給・賞与の実績

■ 9. 介護士が、役職つきで年収を上げたいなら（PR）
同じ介護福祉士でも、法人によって処遇改善の配分や役職手当は大きく違います。2026年6月から介護報酬も改定されるので、追い風のあるタイミングです↓
【読まなくていい人】今の法人の年収に満足している方／役職につく予定がない方
【読んでほしい人】結婚や家族を見据えて、年収を上げたい介護士の方
〈登録の流れ〉
① 「希望の年収」と「夜勤の許容回数」を決める
② 下のリンクから登録し、『ユニットリーダー・処遇改善が手厚い法人』をそのまま伝える
③ 出てきた求人を、第8章の5つで確認する
登録・相談に費用はかかりません（詳細は各社の公式サイトで確認してください）。
電話が不安な方は、登録時の備考欄に「連絡はメール希望」など、希望の連絡方法を書いておくと安心です。
〈どちらから動く？〉
今週中に動きたい方 → 専門のエージェントに、条件をそのまま伝える
▶ 介護派遣・資格取得支援（かいご畑）
https://px.a8.net/svt/ejp?a8mat=4BC9FE+BLCVUA+1W34+BWVTD&a8sns=note
▶ 介護の求人（正社員〜単発まで）（MC－介護のお仕事）
https://px.a8.net/svt/ejp?a8mat=4BC9FE+BMJR1U+28MI+NUMHT&a8sns=note
まず条件を整理したい方 → LINE診断で2つに絞る（30秒）
▶ 自分に合う転職サービスを30秒で診断（LINE・無料）
https://career-line-bot.career-line-bot.workers.dev/l/note-m42?job=care

■ まとめ
・介護の年収は、処遇改善の配分と役職で大きく変わる
・2026年の報酬改定の賃上げを、法人ごとに確認する
・役職の責任と夜勤の回数を、入職前に確認する
迷ったら、まず30秒の診断から。
▶ 自分に合う転職サービスを30秒で診断（LINE・無料）
https://career-line-bot.career-line-bot.workers.dev/l/note-m42?job=care

■ 出典・注記
この記事は想定事例です。時間割・エピソードを含め、相談事例をもとに設定した例で、実在の特定の方の話ではありません。実際の年収・条件は、会社・評価・経験によって変わります。

次回は、「有料老人ホーム（日勤パート）→夜勤専従（パート・月8回）」の話を書きます。マガジンをフォローしておくと届きます。",2496,"【PR】介護の給料じゃ結婚できない…

男性介護士は結婚できない？ 年収390万→461万
半年でユニットリーダーに昇格

特養（一般職）→介護付き有料老人ホーム（ユニットリーダー候補）の話を、数字ごとnoteに書きました。
▼ コメント欄へ","noteはこちら → 【noteのURL】
（PR）30秒診断（LINE・無料）→ https://career-line-bot.career-line-bot.workers.dev/l/note-m42?job=care
（PR）介護派遣・資格取得支援（かいご畑）→ https://px.a8.net/svt/ejp?a8mat=4BC9FE+BLCVUA+1W34+BWVTD&a8sns=note","・モデルケース：想定事例と明記
・2026年6月の介護報酬改定の賃上げ額は指示書メモの数字。出典を確認
・処遇改善の配分は法人ごとに違う。断定しない",下書き
43,医療福祉,モデルケース,【転職体験記No.43】有料老人ホーム（日勤パート）→夜勤専従（パート・月8回） ＜「子どもの大学の学費、パートのままじゃ払えないんです」53歳＞,介護の夜勤専従っていくら稼げる？月8回で年収が53万円増えた。無理のない回数の見極め方【転職体験記No.43】,最初は10回にしてみて、8回に落ち着いた。53歳の介護士のリアルな夜勤専従,学費が払えない…パートのままでは,"介護の夜勤専従っていくら稼げる？
月8回で年収+53万",200万→253万。8回に落ち着いた,"0. PR表記／導入／共感3つ／★CTA①（LINE診断）
こんな悩み、ありませんか？
1. プロフィールと、動いた理由
2. 条件を、並べてみる
3. 夜勤専従（パート・月8回）を選んだ理由
4. 夜勤専従（月8回）の1回の流れ（想定）
5. 入ってから「聞いていなかった」となりやすい3つ
6. 1年後のリアル
7. この事例から持ち帰れる5つ
8. 面談・面接で、必ず聞く5つ
9. 介護士が、夜勤専従で収入を増やしたいなら（PR）
まとめ
出典・注記
（3と4の間に★CTA②／最後にCTA③）","※本記事にはアフィリエイト広告（PR）を含みます（第9章に明記）。
※この記事は、複数の相談事例をもとにした想定ケース（モデルケース）です。実在の特定の方の話ではありません。

「子どもの大学の学費、パートのままじゃ払えないんです」。53歳のパート介護士さんの切実な相談でした。

■ こんな悩み、ありませんか？
✔教育費などで、とにかく収入を増やしたい
✔でもフルタイムの日勤は家庭と両立できない
✔夜勤専従ってきつそうで踏み出せない

この記事でわかるのは、①夜勤専従の相場と、続けられる回数の決め方、②入ってから「聞いていなかった」となりやすい3つ、③面談・面接で聞く5つ、の3点です。

▼ 先に結論だけ知りたい方へ（PR）
LINE診断（5問・30秒）で、職種・年代・年収・重視すること・時期から、条件に合うサービスを2つに絞れます。
▶ 自分に合う転職サービスを30秒で診断（無料）（LINE診断）
https://career-line-bot.career-line-bot.workers.dev/l/note-m43?job=care

■ 1. プロフィールと、動いた理由
53歳のパート介護士さん。子どもが大学に進学し、学費のために収入を増やしたいが、フルタイムの日勤は家事と両立できない、という切実な相談でした。

■ 2. 条件を、並べてみる
・前職：有料老人ホーム（日勤パート）年収200万円
・転職後：夜勤専従（パート・月8回）年収253万円
・時給：1,650円
・月の労働時間：128時間（目安）
・月給：211,200円（賞与なし）
・年収差：+53万円
※月の夜勤回数に法律上の上限はありませんが、生活リズムの乱れと、1人夜勤の不安は実際の負担として大きくなります。無理のない回数から始めるのが定石です。

■ 3. 夜勤専従（パート・月8回）を選んだ理由
介護の夜勤専従は、1回あたり2万〜3.5万円が相場です（時給1,300円台＋夜勤手当5千〜7千円）。実務者研修なら、時給1,500〜1,700円程度が目安です。最初は月9〜10回で試し、体力的に8回に落ち着きました。

▼ 同じ条件で、いま求人が出るか確かめたい方は、こちらから（PR）
▶ 介護派遣・資格取得支援（かいご畑）
https://px.a8.net/svt/ejp?a8mat=4BC9FE+BLCVUA+1W34+BWVTD&a8sns=note
▶ 自分に合う転職サービスを30秒で診断（無料）（LINE診断）
https://career-line-bot.career-line-bot.workers.dev/l/note-m43?job=care

■ 4. 夜勤専従（月8回）の1回の流れ（想定）
16:30 出勤・日勤者から申し送り
17:00 夕食介助・服薬確認
19:00 排泄介助・就寝の準備
21:00 仮眠に入るまでの巡回
0:00 巡回・おむつ交換（2〜3時間おき）
3:00 仮眠（交代で取る）
5:30 起床の介助・朝食の準備
9:00 日勤者へ申し送り・退勤

■ 5. 入ってから「聞いていなかった」となりやすい3つ
1. 1人夜勤の不安：急変時の連絡ルートを確認します
2. 生活リズム：昼夜逆転で、睡眠のコントロールが必要です
3. 手当の内訳：時給と夜勤手当の分け方を確認します

■ 6. 1年後のリアル
【想定】月8回のペースで、無理なく続けられています。日中の時間を、家族と過ごしたり、家事に使えたりするのが、思った以上に大きいです。学費の目処が立ち、気持ちにも余裕が出ました。

■ 7. この事例から持ち帰れる5つ
夜勤専従は、パート時代より少ない日数で収入を底上げできます。ただ、「続けられる回数を見極める」ことが、いちばん大事です。
1. 夜勤専従は、日勤パートより収入を増やせることがある
2. 最初の月は、少なめの回数から始める
3. 1人夜勤の不安は、緊急連絡ルートで確認する
4. 生活リズムの乱れは、現実的な負担として見込む
5. 「稼げる回数」より「続けられる回数」で決める

■ 8. 面談・面接で、必ず聞く5つ
1. 夜勤の人員体制と、1人夜勤の有無
2. 夜勤手当と時給の内訳
3. 夜勤の回数の調整のしやすさ
4. 急変時の連絡ルートと、オンコール体制
5. 仮眠・休憩の取り方

■ 9. 介護士が、夜勤専従で収入を増やしたいなら（PR）
夜勤専従は、少ない日数でしっかり稼げる働き方です。回数は法律上の上限がないぶん、自分の体力に合わせて調整するのがコツです↓
【読まなくていい人】体力に不安がある方／昼夜逆転の生活が難しい方
【読んでほしい人】パートより収入を増やしたいが、フルタイムは難しい方
〈登録の流れ〉
① 「月に何回まで」と「必要な月収」を決める
② 下のリンクから登録し、『夜勤専従・パート・月8回まで』の条件をそのまま伝える
③ 出てきた求人を、第8章の5つで確認する
登録・相談に費用はかかりません（詳細は各社の公式サイトで確認してください）。
電話が不安な方は、登録時の備考欄に「連絡はメール希望」など、希望の連絡方法を書いておくと安心です。
〈どちらから動く？〉
今週中に動きたい方 → 専門のエージェントに、条件をそのまま伝える
▶ 介護派遣・資格取得支援（かいご畑）
https://px.a8.net/svt/ejp?a8mat=4BC9FE+BLCVUA+1W34+BWVTD&a8sns=note
▶ 介護の求人（正社員〜単発まで）（MC－介護のお仕事）
https://px.a8.net/svt/ejp?a8mat=4BC9FE+BMJR1U+28MI+NUMHT&a8sns=note
まず条件を整理したい方 → LINE診断で2つに絞る（30秒）
▶ 自分に合う転職サービスを30秒で診断（LINE・無料）
https://career-line-bot.career-line-bot.workers.dev/l/note-m43?job=care

■ まとめ
・夜勤専従は、パートより収入を増やせることがある
・続けられる回数を、最初に見極める
・1人夜勤の不安と、体力面の負担を確認する
迷ったら、まず30秒の診断から。
▶ 自分に合う転職サービスを30秒で診断（LINE・無料）
https://career-line-bot.career-line-bot.workers.dev/l/note-m43?job=care

■ 出典・注記
この記事は想定事例です。時間割・エピソードを含め、相談事例をもとに設定した例で、実在の特定の方の話ではありません。実際の年収・条件は、会社・評価・経験によって変わります。

次回は、「特養（正社員・夜勤あり）→グループホーム」の話を書きます。マガジンをフォローしておくと届きます。",2397,"【PR】学費が払えない…パートのままでは

介護の夜勤専従っていくら稼げる？ 月8回で年収+53万
200万→253万。8回に落ち着いた

有料老人ホーム（日勤パート）→夜勤専従（パート・月8回）の話を、数字ごとnoteに書きました。
▼ コメント欄へ","noteはこちら → 【noteのURL】
（PR）30秒診断（LINE・無料）→ https://career-line-bot.career-line-bot.workers.dev/l/note-m43?job=care
（PR）介護派遣・資格取得支援（かいご畑）→ https://px.a8.net/svt/ejp?a8mat=4BC9FE+BLCVUA+1W34+BWVTD&a8sns=note","・モデルケース：想定事例と明記
・夜勤専従の相場は指示書メモ・ネタ帳の数字。出典を確認
・体力面・生活リズムの負担も書く",下書き
44,医療福祉,モデルケース,【転職体験記No.44】特養（正社員・夜勤あり）→グループホーム ＜「腰がもう限界で。でも、この歳で雇ってくれるところなんてありますか？」45歳＞,50代手前の介護士の転職。体にやさしい職場の選び方と、グループホームのリアル【転職体験記No.44】,腰痛で「あと10年働ける見込み」が立った45歳。年収は下がる前提で選んだ理由,腰痛で、あと10年働ける気がしない…,"腰痛の介護士が
グループホームを選んだ理由",年収410万→368万。あと10年働ける,"0. PR表記／導入／共感3つ／★CTA①（LINE診断）
こんな悩み、ありませんか？
1. プロフィールと、動いた理由
2. 条件を、並べてみる
3. 移乗介助が少ないグループホームを選んだ理由
4. グループホームの1日（想定）
5. 入ってから「聞いていなかった」となりやすい3つ
6. 1年後のリアル
7. この事例から持ち帰れる5つ
8. 面談・面接で、必ず聞く5つ
9. 介護士が、体にやさしい職場を探すなら（PR）
まとめ
出典・注記
（3と4の間に★CTA②／最後にCTA③）","※本記事にはアフィリエイト広告（PR）を含みます（第9章に明記）。
※この記事は、複数の相談事例をもとにした想定ケース（モデルケース）です。実在の特定の方の話ではありません。

「腰がもう限界で。でも、この歳で雇ってくれるところなんてありますか？」。45歳の介護福祉士さんでした。

■ こんな悩み、ありませんか？
✔腰痛や体力の衰えで、今の職場を続けられる自信がない
✔40代からの転職は難しいと思っている
✔介護の仕事自体は続けたい

この記事でわかるのは、①体への負担と、給与のバランスの取り方、②入ってから「聞いていなかった」となりやすい3つ、③面談・面接で聞く5つ、の3点です。

▼ 先に結論だけ知りたい方へ（PR）
LINE診断（5問・30秒）で、職種・年代・年収・重視すること・時期から、条件に合うサービスを2つに絞れます。
▶ 自分に合う転職サービスを30秒で診断（無料）（LINE診断）
https://career-line-bot.career-line-bot.workers.dev/l/note-m44?job=care

■ 1. プロフィールと、動いた理由
45歳の介護福祉士さん。特養で夜勤もこなしてきましたが、腰痛が悪化。移乗介助の多い特養で、あと10年働き続けられる気がしないと話されました。

■ 2. 条件を、並べてみる
・前職：特養（正社員・夜勤あり）年収410万円
・転職後：グループホーム 年収368万円
・基本給：195,000円
・資格手当：15,000円
・処遇改善・職務手当：35,000円
・夜勤・時間外手当：15,000円
・住宅・扶養手当：5,000円
・月給：265,000円
・賞与：年500,000円
・年収差：−42万円
※給与は下がる前提で、体への負担と収入のバランスを取る選択です。事業所によって、夜勤の有無・人員体制で条件が変わります。

■ 3. 移乗介助が少ないグループホームを選んだ理由
サービス種類別の平均給与は、特養が36万1,860円、グループホーム（認知症対応型共同生活介護）は30万2,010円とやや低めです。身体介助の負担軽減とのトレードオフになる点を理解した上で選びました。

▼ 同じ条件で、いま求人が出るか確かめたい方は、こちらから（PR）
▶ 介護派遣・資格取得支援（かいご畑）
https://px.a8.net/svt/ejp?a8mat=4BC9FE+BLCVUA+1W34+BWVTD&a8sns=note
▶ 自分に合う転職サービスを30秒で診断（無料）（LINE診断）
https://career-line-bot.career-line-bot.workers.dev/l/note-m44?job=care

■ 4. グループホームの1日（想定）
7:00 早番出勤・夜勤者から申し送り
7:30 起床・朝食の準備（利用者さんと一緒に）
9:30 レクリエーション・散歩の付き添い
11:30 昼食の準備・調理の見守り
13:00 休憩
14:30 入浴の見守り・家事の一緒に
16:00 夕食の準備・記録
16:30 退勤（早番の日）

■ 5. 入ってから「聞いていなかった」となりやすい3つ
1. 少人数の運営：1ユニット9人以下で、スタッフ数も少なめです
2. 夜勤の人員：1人夜勤になることが多い点を確認します
3. 給与の下がり幅：特養と比べた月給の差を、数字で確認します

■ 6. 1年後のリアル
【想定】1年後、腰痛の再発なく働けています。給与は下がりましたが、認知症の方に寄り添うケアに、やりがいを感じています。「あと10年働ける見込みが立った」と、いまは感じています。

■ 7. この事例から持ち帰れる5つ
グループホームは、移乗介助が比較的少なく、認知症の方に寄り添う生活支援が中心です。給与は下がる前提で、体への負担と収入のバランスを取る選択です。
1. 体を守る転職は、年収ダウンを前提に考える
2. グループホームは、移乗介助が比較的少ない
3. 特養との月給差を、先に数字で確認する
4. 1人夜勤の有無と、緊急連絡のルートを確認する
5. あと10年働けることを、価値として見る

■ 8. 面談・面接で、必ず聞く5つ
1. 移乗介助の量と、介護機器（リフトなど）の有無
2. 夜勤の人員体制（1人夜勤の有無）
3. 1ユニットの入居者数と、スタッフ数
4. 処遇改善手当の支給の仕組み
5. 腰痛予防の研修・サポート

■ 9. 介護士が、体にやさしい職場を探すなら（PR）
介護の現場では、経験者はむしろ歓迎されることが多いです。体への負担が少ない職場を選べば、長く働き続けられます↓
【読まなくていい人】今の職場の身体介助に問題がない方／年収ダウンを避けたい方
【読んでほしい人】体の不調で、身体介助の少ない職場を探している方
〈登録の流れ〉
① 「体の負担」と「月給の下限」の両方を決める
② 下のリンクから登録し、『グループホーム・移乗介助が少ない』の条件をそのまま伝える
③ 出てきた求人を、第8章の5つで確認する
登録・相談に費用はかかりません（詳細は各社の公式サイトで確認してください）。
電話が不安な方は、登録時の備考欄に「連絡はメール希望」など、希望の連絡方法を書いておくと安心です。
〈どちらから動く？〉
今週中に動きたい方 → 専門のエージェントに、条件をそのまま伝える
▶ 介護派遣・資格取得支援（かいご畑）
https://px.a8.net/svt/ejp?a8mat=4BC9FE+BLCVUA+1W34+BWVTD&a8sns=note
▶ 介護の求人（正社員〜単発まで）（MC－介護のお仕事）
https://px.a8.net/svt/ejp?a8mat=4BC9FE+BMJR1U+28MI+NUMHT&a8sns=note
まず条件を整理したい方 → LINE診断で2つに絞る（30秒）
▶ 自分に合う転職サービスを30秒で診断（LINE・無料）
https://career-line-bot.career-line-bot.workers.dev/l/note-m44?job=care

■ まとめ
・腰痛でも、働き続ける道はある
・給与は下がる前提で、体への負担と収入のバランスを取る
・夜勤の人員体制と介護機器の有無を、入職前に確認する
迷ったら、まず30秒の診断から。
▶ 自分に合う転職サービスを30秒で診断（LINE・無料）
https://career-line-bot.career-line-bot.workers.dev/l/note-m44?job=care

■ 出典・注記
この記事は想定事例です。時間割・エピソードを含め、相談事例をもとに設定した例で、実在の特定の方の話ではありません。実際の年収・条件は、会社・評価・経験によって変わります。

次回は、「認可保育園（1年目）→小規模保育園」の話を書きます。マガジンをフォローしておくと届きます。",2455,"【PR】腰痛で、あと10年働ける気がしない…

腰痛の介護士が グループホームを選んだ理由
年収410万→368万。あと10年働ける

特養（正社員・夜勤あり）→グループホームの話を、数字ごとnoteに書きました。
▼ コメント欄へ","noteはこちら → 【noteのURL】
（PR）30秒診断（LINE・無料）→ https://career-line-bot.career-line-bot.workers.dev/l/note-m44?job=care
（PR）介護派遣・資格取得支援（かいご畑）→ https://px.a8.net/svt/ejp?a8mat=4BC9FE+BLCVUA+1W34+BWVTD&a8sns=note","・モデルケース：想定事例と明記
・サービス種類別の平均給与は指示書メモ（令和6年度介護従事者処遇状況等調査）を出典確認
・年収ダウン記事。デメリットを隠さず書く",下書き
45,医療福祉,モデルケース,【転職体験記No.45】認可保育園（1年目）→小規模保育園 ＜「1年目で辞めたら、もうどこも雇ってくれないですよね」25歳＞,保育士1年目で辞めたい人へ。早期離職は不利？小規模保育園という選択肢と、合う・合わないの見極め【転職体験記No.45】,毎日泣きながら帰っていた25歳が、人間関係のストレスから離れられた園の選び方,1年目で辞めたら、もう次がない？,"保育士1年目で辞めたい人へ
小規模保育園という選択肢",年収310万→318万。人間関係が変わった,"0. PR表記／導入／共感3つ／★CTA①（LINE診断）
こんな悩み、ありませんか？
1. プロフィールと、動いた理由
2. 条件を、並べてみる
3. 小規模保育園を選んだ理由と、注意点
4. 小規模保育園の1日（想定）
5. 入ってから「聞いていなかった」となりやすい3つ
6. 1年後のリアル
7. この事例から持ち帰れる5つ
8. 面談・面接で、必ず聞く5つ
9. 保育士が、環境を変えたいなら（PR）
まとめ
出典・注記
（3と4の間に★CTA②／最後にCTA③）","※本記事にはアフィリエイト広告（PR）を含みます（第9章に明記）。
※この記事は、複数の相談事例をもとにした想定ケース（モデルケース）です。実在の特定の方の話ではありません。

「1年目で辞めたら、もうどこも雇ってくれないですよね」。毎日泣きながら帰っていたという、25歳の保育士さんでした。

■ こんな悩み、ありませんか？
✔先輩や同僚との人間関係がつらい
✔1年目で辞めたら、経歴に傷がつくと思っている
✔保育の仕事自体は嫌いじゃない

この記事でわかるのは、①早期離職と、小規模保育園の見極め方、②入ってから「聞いていなかった」となりやすい3つ、③面談・面接で聞く5つ、の3点です。

▼ 先に結論だけ知りたい方へ（PR）
LINE診断（5問・30秒）で、職種・年代・年収・重視すること・時期から、条件に合うサービスを2つに絞れます。
▶ 自分に合う転職サービスを30秒で診断（無料）（LINE診断）
https://career-line-bot.career-line-bot.workers.dev/l/note-m45?job=child

■ 1. プロフィールと、動いた理由
25歳の保育士さん。1年目で、先輩保育士からの当たりが強く、毎日泣きながら帰っていました。「1年目で辞めたら次がない」と思い込んでいました。

■ 2. 条件を、並べてみる
・前職：認可保育園（1年目）年収310万円
・転職後：小規模保育園 年収318万円
・基本給：185,000円
・資格手当：5,000円
・処遇改善・職務手当：20,000円
・時間外手当：5,000円
・住宅・扶養手当：10,000円
・月給：225,000円
・賞与：年480,000円
・年収差：+8万円
※小規模保育園は職員数が少ない分、急な欠勤時に業務が集中しやすくなります。3歳以上の保育経験が積めない点も、キャリア面で確認しておく点です。

■ 3. 小規模保育園を選んだ理由と、注意点
選んだのは、定員19人以下の小規模保育園です。給与月額は平均約28万円で、認可園より4万円ほど低い傾向ですが、行事が少なく、持ち帰り仕事は減りやすい環境でした。

▼ 同じ条件で、いま求人が出るか確かめたい方は、こちらから（PR）
▶ 保育士の転職支援（保育園・療育の求人）（ほいく畑）
https://px.a8.net/svt/ejp?a8mat=4BC2EP+526NW2+1W34+HWXLE&a8sns=note
▶ 自分に合う転職サービスを30秒で診断（無料）（LINE診断）
https://career-line-bot.career-line-bot.workers.dev/l/note-m45?job=child

■ 4. 小規模保育園の1日（想定）
7:30 出勤・保育室の準備
8:00 登園の受け入れ・健康観察
9:30 あそび・散歩
11:00 昼食の介助・見守り
12:30 午睡・連絡帳の記入
14:30 おやつ・自由あそび
16:00 降園の準備・引き渡し
17:00 日誌・翌日の準備（持ち帰りなし）

■ 5. 入ってから「聞いていなかった」となりやすい3つ
1. 急な欠勤時の業務集中：少人数の分、1人の休みの影響が大きいです
2. 3歳以上の保育経験：小規模は0〜2歳中心で、経験の幅が変わります
3. 給与の水準：認可園より下がる傾向があります

■ 6. 1年後のリアル
【想定】人間関係のストレスが大きく減り、毎日泣きながら帰る日はなくなりました。給与は大きくは変わらず、園の規模より「人が合うか」が大事だったと気づいています。

■ 7. この事例から持ち帰れる5つ
1年目の早期離職は、伝え方次第で不利になりにくいこともあります。合う・合わないは、園の規模より「人」によることも多いです。
1. 1年目で辞めても、次はある
2. 早期離職は、理由の伝え方で印象が変わる
3. 小規模保育は、行事が少なく、持ち帰りが減りやすい
4. 3歳以上の経験が積めない点も、キャリアとして考える
5. 園の規模より、「人と雰囲気」が大事なこともある

■ 8. 面談・面接で、必ず聞く5つ
1. 職員の人数と、欠勤時の補い方
2. 0〜2歳中心の運営で、キャリアの幅をどう作れるか
3. 行事の量と、持ち帰り仕事の有無
4. 見学で感じた職員同士の雰囲気
5. 給与・賞与の内訳

■ 9. 保育士が、環境を変えたいなら（PR）
保育士の早期離職は、実はよくあることです。小規模園は給与がやや下がる傾向もありますが、人間関係の負担は大きく変わります。内部事情に詳しいサービスで探してください↓
【読まなくていい人】今の園に納得している方／保育の仕事を辞める予定の方
【読んでほしい人】1年目で人間関係に悩み、環境を変えたい方
〈登録の流れ〉
① 「辞めたい理由」と「次の園で譲れない条件」を分けて書き出す
② 下のリンクから登録し、『小規模・人間関係が穏やか・持ち帰りなし』の希望をそのまま伝える
③ 出てきた求人を、第8章の5つで確認する
登録・相談に費用はかかりません（詳細は各社の公式サイトで確認してください）。
電話が不安な方は、登録時の備考欄に「連絡はメール希望」など、希望の連絡方法を書いておくと安心です。
〈どちらから動く？〉
今週中に動きたい方 → 専門のエージェントに、条件をそのまま伝える
▶ 保育士の転職支援（保育園・療育の求人）（ほいく畑）
https://px.a8.net/svt/ejp?a8mat=4BC2EP+526NW2+1W34+HWXLE&a8sns=note
まず条件を整理したい方 → LINE診断で2つに絞る（30秒）
▶ 自分に合う転職サービスを30秒で診断（LINE・無料）
https://career-line-bot.career-line-bot.workers.dev/l/note-m45?job=child

■ まとめ
・1年目で辞めても、次の道はある
・園の規模より、人と雰囲気が合うかを見る
・少人数の分、欠勤時の補い方を確認する
迷ったら、まず30秒の診断から。
▶ 自分に合う転職サービスを30秒で診断（LINE・無料）
https://career-line-bot.career-line-bot.workers.dev/l/note-m45?job=child

■ 出典・注記
この記事は想定事例です。時間割・エピソードを含め、相談事例をもとに設定した例で、実在の特定の方の話ではありません。実際の年収・条件は、会社・評価・経験によって変わります。

次回は、「私立幼稚園→認可保育園（大手法人）」の話を書きます。マガジンをフォローしておくと届きます。",2403,"【PR】1年目で辞めたら、もう次がない？

保育士1年目で辞めたい人へ 小規模保育園という選択肢
年収310万→318万。人間関係が変わった

認可保育園（1年目）→小規模保育園の話を、数字ごとnoteに書きました。
▼ コメント欄へ","noteはこちら → 【noteのURL】
（PR）30秒診断（LINE・無料）→ https://career-line-bot.career-line-bot.workers.dev/l/note-m45?job=child
（PR）保育士の転職支援（保育園・療育の求人）（ほいく畑）→ https://px.a8.net/svt/ejp?a8mat=4BC2EP+526NW2+1W34+HWXLE&a8sns=note","・モデルケース：想定事例と明記
・小規模保育園の給与相場（約28万円・認可園より4万円低い傾向）は指示書メモの数字。出典確認
・早期離職の不利さを断定しない",下書き
46,医療福祉,モデルケース,【転職体験記No.46】私立幼稚園→認可保育園（大手法人） ＜「幼稚園の先生って、こんなに給料上がらないものなんですか？」28歳＞,幼稚園→保育園で年収は変わる？両方の資格を持っている人は要チェック【転職体験記No.46】,行事とサービス残業から離れた28歳。処遇改善手当で年収が微増した話,何年働いても、給料が上がらない…,"幼稚園→保育園で年収は変わる？
両方の資格を持つ人は要チェック",年収401万→410万。行事準備が減った,"0. PR表記／導入／共感3つ／★CTA①（LINE診断）
こんな悩み、ありませんか？
1. プロフィールと、動いた理由
2. 条件を、並べてみる
3. 両方の資格を活かして、保育園へ
4. 認可保育園（大手法人）の1日（想定）
5. 入ってから「聞いていなかった」となりやすい3つ
6. 1年後のリアル
7. この事例から持ち帰れる5つ
8. 面談・面接で、必ず聞く5つ
9. 幼稚園教諭が、保育園への転職を考えるなら（PR）
まとめ
出典・注記
（3と4の間に★CTA②／最後にCTA③）","※本記事にはアフィリエイト広告（PR）を含みます（第9章に明記）。
※この記事は、複数の相談事例をもとにした想定ケース（モデルケース）です。実在の特定の方の話ではありません。

「幼稚園の先生って、こんなに給料上がらないものなんですか？」。私立幼稚園で働く28歳の先生でした。

■ こんな悩み、ありませんか？
✔行事の準備やサービス残業が多い
✔何年働いても給料がほとんど上がらない
✔保育士資格も持っているけど、活かせていない

この記事でわかるのは、①幼稚園と保育園の年収差の見方、②入ってから「聞いていなかった」となりやすい3つ、③面談・面接で聞く5つ、の3点です。

▼ 先に結論だけ知りたい方へ（PR）
LINE診断（5問・30秒）で、職種・年代・年収・重視すること・時期から、条件に合うサービスを2つに絞れます。
▶ 自分に合う転職サービスを30秒で診断（無料）（LINE診断）
https://career-line-bot.career-line-bot.workers.dev/l/note-m46?job=child

■ 1. プロフィールと、動いた理由
28歳の私立幼稚園の先生。行事の多さとサービス残業が続き、何年働いても給料がほとんど上がらないと悩んでいました。

■ 2. 条件を、並べてみる
・前職：私立幼稚園 年収401万円
・転職後：認可保育園（大手法人）年収410万円
・基本給：195,000円
・資格手当：10,000円
・処遇改善・職務手当：50,000円
・時間外手当：5,000円
・住宅・扶養手当：20,000円
・月給：280,000円
・賞与：年740,000円
・年収差：+9万円
※幼稚園は、ボーナスが保育士よりやや低く（幼稚園80.8万円・保育士74.2万円）、年収差の主な要因です。保育園は処遇改善加算がある分、法人によって上乗せ幅が変わります。

■ 3. 両方の資格を活かして、保育園へ
私立幼稚園教諭の平均年収は約401万円、保育士は406万8,100円です（令和6年賃金構造基本統計調査・こども家庭庁経営実態調査）。両方の資格を持っていると、保育園に移りやすくなります。

▼ 同じ条件で、いま求人が出るか確かめたい方は、こちらから（PR）
▶ 保育士の転職支援（保育園・療育の求人）（ほいく畑）
https://px.a8.net/svt/ejp?a8mat=4BC2EP+526NW2+1W34+HWXLE&a8sns=note
▶ 自分に合う転職サービスを30秒で診断（無料）（LINE診断）
https://career-line-bot.career-line-bot.workers.dev/l/note-m46?job=child

■ 4. 認可保育園（大手法人）の1日（想定）
7:30 早番出勤・保育室の準備
8:00 登園の受け入れ
9:30 主活動（クラス運営）
11:00 昼食・食事の見守り
12:30 午睡・連絡帳・書類の作成
14:30 おやつ・自由あそび
16:30 降園・保護者への引き渡し
17:00 退勤（行事準備は勤務時間内）

■ 5. 入ってから「聞いていなかった」となりやすい3つ
1. 保育時間の長さ：幼稚園より長い保育時間で、シフト制になります
2. 書類の量：指導計画・保育日誌など、事務が増えることがあります
3. 法人の違い：処遇改善の配分・行事の量が、法人ごとに大きく違います

■ 6. 1年後のリアル
【想定】行事準備の負担が減り、処遇改善手当がついた分、年収はわずかに増えました。シフト制に慣れるまでは大変でしたが、勤務時間内に仕事を終えられることに、満足しています。

■ 7. この事例から持ち帰れる5つ
幼稚園と保育園の年収差は、ボーナスと処遇改善で生まれます。両方の資格を持っているなら、法人ごとの上乗せを比べてみる価値があります。
1. 幼稚園と保育園の年収差は、ボーナスと処遇改善で生まれる
2. 両方の資格を持っていると、選択肢が広がる
3. 保育園はシフト制になる。生活の変化も考える
4. 処遇改善の上乗せは、法人ごとに確認する
5. 行事準備が勤務時間内かを、見学で確認する

■ 8. 面談・面接で、必ず聞く5つ
1. 処遇改善手当の金額と、支給の仕組み
2. 行事の量と、準備の時間の扱い
3. シフトの種類と、早番・遅番の頻度
4. 指導計画・書類の作成時間
5. 賞与の支給実績

■ 9. 幼稚園教諭が、保育園への転職を考えるなら（PR）
幼稚園教諭と保育士、両方の資格を持っている方は、職場を変えるだけで待遇が変わる可能性があります。処遇改善の手厚さも法人によって違うので比べてみてください↓
【読まなくていい人】今の幼稚園の働き方に満足している方／シフト制が難しい方
【読んでほしい人】幼稚園の給与と行事の負担に悩み、保育園を考えている方
〈登録の流れ〉
① 「希望の年収」と「シフトの許容」を決める
② 下のリンクから登録し、『保育園・処遇改善が手厚い法人』をそのまま伝える
③ 出てきた求人を、第8章の5つで確認する
登録・相談に費用はかかりません（詳細は各社の公式サイトで確認してください）。
電話が不安な方は、登録時の備考欄に「連絡はメール希望」など、希望の連絡方法を書いておくと安心です。
〈どちらから動く？〉
今週中に動きたい方 → 専門のエージェントに、条件をそのまま伝える
▶ 保育士の転職支援（保育園・療育の求人）（ほいく畑）
https://px.a8.net/svt/ejp?a8mat=4BC2EP+526NW2+1W34+HWXLE&a8sns=note
まず条件を整理したい方 → LINE診断で2つに絞る（30秒）
▶ 自分に合う転職サービスを30秒で診断（LINE・無料）
https://career-line-bot.career-line-bot.workers.dev/l/note-m46?job=child

■ まとめ
・幼稚園と保育園は、ボーナスと処遇改善で年収が変わる
・両方の資格があれば、保育園に移りやすい
・処遇改善の上乗せとシフト制の条件を、入職前に確認する
迷ったら、まず30秒の診断から。
▶ 自分に合う転職サービスを30秒で診断（LINE・無料）
https://career-line-bot.career-line-bot.workers.dev/l/note-m46?job=child

■ 出典・注記
この記事は想定事例です。時間割・エピソードを含め、相談事例をもとに設定した例で、実在の特定の方の話ではありません。実際の年収・条件は、会社・評価・経験によって変わります。

次回は、「調剤薬局（管理薬剤師）→製薬会社（品質保証・DI）」の話を書きます。マガジンをフォローしておくと届きます。",2447,"【PR】何年働いても、給料が上がらない…

幼稚園→保育園で年収は変わる？ 両方の資格を持つ人は要チェック
年収401万→410万。行事準備が減った

私立幼稚園→認可保育園（大手法人）の話を、数字ごとnoteに書きました。
▼ コメント欄へ","noteはこちら → 【noteのURL】
（PR）30秒診断（LINE・無料）→ https://career-line-bot.career-line-bot.workers.dev/l/note-m46?job=child
（PR）保育士の転職支援（保育園・療育の求人）（ほいく畑）→ https://px.a8.net/svt/ejp?a8mat=4BC2EP+526NW2+1W34+HWXLE&a8sns=note","・モデルケース：想定事例と明記
・平均年収・ボーナスの数字は指示書メモ（令和6年賃金構造基本統計調査・こども家庭庁経営実態調査）を出典確認
・処遇改善の上乗せは法人ごと。断定しない",下書き
47,医療福祉,モデルケース,【転職体験記No.47】調剤薬局（管理薬剤師）→製薬会社（品質保証・DI） ＜「店舗の人手が足りなくて、有休なんて取れる雰囲気じゃないんです」33歳＞,企業薬剤師になるには？求人が少ない中での探し方と、調剤経験は活きるのか【転職体験記No.47】,土日休み・カレンダー通りの生活へ。管理薬剤師手当をなくして企業に移った33歳の判断,有休が取れる雰囲気じゃない…,"管理薬剤師が製薬会社へ
土日休みに変わった",年収580万→510万。カレンダー通り,"0. PR表記／導入／共感3つ／★CTA①（LINE診断）
こんな悩み、ありませんか？
1. プロフィールと、動いた理由
2. 条件を、並べてみる
3. 企業薬剤師の選考で見られる「分析データを読み解く力」
4. 製薬会社（品質保証・DI）の1日（想定）
5. 入ってから「聞いていなかった」となりやすい3つ
6. 1年後のリアル
7. この事例から持ち帰れる5つ
8. 面談・面接で、必ず聞く5つ
9. 薬剤師が、企業への転職を考えるなら（PR）
まとめ
出典・注記
（3と4の間に★CTA②／最後にCTA③）","※本記事にはアフィリエイト広告（PR）を含みます（第9章に明記）。
※この記事は、複数の相談事例をもとにした想定ケース（モデルケース）です。実在の特定の方の話ではありません。

「店舗の人手が足りなくて、有休なんて取れる雰囲気じゃないんです」。調剤薬局で管理薬剤師をしていた33歳の男性でした。

■ こんな悩み、ありませんか？
✔人手不足で休みが取りにくい
✔土日休み・カレンダー通りに働きたい
✔企業薬剤師は狭き門だと思って最初からあきらめている

この記事でわかるのは、①企業薬剤師の年収と、選考の見られ方、②入ってから「聞いていなかった」となりやすい3つ、③面談・面接で聞く5つ、の3点です。

▼ 先に結論だけ知りたい方へ（PR）
LINE診断（5問・30秒）で、職種・年代・年収・重視すること・時期から、条件に合うサービスを2つに絞れます。
▶ 自分に合う転職サービスを30秒で診断（無料）（LINE診断）
https://career-line-bot.career-line-bot.workers.dev/l/note-m47?job=pharm

■ 1. プロフィールと、動いた理由
33歳の男性薬剤師さん。調剤薬局で管理薬剤師をしていましたが、店舗の人手不足で有休も取りにくく、土日休みで薬の知識を別の形で活かしたいと考えていました。

■ 2. 条件を、並べてみる
・前職：調剤薬局（管理薬剤師）年収580万円
・転職後：製薬会社（品質保証・DI）年収510万円
・基本給：300,000円
・処遇改善・職務手当：15,000円
・時間外手当：20,000円
・住宅・扶養手当：15,000円
・月給：350,000円
・賞与：年900,000円
・年収差：−70万円
※前職の管理薬剤師手当がなくなった分、年収は下がっています。企業薬剤師の年収は、職種・会社によって幅があります。

■ 3. 企業薬剤師の選考で見られる「分析データを読み解く力」
企業薬剤師（品質管理）の平均年収は400〜500万円で、未経験は350万円程度からのスタートも多いです。求人自体が少なく、非公開求人に強いエージェント経由の応募が中心でした。

▼ 同じ条件で、いま求人が出るか確かめたい方は、こちらから（PR）
▶ 薬剤師の求人（MC－ファーマネット）
https://px.a8.net/svt/ejp?a8mat=4BC9F9+72TL8I+28MI+BYT9E&a8sns=note
▶ 自分に合う転職サービスを30秒で診断（無料）（LINE診断）
https://career-line-bot.career-line-bot.workers.dev/l/note-m47?job=pharm

■ 4. 製薬会社（品質保証・DI）の1日（想定）
8:45 出勤・メール確認
9:00 品質データの確認・分析
10:30 製造・開発部門との打ち合わせ
12:00 休憩
13:00 DI業務（医療機関からの問い合わせ対応）
15:00 文書・手順書の見直し
17:00 翌日の準備・報告
17:45 退勤（土日休み）

■ 5. 入ってから「聞いていなかった」となりやすい3つ
1. 外勤・出張：工場での確認など、外勤が発生することがあります
2. 求人の少なさ：応募機会が限られ、待つ期間が必要になることがあります
3. 年収の動き：管理薬剤師手当がなくなり、下がる場合があります

■ 6. 1年後のリアル
【想定】カレンダー通りに休めるようになり、有休も自然に取れるようになりました。年収は下がりましたが、生活の余裕が出て、資格を活かして専門性を磨く時間ができています。

■ 7. この事例から持ち帰れる5つ
企業薬剤師は求人が少なく、非公開求人が中心です。選考では、調剤の経験そのものより「データを読み解く力」と「他部門との調整力」が見られます。
1. 企業薬剤師は、求人が少ない。非公開求人に強いエージェントを使う
2. 選考では、データを読み解く力と調整力が見られる
3. 調剤経験は、企業でも活かせる
4. 管理薬剤師手当がなくなる分の年収ダウンを、計算しておく
5. 土日休みを優先する選択は、立派な判断

■ 8. 面談・面接で、必ず聞く5つ
1. 分析データを読み解いた経験
2. 製造・開発部門との調整の経験
3. なぜ企業に移りたいのか
4. 工場での外勤・出張への対応
5. 学び続ける姿勢（GMPなど）

■ 9. 薬剤師が、企業への転職を考えるなら（PR）
企業薬剤師の求人は数が少なく、ほとんどが非公開です。狙うなら、企業求人に強いサービスに登録して“出たらすぐ動ける”状態にしておくのが近道です↓
【読まなくていい人】今の薬局の働き方に満足している方／年収ダウンを避けたい方
【読んでほしい人】土日休みで、薬の知識を別の形で活かしたい方
〈登録の流れ〉
① 「年収の下限」と「土日休み」の優先順位を決める
② 下のリンクから登録し、『企業薬剤師・非公開求人も見たい』をそのまま伝える
③ 出てきた求人を、第8章の5つで確認する
登録・相談に費用はかかりません（詳細は各社の公式サイトで確認してください）。
電話が不安な方は、登録時の備考欄に「連絡はメール希望」など、希望の連絡方法を書いておくと安心です。
〈どちらから動く？〉
今週中に動きたい方 → 専門のエージェントに、条件をそのまま伝える
▶ 薬剤師の求人（MC－ファーマネット）
https://px.a8.net/svt/ejp?a8mat=4BC9F9+72TL8I+28MI+BYT9E&a8sns=note
▶ 薬剤師の転職支援（ファゲット）
https://px.a8.net/svt/ejp?a8mat=4BC9F9+6DTDTU+2YJA+HVNAQ&a8sns=note
まず条件を整理したい方 → LINE診断で2つに絞る（30秒）
▶ 自分に合う転職サービスを30秒で診断（LINE・無料）
https://career-line-bot.career-line-bot.workers.dev/l/note-m47?job=pharm

■ まとめ
・企業薬剤師は、求人が少ないので、エージェントを使う
・選考では、データを読み解く力と調整力が見られる
・年収ダウンと、外勤・出張の有無を確認する
迷ったら、まず30秒の診断から。
▶ 自分に合う転職サービスを30秒で診断（LINE・無料）
https://career-line-bot.career-line-bot.workers.dev/l/note-m47?job=pharm

■ 出典・注記
この記事は想定事例です。時間割・エピソードを含め、相談事例をもとに設定した例で、実在の特定の方の話ではありません。実際の年収・条件は、会社・評価・経験によって変わります。

次回は、「総合病院（病棟薬剤師）→調剤薬局（管理薬剤師）」の話を書きます。マガジンをフォローしておくと届きます。",2449,"【PR】有休が取れる雰囲気じゃない…

管理薬剤師が製薬会社へ 土日休みに変わった
年収580万→510万。カレンダー通り

調剤薬局（管理薬剤師）→製薬会社（品質保証・DI）の話を、数字ごとnoteに書きました。
▼ コメント欄へ","noteはこちら → 【noteのURL】
（PR）30秒診断（LINE・無料）→ https://career-line-bot.career-line-bot.workers.dev/l/note-m47?job=pharm
（PR）薬剤師の求人（MC－ファーマネット）→ https://px.a8.net/svt/ejp?a8mat=4BC9F9+72TL8I+28MI+BYT9E&a8sns=note","・モデルケース：想定事例と明記
・企業薬剤師の年収相場（400〜500万円・未経験350万円〜）は指示書メモの数字。出典確認
・求人が少ない点、年収ダウンを隠さず書く",下書き
48,医療福祉,モデルケース,【転職体験記No.48】総合病院（病棟薬剤師）→調剤薬局（管理薬剤師） ＜「やりがいはあるんです。でも、塾代の請求書を見るたびにため息が出て」41歳＞,病院薬剤師は年収が上がりにくい問題。管理薬剤師手当の相場と、在宅に強い薬局なら病院経験が武器になる理由【転職体験記No.48】,病院15年目、41歳のパパが管理薬剤師を選んで年収+8万円。増えた責任も全部書く,やりがいはある。でも塾代が…,"病院薬剤師は年収が上がらない？
管理薬剤師で年収+8万",540万→548万。責任も増えた,"0. PR表記／導入／共感3つ／★CTA①（LINE診断）
こんな悩み、ありませんか？
1. プロフィールと、動いた理由
2. 条件を、並べてみる
3. 管理薬剤師の相場と、在宅に強い薬局を選んだ理由
4. 在宅に強い調剤薬局の管理薬剤師の1日（想定）
5. 入ってから「聞いていなかった」となりやすい3つ
6. 1年後のリアル
7. この事例から持ち帰れる5つ
8. 面談・面接で、必ず聞く5つ
9. 病院薬剤師が、管理薬剤師への転職を考えるなら（PR）
まとめ
出典・注記
（3と4の間に★CTA②／最後にCTA③）","※本記事にはアフィリエイト広告（PR）を含みます（第9章に明記）。
※この記事は、複数の相談事例をもとにした想定ケース（モデルケース）です。実在の特定の方の話ではありません。

「やりがいはあるんです。でも、塾代の請求書を見るたびにため息が出て」。病院薬剤師15年目、41歳のパパさんでした。

■ こんな悩み、ありませんか？
✔病院の給与テーブルでは、40代でも年収が伸びない
✔ローンや教育費で、将来のお金が不安
✔病院で積んだ経験を無駄にしたくない

この記事でわかるのは、①管理薬剤師の手当の相場と、責任の増え方、②入ってから「聞いていなかった」となりやすい3つ、③面談・面接で聞く5つ、の3点です。

▼ 先に結論だけ知りたい方へ（PR）
LINE診断（5問・30秒）で、職種・年代・年収・重視すること・時期から、条件に合うサービスを2つに絞れます。
▶ 自分に合う転職サービスを30秒で診断（無料）（LINE診断）
https://career-line-bot.career-line-bot.workers.dev/l/note-m48?job=pharm

■ 1. プロフィールと、動いた理由
41歳の薬剤師さん。病院の給与テーブルでは40代でも年収500万円台で、家のローンと教育費を考えると限界を感じていました。

■ 2. 条件を、並べてみる
・前職：総合病院（病棟薬剤師）年収540万円
・転職後：調剤薬局（管理薬剤師）年収548万円
・基本給：300,000円
・処遇改善・職務手当：50,000円（管理薬剤師手当を含む）
・時間外手当：20,000円
・住宅・扶養手当：20,000円
・月給：390,000円
・賞与：年800,000円
・年収差：+8万円
※管理薬剤師手当（月5万円）がつき、年収は増加しました。ただ、店舗の責任者として、休みにくさは病院時代より増えています。

■ 3. 管理薬剤師の相場と、在宅に強い薬局を選んだ理由
管理薬剤師の平均年収は約735万円で、一般の薬局薬剤師（約487万円）との差は約250万円です。管理薬剤師手当の相場は月3万〜10万円で、店舗規模・地域による差が大きくなります。在宅に力を入れる薬局を選びました。

▼ 同じ条件で、いま求人が出るか確かめたい方は、こちらから（PR）
▶ 薬剤師の求人（MC－ファーマネット）
https://px.a8.net/svt/ejp?a8mat=4BC9F9+72TL8I+28MI+BYT9E&a8sns=note
▶ 自分に合う転職サービスを30秒で診断（無料）（LINE診断）
https://career-line-bot.career-line-bot.workers.dev/l/note-m48?job=pharm

■ 4. 在宅に強い調剤薬局の管理薬剤師の1日（想定）
8:45 出勤・シフトの確認・朝礼
9:00 調剤・監査
11:00 在宅訪問の準備（薬の準備・配送）
12:30 休憩（順番）
13:30 在宅訪問（施設・居宅）
15:30 薬歴の記載・在庫確認・発注
17:30 従業員の指導・翌日の確認
19:00 退勤（店舗の営業時間による）

■ 5. 入ってから「聞いていなかった」となりやすい3つ
1. 責任の増加：店舗の責任者として、従業員の教育・シフト管理を担います
2. 休みにくさ：管理薬剤師は、代わりが利きにくく、休みが取りにくくなります
3. 兼務の制限：他店舗との兼務は、原則できません

■ 6. 1年後のリアル
【想定】管理薬剤師手当がつき、年収はわずかに増えました。在宅の経験で病院時代の知識が活き、患者さんからも頼られています。一方で、休みの調整や従業員の教育には、時間を取られています。

■ 7. この事例から持ち帰れる5つ
管理薬剤師は、薬機法上、他店舗との兼務が原則できません。従業員の教育やシフト管理まで担う分、責任と業務量は増えます。
1. 病院薬剤師は、年収が上がりにくい。職場を変える選択肢がある
2. 管理薬剤師手当の相場は、月3万〜10万円で、店舗差が大きい
3. 在宅に強い薬局では、病院経験が武器になる
4. 年収と引き換えに、責任と休みにくさが増える
5. 店舗の規模と、手当の金額を先に確認する

■ 8. 面談・面接で、必ず聞く5つ
1. 管理薬剤師手当の金額と、条件
2. 在宅訪問の件数と、体制
3. 従業員の人数と、シフトの組み方
4. 休みの取りやすさ（代替要員の有無）
5. 賞与・昇給の実績

■ 9. 病院薬剤師が、管理薬剤師への転職を考えるなら（PR）
病院経験は、在宅医療に力を入れる薬局でそのまま武器になります。管理薬剤師は責任も増えますが、手当の相場を知ったうえで判断してみてください↓
【読まなくていい人】今の病院の働き方に満足している方／責任の重さを避けたい方
【読んでほしい人】病院で年収が上がらず、次の道を探している方
〈登録の流れ〉
① 「希望の年収」と「責任の許容」を決める
② 下のリンクから登録し、『管理薬剤師・在宅に強い薬局』をそのまま伝える
③ 出てきた求人を、第8章の5つで確認する
登録・相談に費用はかかりません（詳細は各社の公式サイトで確認してください）。
電話が不安な方は、登録時の備考欄に「連絡はメール希望」など、希望の連絡方法を書いておくと安心です。
〈どちらから動く？〉
今週中に動きたい方 → 専門のエージェントに、条件をそのまま伝える
▶ 薬剤師の求人（MC－ファーマネット）
https://px.a8.net/svt/ejp?a8mat=4BC9F9+72TL8I+28MI+BYT9E&a8sns=note
▶ 薬剤師の転職支援（ファゲット）
https://px.a8.net/svt/ejp?a8mat=4BC9F9+6DTDTU+2YJA+HVNAQ&a8sns=note
まず条件を整理したい方 → LINE診断で2つに絞る（30秒）
▶ 自分に合う転職サービスを30秒で診断（LINE・無料）
https://career-line-bot.career-line-bot.workers.dev/l/note-m48?job=pharm

■ まとめ
・病院薬剤師は、職場を変えると年収が上がることがある
・管理薬剤師は、手当と引き換えに責任が増える
・手当の金額・休みの取りやすさを、入職前に確認する
迷ったら、まず30秒の診断から。
▶ 自分に合う転職サービスを30秒で診断（LINE・無料）
https://career-line-bot.career-line-bot.workers.dev/l/note-m48?job=pharm

■ 出典・注記
この記事は想定事例です。時間割・エピソードを含め、相談事例をもとに設定した例で、実在の特定の方の話ではありません。実際の年収・条件は、会社・評価・経験によって変わります。

次回は、「育休明け（元・調剤薬局）→調剤薬局（派遣・時短）」の話を書きます。マガジンをフォローしておくと届きます。",2478,"【PR】やりがいはある。でも塾代が…

病院薬剤師は年収が上がらない？ 管理薬剤師で年収+8万
540万→548万。責任も増えた

総合病院（病棟薬剤師）→調剤薬局（管理薬剤師）の話を、数字ごとnoteに書きました。
▼ コメント欄へ","noteはこちら → 【noteのURL】
（PR）30秒診断（LINE・無料）→ https://career-line-bot.career-line-bot.workers.dev/l/note-m48?job=pharm
（PR）薬剤師の求人（MC－ファーマネット）→ https://px.a8.net/svt/ejp?a8mat=4BC9F9+72TL8I+28MI+BYT9E&a8sns=note","・モデルケース：想定事例と明記
・管理薬剤師の平均年収735万円・手当相場3〜10万円は指示書メモの数字。出典確認
・責任・休みにくさの増加も書く",下書き
49,医療福祉,モデルケース,【転職体験記No.49】育休明け（元・調剤薬局）→調剤薬局（派遣・時短） ＜「すみません、お迎えなので」この一言を毎日言うのが、何よりしんどかった＞,"薬剤師ママの復職は派遣が最強？時給3,300円・1日6時間。3年ルールの注意点も全部書く【転職体験記No.49】",正社員をやめたら年収は124万円下がった。それでもお迎えに間に合う生活を選んだ36歳,すみません、お迎えなので…,"薬剤師ママの復職は派遣が最強？
時給3,300円・時短勤務",年収520万→396万。お迎えに余裕,"0. PR表記／導入／共感3つ／★CTA①（LINE診断）
こんな悩み、ありませんか？
1. プロフィールと、動いた理由
2. 条件を、並べてみる
3. 時給3,300円・1日6時間の派遣で復職
4. 派遣薬剤師（時短）の1日（想定）
5. 入ってから「聞いていなかった」となりやすい3つ
6. 1年後のリアル
7. この事例から持ち帰れる5つ
8. 面談・面接で、必ず聞く5つ
9. 薬剤師ママが、復職を考えるなら（PR）
まとめ
出典・注記
（3と4の間に★CTA②／最後にCTA③）","※本記事にはアフィリエイト広告（PR）を含みます（第9章に明記）。
※この記事は、複数の相談事例をもとにした想定ケース（モデルケース）です。実在の特定の方の話ではありません。

「すみません、お迎えなので」。この一言を毎日言うのが、何よりしんどかった。育休明けの薬剤師ママさんでした。

■ こんな悩み、ありませんか？
✔時短勤務でも残業があり、お迎えがギリギリ
✔周りに気を遣いながら働くのに疲れた
✔収入は落としたくない

この記事でわかるのは、①派遣薬剤師の時給と、3年ルールの考え方、②入ってから「聞いていなかった」となりやすい3つ、③面談・面接で聞く5つ、の3点です。

▼ 先に結論だけ知りたい方へ（PR）
LINE診断（5問・30秒）で、職種・年代・年収・重視すること・時期から、条件に合うサービスを2つに絞れます。
▶ 自分に合う転職サービスを30秒で診断（無料）（LINE診断）
https://career-line-bot.career-line-bot.workers.dev/l/note-m49?job=pharm

■ 1. プロフィールと、動いた理由
36歳の薬剤師ママさん。復職したいが、正社員だと時短でも残業がある。保育園のお迎えに間に合わないことが、いちばんの悩みでした。

■ 2. 条件を、並べてみる
・前職：調剤薬局（正社員）年収520万円
・転職後：調剤薬局（派遣・時短）年収396万円
・時給：3,300円
・月の労働時間：100時間（目安）
・月給：330,000円（賞与なし）
・年収差：−124万円
※同一職場での勤務は最長3年という「3年ルール」があり、長期的なキャリア形成には注意が必要です。福利厚生は、派遣会社の制度が適用されます。

■ 3. 時給3,300円・1日6時間の派遣で復職
派遣薬剤師の時給相場は、病院3,215円・調剤薬局3,346円（全国平均）です。ボーナス・退職金はない代わりに、時短でも正社員・パート以上の時給水準を確保できます。1日6時間・時給3,300円で復職しました。

▼ 同じ条件で、いま求人が出るか確かめたい方は、こちらから（PR）
▶ 薬剤師の求人（MC－ファーマネット）
https://px.a8.net/svt/ejp?a8mat=4BC9F9+72TL8I+28MI+BYT9E&a8sns=note
▶ 自分に合う転職サービスを30秒で診断（無料）（LINE診断）
https://career-line-bot.career-line-bot.workers.dev/l/note-m49?job=pharm

■ 4. 派遣薬剤師（時短）の1日（想定）
9:00 出勤・薬局の朝礼
9:15 調剤・監査（午前）
11:30 服薬指導・薬歴の記載
12:30 休憩（順番・45分）
13:15 調剤・在庫確認
14:30 薬歴の整理・引き継ぎ
15:00 退勤（残業なし。お迎えに余裕で間に合う）

■ 5. 入ってから「聞いていなかった」となりやすい3つ
1. 3年ルール：同じ職場で働けるのは最長3年。その後のキャリアを先に考えます
2. 賞与・退職金なし：年収は、賞与のない前提で見ます
3. 福利厚生：派遣会社の制度になり、職場と異なる場合があります

■ 6. 1年後のリアル
【想定】お迎えに間に合う生活になり、子どもとの時間が増えました。年収は下がりましたが、時給が高いので、短い時間でもしっかり稼げています。3年後は、正社員に戻るか別の職場にするか、いまから考えています。

■ 7. この事例から持ち帰れる5つ
派遣は、時短でも時給が高く、お迎えに間に合う生活を作りやすい働き方です。ただ、3年ルールと、賞与・退職金がない点は、先に知っておく必要があります。
1. 薬剤師派遣は、時短でも時給が高い
2. お迎えに間に合う時間で、働き方を選べる
3. 3年ルールを知って、その後のキャリアも考える
4. 賞与がない前提で、年収を計算する
5. 正社員に戻るタイミングは、子どもの成長で決める

■ 8. 面談・面接で、必ず聞く5つ
1. 時給と、交通費・手当の条件
2. 1日の勤務時間と、残業の有無
3. 電子薬歴の研修の内容
4. 契約の期間と、更新の条件
5. 3年後の派遣会社のサポート（次の紹介の仕組み）

■ 9. 薬剤師ママが、復職を考えるなら（PR）
薬剤師の派遣は時給が高く、短時間でもしっかり稼げます。3年ルールなど注意点も踏まえて、子育て中の数年だけ働き方を変える選択肢として検討してみてください↓
【読まなくていい人】今のフルタイムの働き方に問題ない方／派遣に抵抗がある方
【読んでほしい人】育休明けで、時短で、お迎えに間に合う働き方を探している方
〈登録の流れ〉
① 「何時に終わるか」と「必要な月収」を決める
② 下のリンクから登録し、『派遣・時短・残業なし』の条件をそのまま伝える
③ 出てきた求人を、第8章の5つで確認する
登録・相談に費用はかかりません（詳細は各社の公式サイトで確認してください）。
電話が不安な方は、登録時の備考欄に「連絡はメール希望」など、希望の連絡方法を書いておくと安心です。
〈どちらから動く？〉
今週中に動きたい方 → 専門のエージェントに、条件をそのまま伝える
▶ 薬剤師の求人（MC－ファーマネット）
https://px.a8.net/svt/ejp?a8mat=4BC9F9+72TL8I+28MI+BYT9E&a8sns=note
▶ 薬剤師の転職支援（ファゲット）
https://px.a8.net/svt/ejp?a8mat=4BC9F9+6DTDTU+2YJA+HVNAQ&a8sns=note
まず条件を整理したい方 → LINE診断で2つに絞る（30秒）
▶ 自分に合う転職サービスを30秒で診断（LINE・無料）
https://career-line-bot.career-line-bot.workers.dev/l/note-m49?job=pharm

■ まとめ
・派遣は、時短でも時給が高く、復職の入口になる
・3年ルールと、賞与・退職金がない点を先に知る
・お迎えに間に合う時間で、条件を組み立てる
迷ったら、まず30秒の診断から。
▶ 自分に合う転職サービスを30秒で診断（LINE・無料）
https://career-line-bot.career-line-bot.workers.dev/l/note-m49?job=pharm

■ 出典・注記
この記事は想定事例です。時間割・エピソードを含め、相談事例をもとに設定した例で、実在の特定の方の話ではありません。実際の年収・条件は、会社・評価・経験によって変わります。

次回は、「急性期病院→スポーツ整形外科クリニック」の話を書きます。マガジンをフォローしておくと届きます。",2391,"【PR】すみません、お迎えなので…

薬剤師ママの復職は派遣が最強？ 時給3,300円・時短勤務
年収520万→396万。お迎えに余裕

育休明け（元・調剤薬局）→調剤薬局（派遣・時短）の話を、数字ごとnoteに書きました。
▼ コメント欄へ","noteはこちら → 【noteのURL】
（PR）30秒診断（LINE・無料）→ https://career-line-bot.career-line-bot.workers.dev/l/note-m49?job=pharm
（PR）薬剤師の求人（MC－ファーマネット）→ https://px.a8.net/svt/ejp?a8mat=4BC9F9+72TL8I+28MI+BYT9E&a8sns=note","・モデルケース：想定事例と明記
・派遣時給相場（病院3,215円・調剤3,346円）は指示書メモ・ネタ帳の数字。出典確認
・年収ダウン・3年ルールを隠さず書く",下書き
50,医療福祉,モデルケース,【転職体験記No.50】急性期病院→スポーツ整形外科クリニック ＜「高校のときケガをして、PTの先生に救われたんです」29歳＞,PTがスポーツ分野に行くには？人気求人の探し方と、年収はどうなるのか【転職体験記No.50】,臨床3年以上が目安。やりたい分野で働けている満足度は、年収より大きかった29歳,スポーツの現場に関わりたい…,"PTがスポーツ分野へ
人気求人の探し方",年収440万→431万。やりたい分野へ,"0. PR表記／導入／共感3つ／★CTA①（LINE診断）
こんな悩み、ありませんか？
1. プロフィールと、動いた理由
2. 条件を、並べてみる
3. 急性期の運動器リハ経験が評価された
4. スポーツ整形外科クリニックの1日（想定）
5. 入ってから「聞いていなかった」となりやすい3つ
6. 1年後のリアル
7. この事例から持ち帰れる5つ
8. 面談・面接で、必ず聞く5つ
9. 理学療法士が、スポーツ分野を目指すなら（PR）
まとめ
出典・注記
（3と4の間に★CTA②／最後にCTA③）","※本記事にはアフィリエイト広告（PR）を含みます（第9章に明記）。
※この記事は、複数の相談事例をもとにした想定ケース（モデルケース）です。実在の特定の方の話ではありません。

「高校のときケガをして、PTの先生に救われたんです。だから本当はスポーツの現場で働きたくて」。急性期で働く29歳の理学療法士さんでした。

■ こんな悩み、ありませんか？
✔PTを目指したきっかけと、今の仕事がずれている
✔スポーツ分野に関わりたいけど、求人が見つからない
✔好きな分野だと年収が下がりそうで不安

この記事でわかるのは、①スポーツ分野の求人の探し方、②入ってから「聞いていなかった」となりやすい3つ、③面談・面接で聞く5つ、の3点です。

▼ 先に結論だけ知りたい方へ（PR）
LINE診断（5問・30秒）で、職種・年代・年収・重視すること・時期から、条件に合うサービスを2つに絞れます。
▶ 自分に合う転職サービスを30秒で診断（無料）（LINE診断）
https://career-line-bot.career-line-bot.workers.dev/l/note-m50

■ 1. プロフィールと、動いた理由
29歳の理学療法士さん。学生時代に部活でケガをし、PTに救われた経験からこの道へ。スポーツの現場に関わりたい思いが、捨てきれずにいました。

■ 2. 条件を、並べてみる
・前職：急性期病院 年収440万円
・転職後：スポーツ整形外科クリニック 年収431万円
・基本給：255,000円
・資格手当：15,000円
・処遇改善・職務手当：10,000円
・時間外手当：15,000円
・住宅・扶養手当：10,000円
・月給：305,000円
・賞与：年650,000円
・年収差：−9万円
※スポーツ分野は求人が少なく、応募のタイミングが大切です。勉強会が多く、自己研鑽が前提の職場文化もあります。

■ 3. 急性期の運動器リハ経験が評価された
PTの平均年収は443.6万円（令和7年調査）。スポーツ分野は求人自体が少なく、出てもすぐ埋まる傾向があります。臨床経験3年以上が目安になりやすく、急性期での運動器リハ経験が評価されて内定しました。

▼ 同じ条件で、いま求人が出るか確かめたい方は、こちらから（PR）
▶ 自分に合う転職サービスを30秒で診断（無料）（LINE診断）
https://career-line-bot.career-line-bot.workers.dev/l/note-m50

■ 4. スポーツ整形外科クリニックの1日（想定）
8:30 出勤・その日の患者さんの確認
9:00 リハビリ（術後・スポーツ外傷）
11:30 カルテの記載
12:30 休憩
14:00 リハビリ（午後）
16:00 スポーツ現場のサポート準備（部活動・チーム）
17:30 勉強会（週1回程度）
19:00 退勤（診療の状況による）

■ 5. 入ってから「聞いていなかった」となりやすい3つ
1. 自己研鑽が前提：勉強会が多く、時間外の学びが求められます
2. 求人の少なさ：応募の機会が限られ、待つ期間が必要です
3. 年収の動き：横ばいか、やや下がることがあります

■ 6. 1年後のリアル
【想定】年収はほぼ横ばいですが、やりたい分野で働けている満足度が高く、勉強会にも自主的に参加しています。スポーツ現場のサポートにも関われるようになり、目標に近づいている実感があります。

■ 7. この事例から持ち帰れる5つ
スポーツ分野は人気で、求人が出てもすぐに埋まります。臨床経験の年数と、運動器の経験が、選考で見られます。
1. スポーツ分野は、求人が少なく人気がある
2. 臨床経験3年以上が、目安になりやすい
3. 急性期の運動器リハ経験が、評価されやすい
4. 年収より、やりたい分野で働く満足度を優先する人も多い
5. 勉強会・自己研鑽の文化があるかを確認する

■ 8. 面談・面接で、必ず聞く5つ
1. 急性期での運動器リハの経験と、症例数
2. なぜスポーツ分野なのか、動機の具体性
3. スポーツ現場に関わった経験（部活・チームなど）
4. 自己研鑽への意欲
5. 臨床経験の年数

■ 9. 理学療法士が、スポーツ分野を目指すなら（PR）
スポーツ分野のPT求人は数が少なく、出てもすぐ埋まります。希望を伝えておいて、出たらすぐ知らせてもらえる状態にしておくのがコツです↓
【読まなくていい人】今の病院の働き方に満足している方／スポーツ分野に興味がない方
【読んでほしい人】スポーツの現場に関わりたいPTの方
〈登録の流れ〉
① 「やりたい分野」と「年収の下限」を決める
② 下のLINE診断で条件を整理し、求人サイトやエージェントには条件をそのまま伝える
③ 出てきた求人を、第8章の5つで確認する
登録・相談に費用はかかりません（詳細は各社の公式サイトで確認してください）。
電話が不安な方は、登録時の備考欄に「連絡はメール希望」など、希望の連絡方法を書いておくと安心です。
〈まずはここから〉
この職種に強い提携先は、診断で条件から絞り込みます。まず条件を整理したい方は、こちらから（30秒）
▶ 自分に合う転職サービスを30秒で診断（LINE・無料）
https://career-line-bot.career-line-bot.workers.dev/l/note-m50

■ まとめ
・スポーツ分野は求人が少なく、応募のタイミングが大切
・急性期の運動器リハ経験は、評価されやすい
・勉強会などの自己研鑽の文化を、入職前に確認する
迷ったら、まず30秒の診断から。
▶ 自分に合う転職サービスを30秒で診断（LINE・無料）
https://career-line-bot.career-line-bot.workers.dev/l/note-m50

■ 出典・注記
この記事は想定事例です。時間割・エピソードを含め、相談事例をもとに設定した例で、実在の特定の方の話ではありません。実際の年収・条件は、会社・評価・経験によって変わります。

次回は、「回復期病院→精神科デイケア」の話を書きます。マガジンをフォローしておくと届きます。",2360,"【PR】スポーツの現場に関わりたい…

PTがスポーツ分野へ 人気求人の探し方
年収440万→431万。やりたい分野へ

急性期病院→スポーツ整形外科クリニックの話を、数字ごとnoteに書きました。
▼ コメント欄へ","noteはこちら → 【noteのURL】
（PR）30秒診断（LINE・無料）→ https://career-line-bot.career-line-bot.workers.dev/l/note-m50","・モデルケース：想定事例と明記
・PTの平均年収443.6万円（令和7年調査）は指示書メモの数字。出典確認
・PT/OT/ST特化の提携先がない。LINE診断のみで誘導",下書き
51,医療福祉,モデルケース,【転職体験記No.51】回復期病院→精神科デイケア ＜「OTになった理由を、最近ちょっと忘れかけてるんです」36歳＞,OTが精神科に行くとどうなる？身体領域からの転向組のリアルと、年収の変化【転職体験記No.51】,回復期10年の作業療法士が、“生活を支える”仕事に戻った理由。年収は下がったけど納得した話,OTになった理由を忘れかけてる…,"OTが精神科デイケアへ
身体領域からの転向組のリアル",年収450万→388万。納得感は大きい,"0. PR表記／導入／共感3つ／★CTA①（LINE診断）
こんな悩み、ありませんか？
1. プロフィールと、動いた理由
2. 条件を、並べてみる
3. 精神科デイケアを選んだ理由
4. 精神科デイケアの1日（想定）
5. 入ってから「聞いていなかった」となりやすい3つ
6. 1年後のリアル
7. この事例から持ち帰れる5つ
8. 面談・面接で、必ず聞く5つ
9. 作業療法士が、精神科への転向を考えるなら（PR）
まとめ
出典・注記
（3と4の間に★CTA②／最後にCTA③）","※本記事にはアフィリエイト広告（PR）を含みます（第9章に明記）。
※この記事は、複数の相談事例をもとにした想定ケース（モデルケース）です。実在の特定の方の話ではありません。

「OTになった理由を、最近ちょっと忘れかけてるんです」。回復期で10年働いてきた36歳の作業療法士さんでした。

■ こんな悩み、ありませんか？
✔身体領域一筋で、マンネリを感じている
✔精神科に興味はあるけど、未経験で不安
✔OTらしい関わりができる職場を探したい

この記事でわかるのは、①精神科OTの年収と、働き方の違い、②入ってから「聞いていなかった」となりやすい3つ、③面談・面接で聞く5つ、の3点です。

▼ 先に結論だけ知りたい方へ（PR）
LINE診断（5問・30秒）で、職種・年代・年収・重視すること・時期から、条件に合うサービスを2つに絞れます。
▶ 自分に合う転職サービスを30秒で診断（無料）（LINE診断）
https://career-line-bot.career-line-bot.workers.dev/l/note-m51

■ 1. プロフィールと、動いた理由
36歳の作業療法士さん。身体障害領域で10年働いてきましたが、精神科の実習で感じた“生活を支える”OTの面白さを、ふと思い出しました。

■ 2. 条件を、並べてみる
・前職：回復期病院 年収450万円
・転職後：精神科デイケア 年収388万円
・基本給：220,000円
・資格手当：15,000円
・処遇改善・職務手当：15,000円
・時間外手当：5,000円
・住宅・扶養手当：10,000円
・月給：265,000円
・賞与：年700,000円
・年収差：−62万円
※内訳は目安です。地域や法人によって、月収は20万円台前半〜30万円超まで幅があります。

■ 3. 精神科デイケアを選んだ理由
精神科OTの月収は20〜25万円が相場で、全体平均（約28万円）よりやや低めです。地域差が大きく、30万円超の求人も存在します。

▼ 同じ条件で、いま求人が出るか確かめたい方は、こちらから（PR）
▶ 自分に合う転職サービスを30秒で診断（無料）（LINE診断）
https://career-line-bot.career-line-bot.workers.dev/l/note-m51

■ 4. 精神科デイケアの1日（想定）
8:45 出勤・その日のプログラムの確認
9:30 利用者の受け入れ・健康チェック
10:00 作業プログラム（軽作業・創作活動）
12:00 昼食・休憩
13:00 心理教育・グループ活動
15:00 個別面談・生活の相談
16:00 記録・カンファレンス
17:15 退勤（土日休み）

■ 5. 入ってから「聞いていなかった」となりやすい3つ
1. 精神的な負担：感情転移や、対人関係の距離の取り方に慣れが必要です
2. 物品管理：自傷リスクのある物品の管理など、安全面のルールがあります
3. 年収の動き：身体領域より、やや下がることがあります

■ 6. 1年後のリアル
【想定】年収は下がりましたが、「OTになった理由を思い出せた」という納得感が大きいです。最初の半年は、利用者さんとの距離感に悩みましたが、先輩に相談しながら少しずつ慣れています。

■ 7. この事例から持ち帰れる5つ
身体領域から精神科への転向は、珍しくありません。感情転移への対応や、自傷リスクのある物品管理など、身体領域とは異なる精神的負担があります。
1. 身体領域から精神科への転向は、珍しくない
2. 年収は下がるが、納得感で選ぶ人がいる
3. 精神科は、精神的な負担の質が違う
4. 地域や法人による給与の差が大きい
5. 先輩に相談できる環境かを確認する

■ 8. 面談・面接で、必ず聞く5つ
1. 身体領域から転向した先輩の有無
2. 1日のプログラムの構成と、OTの役割
3. 利用者さんの疾患・人数と、スタッフの人数
4. 安全管理・物品管理のルール
5. 残業・休日の実態

■ 9. 作業療法士が、精神科への転向を考えるなら（PR）
精神科領域は、OTの専門性がいちばん活きる分野のひとつです。給与はやや下がる傾向もありますが、未経験からの転向も珍しくありません↓
【読まなくていい人】今の領域に満足している方／年収ダウンを避けたい方
【読んでほしい人】身体領域から、精神科への転向を考えているOTの方
〈登録の流れ〉
① 「やりたい支援」と「年収の下限」を決める
② 下のLINE診断で条件を整理し、求人サイトやエージェントには条件をそのまま伝える
③ 出てきた求人を、第8章の5つで確認する
登録・相談に費用はかかりません（詳細は各社の公式サイトで確認してください）。
電話が不安な方は、登録時の備考欄に「連絡はメール希望」など、希望の連絡方法を書いておくと安心です。
〈まずはここから〉
この職種に強い提携先は、診断で条件から絞り込みます。まず条件を整理したい方は、こちらから（30秒）
▶ 自分に合う転職サービスを30秒で診断（LINE・無料）
https://career-line-bot.career-line-bot.workers.dev/l/note-m51

■ まとめ
・身体領域から精神科への転向は、珍しくない
・年収は下がるが、納得感を優先する人も多い
・精神的な負担と、相談できる環境を、入職前に確認する
迷ったら、まず30秒の診断から。
▶ 自分に合う転職サービスを30秒で診断（LINE・無料）
https://career-line-bot.career-line-bot.workers.dev/l/note-m51

■ 出典・注記
この記事は想定事例です。時間割・エピソードを含め、相談事例をもとに設定した例で、実在の特定の方の話ではありません。実際の年収・条件は、会社・評価・経験によって変わります。

次回は、「言語聴覚士（回復期病院）→訪問看護ステーション（訪問ST）」の話を書きます。マガジンをフォローしておくと届きます。",2303,"【PR】OTになった理由を忘れかけてる…

OTが精神科デイケアへ 身体領域からの転向組のリアル
年収450万→388万。納得感は大きい

回復期病院→精神科デイケアの話を、数字ごとnoteに書きました。
▼ コメント欄へ","noteはこちら → 【noteのURL】
（PR）30秒診断（LINE・無料）→ https://career-line-bot.career-line-bot.workers.dev/l/note-m51","・モデルケース：想定事例と明記
・精神科OTの月収相場・全体平均は指示書メモ・ネタ帳の数字。出典確認
・年収ダウンと精神的負担を隠さず書く",下書き
52,医療福祉,モデルケース,【転職体験記No.52】言語聴覚士（回復期病院）→訪問看護ステーション（訪問ST） ＜「退院したあと、あの患者さんがちゃんと食べられてるか、ずっと気になるんです」38歳＞,STは売り手市場。急性期・回復期→訪問へのキャリアチェンジと、一人職場を避ける事業所の選び方【転職体験記No.52】,退院後の生活まで関わりたい38歳STが選んだ、複数ST在籍の事業所,退院後の生活が、ずっと気になる…,"STは売り手市場
回復期→訪問STへ",年収460万→476万。一人職場を避けた,"0. PR表記／導入／共感3つ／★CTA①（LINE診断）
こんな悩み、ありませんか？
1. プロフィールと、動いた理由
2. 条件を、並べてみる
3. 複数STが在籍する事業所を選んだ
4. 訪問STの1日（想定）
5. 入ってから「聞いていなかった」となりやすい3つ
6. 1年後のリアル
7. この事例から持ち帰れる5つ
8. 面談・面接で、必ず聞く5つ
9. 言語聴覚士が、訪問STへの転職を考えるなら（PR）
まとめ
出典・注記
（3と4の間に★CTA②／最後にCTA③）","※本記事にはアフィリエイト広告（PR）を含みます（第9章に明記）。
※この記事は、複数の相談事例をもとにした想定ケース（モデルケース）です。実在の特定の方の話ではありません。

「退院したあと、あの患者さんがちゃんと食べられてるか、ずっと気になるんです」。回復期で働く38歳の言語聴覚士さんでした。

■ こんな悩み、ありませんか？
✔退院後の生活まで関われないもどかしさがある
✔年収が伸び悩んでいる
✔訪問に興味はあるけど、一人で回るのが不安

この記事でわかるのは、①訪問STの働き方と、一人職場を避ける方法、②入ってから「聞いていなかった」となりやすい3つ、③面談・面接で聞く5つ、の3点です。

▼ 先に結論だけ知りたい方へ（PR）
LINE診断（5問・30秒）で、職種・年代・年収・重視すること・時期から、条件に合うサービスを2つに絞れます。
▶ 自分に合う転職サービスを30秒で診断（無料）（LINE診断）
https://career-line-bot.career-line-bot.workers.dev/l/note-m52

■ 1. プロフィールと、動いた理由
38歳の言語聴覚士さん。回復期病院で働き、退院後の生活まで関われないもどかしさを感じていました。年収も伸び悩んでいました。

■ 2. 条件を、並べてみる
・前職：回復期病院 年収460万円
・転職後：訪問看護ステーション（訪問ST）年収476万円
・基本給：280,000円
・資格手当：15,000円
・処遇改善・職務手当：40,000円
・時間外手当：5,000円
・住宅・扶養手当：15,000円
・月給：355,000円
・賞与：年500,000円
・年収差：+16万円
※訪問STは、一人職場も多くあります。複数STが在籍する事業所を選ぶことで、相談環境を確保できます。2024年度の介護報酬改定で、リハ職の訪問看護に減算ルールが導入されており、働き方に一部影響があります。

■ 3. 複数STが在籍する事業所を選んだ
STの有効求人倍率は4.16倍で、全職種平均の1.29倍より高い水準です。有資格者数はPT14.2万人・OT11.8万人に対し、ST4.3万人と少なく、需要に対して人材が不足しています。複数STが在籍する事業所を選びました。

▼ 同じ条件で、いま求人が出るか確かめたい方は、こちらから（PR）
▶ 自分に合う転職サービスを30秒で診断（無料）（LINE診断）
https://career-line-bot.career-line-bot.workers.dev/l/note-m52

■ 4. 訪問STの1日（想定）
8:30 出勤・その日の訪問予定の確認
9:00 1件目（自宅で嚥下・食事の訓練）
10:30 2件目（言語訓練・家族への指導）
12:00 休憩・移動
13:00 3件目
14:30 4件目
16:00 記録・ケアマネや医師への報告
17:30 退勤

■ 5. 入ってから「聞いていなかった」となりやすい3つ
1. 一人職場のリスク：相談できる先輩STがいるかを確認します
2. 移動手段：車での移動が多く、運転が前提になります
3. 減算ルールの影響：2024年度改定で、訪問件数の考え方が変わっています

■ 6. 1年後のリアル
【想定】退院後の生活に関われる実感があり、患者さんが自宅で食事をとれている姿を見られることに、やりがいを感じています。年収はほぼ横ばいで、複数STがいる環境のため、相談しながら進められています。

■ 7. この事例から持ち帰れる5つ
STは、母数が少なく、領域を選びやすい職種です。在宅で生活に近い支援をしたい人には、訪問STが選択肢になります。
1. STは売り手市場。領域の選択肢が広い
2. 訪問STは、生活に近い支援ができる
3. 複数STが在籍する事業所を選ぶと、相談環境が確保できる
4. 2024年度の減算ルールは、事業所に確認する
5. 年収は、領域を変えても大きく変わらないことがある

■ 8. 面談・面接で、必ず聞く5つ
1. 在籍しているSTの人数と、相談できる体制
2. 1日の訪問件数と、移動手段
3. 2024年度改定への対応（減算ルール）
4. 研修・教育体制
5. 直行直帰の可否

■ 9. 言語聴覚士が、訪問STへの転職を考えるなら（PR）
STは全国的に人手不足で、どの分野でも求められています。「先輩が多い」事業所を選べば、一人で抱え込まずに働けます。条件で絞って探してみてください↓
【読まなくていい人】今の病院の働き方に満足している方／運転が難しい方
【読んでほしい人】退院後の生活まで関わりたいSTの方
〈登録の流れ〉
① 「相談できるSTの人数」と「1日の件数の上限」を決める
② 下のLINE診断で条件を整理し、求人サイトやエージェントには条件をそのまま伝える
③ 出てきた求人を、第8章の5つで確認する
登録・相談に費用はかかりません（詳細は各社の公式サイトで確認してください）。
電話が不安な方は、登録時の備考欄に「連絡はメール希望」など、希望の連絡方法を書いておくと安心です。
〈まずはここから〉
この職種に強い提携先は、診断で条件から絞り込みます。まず条件を整理したい方は、こちらから（30秒）
▶ 自分に合う転職サービスを30秒で診断（LINE・無料）
https://career-line-bot.career-line-bot.workers.dev/l/note-m52

■ まとめ
・STは売り手市場。訪問という選択肢もある
・複数ST在籍の事業所で、相談環境を確保する
・減算ルールと移動手段を、入職前に確認する
迷ったら、まず30秒の診断から。
▶ 自分に合う転職サービスを30秒で診断（LINE・無料）
https://career-line-bot.career-line-bot.workers.dev/l/note-m52

■ 出典・注記
この記事は想定事例です。時間割・エピソードを含め、相談事例をもとに設定した例で、実在の特定の方の話ではありません。実際の年収・条件は、会社・評価・経験によって変わります。

次回は、「回復期病院（残業・土曜出勤あり）→デイサービス（機能訓練指導員）」の話を書きます。マガジンをフォローしておくと届きます。",2412,"【PR】退院後の生活が、ずっと気になる…

STは売り手市場 回復期→訪問STへ
年収460万→476万。一人職場を避けた

言語聴覚士（回復期病院）→訪問看護ステーション（訪問ST）の話を、数字ごとnoteに書きました。
▼ コメント欄へ","noteはこちら → 【noteのURL】
（PR）30秒診断（LINE・無料）→ https://career-line-bot.career-line-bot.workers.dev/l/note-m52","・モデルケース：想定事例と明記
・STの有効求人倍率4.16倍・有資格者数は指示書メモ・ネタ帳の数字。出典確認
・2024年度介護報酬改定の減算ルールは、最新を確認して記載",下書き
53,医療福祉,モデルケース,【転職体験記No.53】回復期病院（残業・土曜出勤あり）→デイサービス（機能訓練指導員） ＜「子どもに『パパいつ帰ってくるの？』って聞かれるたび、『もうすぐ』って嘘をついてました」35歳＞,PTの「病院以外」の選択肢。デイの機能訓練指導員って実際どう？【転職体験記No.53】,定時17時・残業なし。年収は36万円下がったけど、子どもと毎日夕飯を食べられる35歳PTの選択,パパ、いつ帰ってくるの？,"PTの「病院以外」の選択肢
デイの機能訓練指導員",年収440万→404万。定時で帰れる,"0. PR表記／導入／共感3つ／★CTA①（LINE診断）
こんな悩み、ありませんか？
1. プロフィールと、動いた理由
2. 条件を、並べてみる
3. デイの機能訓練指導員（常勤）を選んだ理由
4. デイサービス（機能訓練指導員）の1日（想定）
5. 入ってから「聞いていなかった」となりやすい3つ
6. 1年後のリアル
7. この事例から持ち帰れる5つ
8. 面談・面接で、必ず聞く5つ
9. 理学療法士が、病院以外の働き方を考えるなら（PR）
まとめ
出典・注記
（3と4の間に★CTA②／最後にCTA③）","※本記事にはアフィリエイト広告（PR）を含みます（第9章に明記）。
※この記事は、複数の相談事例をもとにした想定ケース（モデルケース）です。実在の特定の方の話ではありません。

「子どもに『パパいつ帰ってくるの？』って聞かれるたび、『もうすぐ』って嘘をついてました」。回復期で働く35歳の理学療法士さんでした。

■ こんな悩み、ありませんか？
✔土曜出勤や勉強会で、家族との時間が取れない
✔病院以外で働くPTのイメージが湧かない
✔年収は下げたくない

この記事でわかるのは、①デイの機能訓練指導員の働き方と、年収、②入ってから「聞いていなかった」となりやすい3つ、③面談・面接で聞く5つ、の3点です。

▼ 先に結論だけ知りたい方へ（PR）
LINE診断（5問・30秒）で、職種・年代・年収・重視すること・時期から、条件に合うサービスを2つに絞れます。
▶ 自分に合う転職サービスを30秒で診断（無料）（LINE診断）
https://career-line-bot.career-line-bot.workers.dev/l/note-m53

■ 1. プロフィールと、動いた理由
35歳の理学療法士さん。2人目が生まれ、土曜出勤と勉強会が負担に。「子どもに『パパいつ帰ってくるの？』と聞かれるたび、『もうすぐ』と嘘をついていた」と話されました。

■ 2. 条件を、並べてみる
・前職：回復期病院（残業・土曜出勤あり）年収440万円
・転職後：デイサービス（機能訓練指導員）年収404万円
・基本給：250,000円
・資格手当：15,000円
・処遇改善・職務手当：15,000円
・住宅・扶養手当：15,000円
・月給：295,000円
・賞与：年500,000円
・年収差：−36万円
※単位ノルマがなく、残業は少なめです。一方で、個別介入時間が短く、臨床的な物足りなさを感じやすい点があります。

■ 3. デイの機能訓練指導員（常勤）を選んだ理由
デイの機能訓練指導員（常勤）の平均月収は約35万5,720円で、病院勤務との差はさほど大きくありません。ただし、夜勤手当がない分、個別事情で下がることがあります。

▼ 同じ条件で、いま求人が出るか確かめたい方は、こちらから（PR）
▶ 自分に合う転職サービスを30秒で診断（無料）（LINE診断）
https://career-line-bot.career-line-bot.workers.dev/l/note-m53

■ 4. デイサービス（機能訓練指導員）の1日（想定）
8:30 出勤・朝礼・その日の利用者の確認
9:00 送迎の対応・バイタル確認
10:00 個別機能訓練（1人20分）
11:30 集団体操・レクの補助
12:30 昼食の見守り・休憩
14:00 個別機能訓練・計画書の作成
15:30 おやつ・送迎の準備
17:00 退勤（残業なし）

■ 5. 入ってから「聞いていなかった」となりやすい3つ
1. 介護業務の兼務：送迎・レク・食事の見守りが入ります
2. 臨床の物足りなさ：個別介入の時間が短く、専門性を活かしきれないと感じることがあります
3. 年収の動き：夜勤・時間外手当がなくなり、下がる場合があります

■ 6. 1年後のリアル
【想定】残業がほぼゼロになり、子どもとの夕食が日課になりました。臨床的な物足りなさはありますが、今のフェーズでは正解だったと感じています。勉強会は、自分のペースで参加しています。

■ 7. この事例から持ち帰れる5つ
デイの機能訓練指導員は、定時で帰れる働き方の代表格です。送迎やレクなど、介護業務の兼務が発生することも、あらかじめ知っておく点です。
1. PTの「病院以外」の選択肢に、デイの機能訓練指導員がある
2. 定時で帰れ、単位ノルマがない
3. 年収は下がることがある。数字で確認する
4. 介護業務の兼務が入ることを知っておく
5. 家族の時期に合わせて、働き方を選ぶ

■ 8. 面談・面接で、必ず聞く5つ
1. 1日の個別機能訓練の人数と、時間
2. 送迎・レクなどの介護業務の割合
3. 残業・休日の実態
4. 機能訓練指導員の人数と、相談できる体制
5. 賞与の支給実績

■ 9. 理学療法士が、病院以外の働き方を考えるなら（PR）
PTの働き先は、病院だけではありません。デイサービスの機能訓練指導員は、給与水準を保ちながら定時で帰れる代表的な選択肢です↓
【読まなくていい人】今の病院の働き方に満足している方／臨床の専門性を優先したい方
【読んでほしい人】家族との時間を優先して、定時で帰れる働き方を探している方
〈登録の流れ〉
① 「定時」「年収の下限」「介護業務の許容」を決める
② 下のLINE診断で条件を整理し、求人サイトやエージェントには条件をそのまま伝える
③ 出てきた求人を、第8章の5つで確認する
登録・相談に費用はかかりません（詳細は各社の公式サイトで確認してください）。
電話が不安な方は、登録時の備考欄に「連絡はメール希望」など、希望の連絡方法を書いておくと安心です。
〈まずはここから〉
この職種に強い提携先は、診断で条件から絞り込みます。まず条件を整理したい方は、こちらから（30秒）
▶ 自分に合う転職サービスを30秒で診断（LINE・無料）
https://career-line-bot.career-line-bot.workers.dev/l/note-m53

■ まとめ
・PTには、病院以外の働き方（デイなど）がある
・定時で帰れる代わりに、年収と臨床の物足りなさを見込む
・介護業務の兼務の範囲を、入職前に確認する
迷ったら、まず30秒の診断から。
▶ 自分に合う転職サービスを30秒で診断（LINE・無料）
https://career-line-bot.career-line-bot.workers.dev/l/note-m53

■ 出典・注記
この記事は想定事例です。時間割・エピソードを含め、相談事例をもとに設定した例で、実在の特定の方の話ではありません。実際の年収・条件は、会社・評価・経験によって変わります。

次回は、「整形外科クリニックのPT→医療機器メーカー（営業）」の話を書きます。マガジンをフォローしておくと届きます。",2386,"【PR】パパ、いつ帰ってくるの？

PTの「病院以外」の選択肢 デイの機能訓練指導員
年収440万→404万。定時で帰れる

回復期病院（残業・土曜出勤あり）→デイサービス（機能訓練指導員）の話を、数字ごとnoteに書きました。
▼ コメント欄へ","noteはこちら → 【noteのURL】
（PR）30秒診断（LINE・無料）→ https://career-line-bot.career-line-bot.workers.dev/l/note-m53","・モデルケース：想定事例と明記
・機能訓練指導員（常勤）の平均月収は指示書メモ・ネタ帳の数字。出典確認
・臨床的な物足りなさ・介護兼務のデメリットも書く",下書き
54,医療福祉,モデルケース,【転職体験記No.54】整形外科クリニックのPT→医療機器メーカー（営業） ＜「5年目の先輩の給与明細を見て、自分の10年後が見えちゃったんです」27歳＞,PTの異業種転職、実は医療機器営業が王道。臨床経験が武器になる理由と、ノルマとの向き合い方【転職体験記No.54】,年収380万→474万。PTから医療機器営業に移った27歳の、新しい負担も全部書く,10年後の年収が見えた…,"PTの異業種転職、王道は
医療機器営業",年収380万→474万（+94万）,"0. PR表記／導入／共感3つ／★CTA①（LINE診断）
こんな悩み、ありませんか？
1. プロフィールと、動いた理由
2. 条件を、並べてみる
3. 臨床経験3年以上・整形や脳卒中の経験が評価された
4. 医療機器メーカー営業の1日（想定）
5. 入ってから「聞いていなかった」となりやすい3つ
6. 1年後のリアル
7. この事例から持ち帰れる5つ
8. 面談・面接で、必ず聞く5つ
9. PTが、医療機器営業への転職を考えるなら（PR）
まとめ
出典・注記
（3と4の間に★CTA②／最後にCTA③）","※本記事にはアフィリエイト広告（PR）を含みます（第9章に明記）。
※この記事は、複数の相談事例をもとにした想定ケース（モデルケース）です。実在の特定の方の話ではありません。

「5年目の先輩の給与明細を見て、自分の10年後が見えちゃったんです」。整形外科クリニックで働く27歳の理学療法士さんでした。

■ こんな悩み、ありませんか？
✔PTの給与カーブに、将来の不安を感じている
✔臨床以外の道があるのか知りたい
✔資格を“捨てる”ことに抵抗がある

この記事でわかるのは、①医療機器営業の年収と、選考の見られ方、②入ってから「聞いていなかった」となりやすい3つ、③面談・面接で聞く5つ、の3点です。

▼ 先に結論だけ知りたい方へ（PR）
LINE診断（5問・30秒）で、職種・年代・年収・重視すること・時期から、条件に合うサービスを2つに絞れます。
▶ 自分に合う転職サービスを30秒で診断（無料）（LINE診断）
https://career-line-bot.career-line-bot.workers.dev/l/note-m54?job=sales

■ 1. プロフィールと、動いた理由
27歳の理学療法士さん。整形外科クリニックで働いていましたが、5年目の先輩の給与明細を見て、30代で年収が頭打ちになる未来が見えてしまいました。

■ 2. 条件を、並べてみる
・前職：整形外科クリニック 年収380万円
・転職後：医療機器メーカー（営業）年収474万円
・基本給：280,000円
・処遇改善・職務手当：20,000円
・時間外手当：20,000円
・月給：320,000円
・賞与：年900,000円
・年収差：+94万円
※1年後、年収は上がりましたが、ノルマへのプレッシャーは新しい負担として実感しています。臨床スキルは、働くほど落ちていく点も、覚悟しておく点です。

■ 3. 臨床経験3年以上・整形や脳卒中の経験が評価された
医療機器営業の年収は、国内メーカーで450〜600万円、外資系で500〜800万円が目安です。選考では、臨床経験3年以上や、整形外科・脳卒中領域の経験が評価されやすい傾向があります。

▼ 同じ条件で、いま求人が出るか確かめたい方は、こちらから（PR）
▶ 若手ハイクラス向けの転職支援（ASSIGN）
https://px.a8.net/svt/ejp?a8mat=4BC36H+AP7H6A+49JS+BXIYP&a8sns=note
▶ 自分に合う転職サービスを30秒で診断（無料）（LINE診断）
https://career-line-bot.career-line-bot.workers.dev/l/note-m54?job=sales

■ 4. 医療機器メーカー営業の1日（想定）
8:30 出勤・メール・訪問先の確認
9:30 病院・クリニックを訪問（医師・PTと面談）
12:00 移動・昼食
13:00 デモ機の説明・研修の実施
15:00 商談の見積もり・提案書の作成
17:00 社内報告・翌日の準備
18:30 退勤（土日休み）

■ 5. 入ってから「聞いていなかった」となりやすい3つ
1. ノルマの重さ：担当件数や売上の数字を追う感覚が求められます
2. 臨床スキルの低下：現場を離れるため、臨床の感覚は薄れていきます
3. 移動・訪問の量：担当エリアが広い場合、移動時間が長くなります

■ 6. 1年後のリアル
【想定】年収は上がり、土日休みで生活も安定しました。一方で、ノルマへのプレッシャーは、思っていた以上に重いです。臨床の知識が営業で活きる場面も多く、医師やPTと話すのが楽しいです。

■ 7. この事例から持ち帰れる5つ
臨床経験を武器に、医療機器営業へ。「担当件数やノルマを追う感覚」は、入社後に身につける必要があります。
1. PTの異業種転職は、医療機器営業が王道
2. 臨床経験3年以上・整形外科や脳卒中領域の経験が評価される
3. 年収は上がるが、ノルマという新しい負担が生まれる
4. 臨床スキルは、働くほど落ちていく点も覚悟する
5. 臨床の知識を営業の言葉に置き換える

■ 8. 面談・面接で、必ず聞く5つ
1. 臨床経験の年数と、担当した領域
2. 医師・PTとの会話でにじむ現場の理解
3. なぜ営業に移りたいのか、動機の具体性
4. ノルマ・数字への向き合い方
5. コミュニケーションの分かりやすさ

■ 9. PTが、医療機器営業への転職を考えるなら（PR）
PT/OTの異業種転職は、医療機器やヘルスケア企業が王道です。臨床経験は「捨てるもの」ではなく「武器」。ノルマとの向き合い方も含めて、一度話を聞いてみてください↓
【読まなくていい人】今の臨床の仕事に満足している方／ノルマが苦手な方
【読んでほしい人】PTの給与カーブに不安があり、異業種を考えている方
〈登録の流れ〉
① 「臨床経験で強みになること」を3つ書き出す
② 下のリンクから登録し、『医療機器メーカー・未経験可・臨床経験を活かせる営業』をそのまま伝える
③ 出てきた求人を、第8章の5つで確認する
登録・相談に費用はかかりません（詳細は各社の公式サイトで確認してください）。
電話が不安な方は、登録時の備考欄に「連絡はメール希望」など、希望の連絡方法を書いておくと安心です。
〈どちらから動く？〉
今週中に動きたい方 → 専門のエージェントに、条件をそのまま伝える
▶ 若手ハイクラス向けの転職支援（ASSIGN）
https://px.a8.net/svt/ejp?a8mat=4BC36H+AP7H6A+49JS+BXIYP&a8sns=note
▶ 営業・総合型の転職支援（Samurai Job）
https://px.a8.net/svt/ejp?a8mat=4BC9F9+81Y4DU+5VXG+5ZU29&a8sns=note
まず条件を整理したい方 → LINE診断で2つに絞る（30秒）
▶ 自分に合う転職サービスを30秒で診断（LINE・無料）
https://career-line-bot.career-line-bot.workers.dev/l/note-m54?job=sales

■ まとめ
・PTの異業種転職は、医療機器営業が王道
・臨床経験は営業の武器になる。ただし、ノルマの負担も生まれる
・年収の目安と、ノルマの実態を入職前に確認する
迷ったら、まず30秒の診断から。
▶ 自分に合う転職サービスを30秒で診断（LINE・無料）
https://career-line-bot.career-line-bot.workers.dev/l/note-m54?job=sales

■ 出典・注記
この記事は想定事例です。時間割・エピソードを含め、相談事例をもとに設定した例で、実在の特定の方の話ではありません。実際の年収・条件は、会社・評価・経験によって変わります。",2422,"【PR】10年後の年収が見えた…

PTの異業種転職、王道は 医療機器営業
年収380万→474万（+94万）

整形外科クリニックのPT→医療機器メーカー（営業）の話を、数字ごとnoteに書きました。
▼ コメント欄へ","noteはこちら → 【noteのURL】
（PR）30秒診断（LINE・無料）→ https://career-line-bot.career-line-bot.workers.dev/l/note-m54?job=sales
（PR）若手ハイクラス向けの転職支援（ASSIGN）→ https://px.a8.net/svt/ejp?a8mat=4BC36H+AP7H6A+49JS+BXIYP&a8sns=note","・モデルケース：想定事例と明記
・医療機器営業の年収目安（国内450〜600万・外資500〜800万）は指示書メモ・ネタ帳の数字。出典確認
・ノルマ・臨床スキル低下のデメリットも書く",下書き
